batter,p_throws,hr,bbe,barrels,pull_air,air_ev,name,bats,pa,barrel_rate,pull_air_rate,bbe_per_pa,xhr_pa_raw,talent_hr_pa,regression_w
457705,R,0,17,0,2,92.05999999999999,"McCutchen, Andrew",R,33,0.0,0.11764705882352941,0.5151515151515151,0.0010909090909090907,0.024539203878788073,0.221
467793,R,0,13,0,3,90.24285714285715,"Santana, Carlos",L,22,0.0,0.23076923076923078,0.5909090909090909,0.0024545454545454545,0.026066881301785177,0.178
500743,R,0,75,2,7,86.80645161290323,"Rojas, Miguel",R,90,0.02666666666666667,0.09333333333333334,0.8333333333333334,0.014177777777777777,0.021735604277441187,0.556
502054,R,0,3,0,1,104.5,"Pham, Tommy",R,6,0.0,0.3333333333333333,0.5,0.0029999999999999996,0.02984084514478138,0.048
502671,R,7,137,10,16,92.6086956521739,"Goldschmidt, Paul",R,197,0.072992700729927,0.11678832116788321,0.6954314720812182,0.030649746192893394,0.030812124226130062,0.695
506702,R,0,14,0,3,91.53333333333335,"León, Sandy",L,24,0.0,0.21428571428571427,0.5833333333333334,0.00225,0.025709097893530094,0.189
514888,R,12,316,13,58,90.69856115107913,"Altuve, Jose",R,436,0.04113924050632911,0.18354430379746836,0.7247706422018348,0.01953899082568807,0.021397059428294302,0.84
516782,R,1,29,4,2,92.10714285714286,"Marte, Starling",R,42,0.13793103448275862,0.06896551724137931,0.6904761904761905,0.05561904761904762,0.03914523174240009,0.326
518595,R,0,26,3,2,93.4,"d'Arnaud, Travis",R,39,0.11538461538461539,0.07692307692307693,0.6666666666666666,0.045153846153846156,0.035406665629316596,0.302
518692,R,11,315,29,45,94.03485714285713,"Freeman, Freddie",L,439,0.09206349206349207,0.14285714285714285,0.7175398633257403,0.03982915717539863,0.03844575401165812,0.84
519317,R,2,45,8,8,98.25384615384615,"Stanton, Giancarlo",R,66,0.17777777777777778,0.17777777777777778,0.6818181818181818,0.07187878787878786,0.04862398760634934,0.429
521692,R,17,337,34,55,93.8242774566474,"Perez, Salvador",R,454,0.10089020771513353,0.1632047477744807,0.7422907488986784,0.04524229074889868,0.0431174438954662,0.849
542303,R,4,104,7,18,92.72758620689655,"Ozuna, Marcell",R,178,0.0673076923076923,0.17307692307692307,0.5842696629213483,0.024432584269662917,0.026902207366866892,0.634
543309,R,4,83,7,15,91.64782608695653,"Higashioka, Kyle",R,132,0.08433734939759036,0.18072289156626506,0.6287878787878788,0.03253787878787878,0.031969350933672494,0.58
543510,R,7,75,10,9,94.41463414634147,"McCann, James",R,107,0.13333333333333333,0.12,0.7009345794392523,0.05525233644859812,0.04455480353900805,0.556
543760,R,11,289,17,57,90.34563758389261,"Semien, Marcus",R,394,0.058823529411764705,0.1972318339100346,0.733502538071066,0.027413705583756345,0.02806170245795648,0.828
543807,R,11,257,18,35,93.2126050420168,"Springer, George",R,358,0.07003891050583658,0.13618677042801555,0.7178770949720671,0.030670391061452515,0.030767393523389662,0.811
543877,R,6,147,3,14,88.53235294117647,"Vázquez, Christian",R,203,0.02040816326530612,0.09523809523809523,0.7241379310344828,0.009738916256157634,0.015954560066552652,0.71
545121,R,3,260,4,49,90.12105263157895,"Vargas, Ildemaro",L,316,0.015384615384615385,0.18846153846153846,0.8227848101265823,0.010069620253164558,0.014028357843575038,0.812
545341,R,4,78,4,11,95.31515151515151,"Grichuk, Randal",R,102,0.05128205128205128,0.14102564102564102,0.7647058823529411,0.02449019607843137,0.02740006187129619,0.565
545361,R,16,246,40,38,94.62167832167832,"Trout, Mike",R,457,0.16260162601626016,0.15447154471544716,0.5382932166301969,0.05182494529540481,0.04777748296336866,0.804
547180,R,25,277,34,36,94.74557823129253,"Harper, Bryce",L,425,0.12274368231046931,0.1299638989169675,0.6517647058823529,0.047524705882352934,0.044615183304252196,0.822
553869,R,1,90,2,11,92.94,"Díaz, Elias",R,132,0.022222222222222223,0.12222222222222222,0.6818181818181818,0.01021212121212121,0.018600427688080907,0.6
553993,R,20,205,25,41,93.09741379310344,"Suárez, Eugenio",R,369,0.12195121951219512,0.2,0.5555555555555556,0.04095663956639566,0.03874371454804656,0.774
571448,R,20,305,20,66,88.68513513513513,"Arenado, Nolan",R,442,0.06557377049180328,0.21639344262295082,0.6900452488687783,0.028705882352941175,0.02911306126511859,0.836
571657,R,0,6,1,3,92.175,"Farmer, Kyle",R,8,0.16666666666666666,0.5,0.75,0.07862499999999999,0.0354958067291095,0.091
571771,R,2,29,2,2,97.13333333333333,"Hernández, Enrique",R,41,0.06896551724137931,0.06896551724137931,0.7073170731707317,0.028926829268292677,0.030447767335974322,0.326
571912,R,0,10,0,0,88.625,"Maile, Luke",R,17,0.0,0.0,0.5882352941176471,0.0,0.026728189201731818,0.143
571945,R,0,1,0,0,,"Mikolas, Miles",R,1,0.0,0.0,1.0,0.0,0.030671692526577494,0.016
571970,R,22,267,35,50,96.14407894736841,"Muncy, Max",L,427,0.13108614232209737,0.18726591760299627,0.6252927400468384,0.04923887587822014,0.04592585046974313,0.817
572233,R,23,335,34,44,91.89127906976744,"Walker, Christian",R,490,0.10149253731343283,0.13134328358208955,0.6836734693877551,0.041514285714285705,0.039944959388371996,0.848
573262,R,11,244,18,43,93.74307692307693,"Yastrzemski, Mike",L,368,0.07377049180327869,0.1762295081967213,0.6630434782608695,0.030228260869565208,0.03041667400097085,0.803
575929,R,19,226,27,40,94.9146551724138,"Contreras, Willson",R,390,0.11946902654867257,0.17699115044247787,0.5794871794871795,0.04165384615384615,0.039457141520596005,0.79
592206,R,3,59,4,15,92.09210526315789,"Castellanos, Nick",R,88,0.06779661016949153,0.2542372881355932,0.6704545454545454,0.02920454545454545,0.030202028789406796,0.496
592450,R,12,112,23,12,99.7,"Judge, Aaron",R,204,0.20535714285714285,0.10714285714285714,0.5490196078431373,0.06588725490196078,0.05378108019267927,0.651
592518,R,25,344,32,48,94.73296089385475,"Machado, Manny",R,518,0.09302325581395349,0.13953488372093023,0.6640926640926641,0.03718918918918918,0.036297164171292834,0.851
592626,R,25,258,29,40,95.76764705882353,"Pederson, Joc",L,397,0.1124031007751938,0.15503875968992248,0.6498740554156172,0.043816120906801,0.04143249194363486,0.811
592663,R,9,233,16,31,93.95603448275861,"Realmuto, J.T.",R,345,0.06866952789699571,0.13304721030042918,0.6753623188405797,0.02828405797101449,0.028877674919343357,0.795
592885,R,10,226,24,14,93.3969387755102,"Yelich, Christian",L,372,0.10619469026548672,0.061946902654867256,0.6075268817204301,0.0377741935483871,0.03639140204914934,0.79
593428,R,12,295,20,45,94.34307692307692,"Bogaerts, Xander",R,450,0.06779661016949153,0.15254237288135594,0.6555555555555556,0.027355555555555553,0.028002428543690464,0.831
593871,R,2,78,2,21,92.89999999999999,"Polanco, Jorge",L,113,0.02564102564102564,0.2692307692307692,0.6902654867256637,0.013522123893805306,0.021200716723464068,0.565
595879,R,1,100,1,17,88.1051282051282,"Báez, Javier",R,137,0.01,0.17,0.7299270072992701,0.0064306569343065695,0.015712743359699275,0.625
595978,R,3,79,4,13,88.88571428571429,"Hedges, Austin",R,118,0.05063291139240506,0.16455696202531644,0.6694915254237288,0.02147457627118644,0.02566521416938817,0.568
596019,R,15,208,21,44,95.20569105691057,"Lindor, Francisco",L,316,0.10096153846153846,0.21153846153846154,0.6582278481012658,0.040718354430379744,0.03858354837925453,0.776
596103,R,0,6,0,0,,"Slater, Austin",R,9,0.0,0.0,0.6666666666666666,0.0,0.02834807945638223,0.091
596115,R,4,124,7,17,93.05471698113207,"Story, Trevor",R,190,0.056451612903225805,0.13709677419354838,0.6526315789473685,0.022794736842105263,0.02553000332903413,0.674
596117,R,0,41,0,5,86.86111111111111,"Stubbs, Garrett",L,57,0.0,0.12195121951219512,0.7192982456140351,0.0015789473684210526,0.01916544639828208,0.406
596142,R,7,87,8,12,93.99,"Sánchez, Gary",R,153,0.09195402298850575,0.13793103448275862,0.5686274509803921,0.03147712418300653,0.031357027537706084,0.592
596146,R,2,93,7,21,91.774,"Kepler, Max",L,133,0.07526881720430108,0.22580645161290322,0.6992481203007519,0.033105263157894735,0.03235139031245384,0.608
600869,R,0,8,0,2,93.36,"Candelario, Jeimer",L,13,0.0,0.25,0.6153846153846154,0.002769230769230769,0.027840104268751074,0.118
602104,R,0,43,1,6,90.94444444444444,"Urías, Ramón",R,60,0.023255813953488372,0.13953488372093023,0.7166666666666667,0.01138333333333333,0.022917054150044275,0.417
605137,R,15,293,32,46,95.40070921985816,"Bell, Josh",L,423,0.10921501706484642,0.15699658703071673,0.6926713947990544,0.04545626477541371,0.04303019496690494,0.83
605141,R,15,281,19,60,92.87,"Betts, Mookie",R,358,0.06761565836298933,0.21352313167259787,0.7849162011173184,0.03353351955307262,0.033119918588078105,0.824
605170,R,5,187,10,20,92.79176470588236,"Caratini, Victor",L,257,0.053475935828877004,0.10695187165775401,0.7276264591439688,0.023774319066147857,0.025573971293485327,0.757
605244,R,0,10,0,3,89.01428571428572,"Garcia, Aramis",R,16,0.0,0.3,0.625,0.0033749999999999995,0.027210332058874676,0.143
605353,R,0,3,0,1,101.6,"Machín, Vimael",L,4,0.0,0.3333333333333333,0.75,0.0045,0.029912273716209952,0.048
606115,R,0,25,0,2,90.86666666666666,"Arcia, Orlando",R,30,0.0,0.08,0.8333333333333334,0.0012,0.022364391107308552,0.294
606192,R,9,211,20,19,94.26530612244898,"Hernández, Teoscar",R,338,0.0947867298578199,0.09004739336492891,0.6242603550295858,0.03503550295857988,0.03418252534458148,0.779
606466,R,13,354,30,58,91.92983425414364,"Marte, Ketel",L,469,0.0847457627118644,0.1638418079096045,0.7547974413646056,0.03900639658848614,0.037872554677404156,0.855
606992,R,4,35,6,3,94.74,"Haase, Eric",R,56,0.17142857142857143,0.08571428571428572,0.625,0.06257142857142856,0.04274708678022343,0.368
607043,R,9,299,33,44,96.30179640718562,"Nimmo, Brandon",L,452,0.11036789297658862,0.14715719063545152,0.661504424778761,0.04373230088495575,0.04163490587388021,0.833
607208,R,16,329,19,38,91.53018867924528,"Turner, Trea",R,465,0.057750759878419454,0.11550151975683891,0.7075268817204301,0.02496559139784946,0.025924557362503084,0.846
608070,R,7,278,10,78,91.18104575163399,"Ramírez, José",L,380,0.03597122302158273,0.2805755395683453,0.7315789473684211,0.018826315789473684,0.02101979004022163,0.822
608324,R,21,386,25,74,92.13385416666667,"Bregman, Alex",R,524,0.06476683937823834,0.19170984455958548,0.7366412213740458,0.029975190839694653,0.03013766122924521,0.865
608348,R,4,213,6,33,90.12765957446808,"Kelly, Carson",R,289,0.028169014084507043,0.15492957746478872,0.7370242214532872,0.013993079584775086,0.017771059324829013,0.78
608369,R,13,192,29,26,96.399,"Seager, Corey",L,290,0.15104166666666666,0.13541666666666666,0.6620689655172414,0.05911379310344827,0.05246357746025117,0.762
608701,R,0,14,0,5,91.39,"Refsnyder, Rob",R,21,0.0,0.35714285714285715,0.6666666666666666,0.004285714285714285,0.026094233028665228,0.189
608841,R,0,5,0,0,91.4,"Meneses, Joey",R,9,0.0,0.0,0.5555555555555556,0.0,0.028784203755711186,0.077
609280,R,4,137,6,21,93.7578947368421,"Andujar, Miguel",R,173,0.043795620437956206,0.15328467153284672,0.791907514450867,0.022127167630057804,0.024885254870249472,0.695
620443,R,5,136,8,10,93.14310344827587,"Torrens, Luis",R,194,0.058823529411764705,0.07352941176470588,0.7010309278350515,0.024639175257731953,0.026642352444759043,0.694
621020,R,13,228,17,44,93.79115044247787,"Swanson, Dansby",R,347,0.07456140350877193,0.19298245614035087,0.6570605187319885,0.03045244956772334,0.03060462411653524,0.792
621043,R,0,63,5,11,94.06451612903226,"Correa, Carlos",R,93,0.07936507936507936,0.1746031746031746,0.6774193548387096,0.03304301075268816,0.03213563350846001,0.512
621438,R,5,92,9,19,89.9191489361702,"Taylor, Tyrone",R,124,0.09782608695652174,0.20652173913043478,0.7419354838709677,0.04449193548387097,0.03923836387261419,0.605
621439,R,21,196,28,31,94.85238095238095,"Buxton, Byron",R,293,0.14285714285714285,0.15816326530612246,0.6689419795221843,0.0568532423208191,0.050836752886725664,0.766
621493,R,3,251,10,29,92.32769230769232,"Ward, Taylor",R,414,0.0398406374501992,0.11553784860557768,0.606280193236715,0.015149758454106278,0.01824296661126014,0.807
621550,R,1,16,5,4,97.17272727272729,"Wisdom, Patrick",R,26,0.3125,0.25,0.6153846153846154,0.11334615384615386,0.04848041717973275,0.211
621566,R,25,272,42,43,98.02745098039216,"Olson, Matt",L,418,0.15441176470588236,0.15808823529411764,0.6507177033492823,0.0596267942583732,0.05448632916385162,0.819
622268,R,8,170,9,35,90.91808510638297,"Walton, Donovan",L,248,0.052941176470588235,0.20588235294117646,0.6854838709677419,0.023407258064516122,0.025435683109082466,0.739
622761,R,3,82,9,8,93.1875,"Mateo, Jorge",R,132,0.10975609756097561,0.0975609756097561,0.6212121212121212,0.040295454545454544,0.03644507406231338,0.577
623168,R,1,112,1,23,83.20425531914893,"Heineman, Tyler",L,145,0.008928571428571428,0.20535714285714285,0.7724137931034483,0.006820689655172412,0.015319130729654285,0.651
623205,R,0,10,0,2,92.525,"Velazquez, Andrew",L,11,0.0,0.2,0.9090909090909091,0.0032727272727272726,0.027195721669264285,0.143
624413,R,34,299,46,31,96.89166666666667,"Alonso, Pete",R,487,0.15384615384615385,0.10367892976588629,0.6139630390143738,0.05545790554414785,0.05140079944797057,0.833
624424,R,13,185,20,51,93.40185185185184,"Conforto, Michael",L,304,0.10810810810810811,0.2756756756756757,0.6085526315789473,0.04084868421052631,0.03848155029823916,0.755
624428,R,1,80,2,14,87.18780487804878,"Frazier, Adam",L,126,0.025,0.175,0.6349206349206349,0.011126984126984126,0.01972237124485684,0.571
624431,R,5,91,3,11,90.83421052631579,"Trevino, Jose",R,116,0.03296703296703297,0.12087912087912088,0.7844827586206896,0.01657758620689655,0.022381017145356376,0.603
624512,R,0,20,0,3,75.67777777777778,"McGuire, Reese",L,31,0.0,0.15,0.6451612903225806,0.0017419354838709676,0.02382264942248308,0.25
624585,R,10,147,18,26,93.92162162162163,"Soler, Jorge",R,267,0.12244897959183673,0.17687074829931973,0.550561797752809,0.040516853932584265,0.037811356387493306,0.71
624641,R,3,83,6,8,92.88684210526316,"Sosa, Edmundo",R,112,0.07228915662650602,0.0963855421686747,0.7410714285714286,0.03208928571428571,0.031708978730118464,0.58
628451,R,0,1,0,0,,"Ibáñez, Andy",R,2,0.0,0.0,0.5,0.0,0.030671692526577494,0.016
630105,R,6,213,11,16,90.71649484536083,"Cronenworth, Jake",L,334,0.051643192488262914,0.07511737089201878,0.6377245508982036,0.01979940119760479,0.022301266297476363,0.78
640459,R,0,14,0,1,93.2,"Navarreto, Brian",R,23,0.0,0.07142857142857142,0.6086956521739131,0.000782608695652174,0.025431483322437262,0.189
640492,R,0,4,0,0,90.2,"Azócar, José",R,6,0.0,0.0,0.6666666666666666,0.0,0.029233956939394172,0.062
640902,R,1,49,1,8,92.83200000000001,"Pereda, Jhonny",R,67,0.02040816326530612,0.16326530612244897,0.7313432835820896,0.01073134328358209,0.021989073990979355,0.45
641343,R,18,224,33,30,96.78294573643412,"Bauers, Jake",L,418,0.14732142857142858,0.13392857142857142,0.5358851674641149,0.04668660287081339,0.04341117002529375,0.789
641355,R,12,257,21,44,92.92083333333333,"Bellinger, Cody",L,363,0.08171206225680934,0.17120622568093385,0.7079889807162535,0.03544628099173554,0.03463932952365066,0.811
641487,R,11,216,14,31,92.37596153846154,"Crawford, J.P.",L,327,0.06481481481481481,0.14351851851851852,0.6605504587155964,0.026324159021406727,0.027380404321540146,0.783
641555,R,0,49,1,7,91.06842105263158,"Escarra, J.C.",L,71,0.02040816326530612,0.14285714285714285,0.6901408450704225,0.009873239436619717,0.02160332088546416,0.45
641584,R,2,53,5,10,91.45925925925927,"Fraley, Jake",L,87,0.09433962264150944,0.18867924528301888,0.6091954022988506,0.035114942528735635,0.033027125647293945,0.469
641598,R,3,40,4,10,92.14482758620689,"Garver, Mitch",R,85,0.1,0.25,0.47058823529411764,0.02917647058823529,0.030380320676506388,0.4
641680,R,3,171,5,26,90.38987341772152,"Heim, Jonah",L,231,0.029239766081871343,0.15204678362573099,0.7402597402597403,0.014471861471861473,0.018812387687487178,0.74
641820,R,0,9,1,0,90.5,"Mancini, Trey",R,10,0.1111111111111111,0.0,0.9,0.057499999999999996,0.034615554262626476,0.13
641857,R,11,185,19,26,93.77227722772277,"McMahon, Ryan",L,296,0.10270270270270271,0.14054054054054055,0.625,0.038489864864864866,0.03670040099641317,0.755
641933,R,2,80,5,16,91.32173913043479,"O'Neill, Tyler",R,137,0.0625,0.2,0.583941605839416,0.023087591240875907,0.026557003881366427,0.571
642020,R,0,13,0,1,76.625,"Robinson, Chuckie",R,17,0.0,0.07692307692307693,0.7647058823529411,0.0010588235294117646,0.02581832808224082,0.178
642086,R,9,196,12,36,93.14545454545454,"Smith, Dominic",L,261,0.061224489795918366,0.1836734693877551,0.7509578544061303,0.028919540229885056,0.02945001222335429,0.766
642133,R,1,5,1,1,87.15,"Tellez, Rowdy",L,9,0.2,0.2,0.5555555555555556,0.06588888888888889,0.03385257982408725,0.077
642201,R,2,72,5,9,87.97142857142856,"White, Eli",R,87,0.06944444444444445,0.125,0.8275862068965517,0.03490804597701149,0.03321479207928829,0.545
642215,R,1,37,1,7,90.5578947368421,"Wilson, Weston",R,67,0.02702702702702703,0.1891891891891892,0.5522388059701493,0.010462686567164179,0.023279305640271152,0.381
642350,R,4,77,9,13,91.31142857142858,"Siri, Jose",R,125,0.11688311688311688,0.16883116883116883,0.616,0.04327199999999999,0.03797749813227173,0.562
642708,R,5,55,6,3,93.82307692307693,"Rosario, Amed",R,84,0.10909090909090909,0.05454545454545454,0.6547619047619048,0.041714285714285704,0.036219643116582094,0.478
642715,R,17,243,20,50,91.25076923076924,"Adames, Willy",R,368,0.0823045267489712,0.205761316872428,0.6603260869565217,0.03369565217391304,0.03319807499136006,0.802
642851,R,0,35,0,5,89.1,"Wynns, Austin",R,52,0.0,0.14285714285714285,0.6730769230769231,0.0017307692307692308,0.02033210702313842,0.368
643217,R,15,286,26,69,92.98922155688624,"Benintendi, Andrew",L,421,0.09090909090909091,0.24125874125874125,0.6793349168646081,0.038460807600950116,0.03719874051443052,0.827
643289,R,8,323,14,37,89.08588235294118,"Dubón, Mauricio",R,409,0.043343653250773995,0.11455108359133127,0.7897310513447433,0.02131051344743276,0.022857099445540492,0.843
643376,R,6,107,7,27,92.14528301886791,"Jansen, Danny",R,161,0.06542056074766354,0.2523364485981308,0.6645962732919255,0.028018633540372668,0.029155491215216184,0.641
643396,R,1,99,1,14,85.8157894736842,"Kiner-Falefa, Isiah",R,127,0.010101010101010102,0.1414141414141414,0.7795275590551181,0.006511811023622046,0.015821651166413896,0.623
643446,R,9,334,7,66,89.90685714285715,"McNeil, Jeff",L,410,0.020958083832335328,0.19760479041916168,0.8146341463414634,0.01271463414634146,0.015527058499998159,0.848
644433,R,0,23,0,3,84.66,"Tromp, Chadwick",R,33,0.0,0.13043478260869565,0.696969696969697,0.001636363636363636,0.022995296479007117,0.277
645277,R,14,298,13,68,91.30639534883721,"Albies, Ozzie",L,423,0.0436241610738255,0.22818791946308725,0.7044917257683215,0.020565011820330967,0.022344544040725854,0.832
645302,R,0,78,1,13,87.62777777777778,"Robles, Victor",R,99,0.01282051282051282,0.16666666666666666,0.7878787878787878,0.00817171717171717,0.018176573793588162,0.565
645305,R,0,34,1,1,87.56428571428572,"Sánchez, Ali",R,49,0.029411764705882353,0.029411764705882353,0.6938775510204082,0.01210204081632653,0.024281304594429037,0.362
646240,R,29,259,36,35,97.44861111111112,"Devers, Rafael",L,413,0.138996138996139,0.13513513513513514,0.6271186440677966,0.051646489104116226,0.0477975358059164,0.812
647304,R,7,339,14,58,91.48333333333333,"Naylor, Josh",L,428,0.04129793510324484,0.1710914454277286,0.7920560747663551,0.021247663551401865,0.022741682175555035,0.85
649966,R,2,19,2,4,83.26666666666667,"Urías, Luis",R,24,0.10526315789473684,0.21052631578947367,0.7916666666666666,0.05091666666666666,0.03592898621250498,0.241
650333,R,5,401,7,69,89.160546875,"Arraez, Luis",L,446,0.017456359102244388,0.17206982543640897,0.899103139013453,0.011809417040358743,0.014330909929078272,0.87
650391,R,0,14,1,5,94.2375,"Jiménez, Eloy",R,22,0.07142857142857142,0.35714285714285715,0.6363636363636364,0.030227272727272724,0.031002095436527637,0.189
650402,R,6,207,8,24,89.55784313725489,"Torres, Gleyber",R,292,0.03864734299516908,0.11594202898550725,0.708904109589041,0.017232876712328767,0.02036771057518083,0.775
650489,R,11,188,19,37,92.97457627118644,"Castro, Willi",L,314,0.10106382978723404,0.19680851063829788,0.5987261146496815,0.036914012738853495,0.03552745015736163,0.758
650490,R,14,365,27,14,93.8640522875817,"Díaz, Yandy",R,484,0.07397260273972603,0.038356164383561646,0.7541322314049587,0.03259710743801653,0.032397452844699436,0.859
650559,R,1,32,2,4,93.34666666666666,"De La Cruz, Bryan",R,45,0.0625,0.125,0.7111111111111111,0.027155555555555554,0.029782076324989186,0.348
650859,R,3,172,7,15,91.21475409836066,"Rengifo, Luis",L,220,0.040697674418604654,0.0872093023255814,0.7818181818181819,0.01952272727272727,0.022538285926854817,0.741
650968,R,1,28,1,6,88.18571428571428,"Pozo, Yohel",R,37,0.03571428571428571,0.21428571428571427,0.7567567567567568,0.018459459459459458,0.027134523965751046,0.318
655316,R,1,159,6,31,90.22999999999999,"Monasterio, Andruw",R,217,0.03773584905660377,0.1949685534591195,0.7327188940092166,0.018470046082949308,0.021953016307352358,0.726
656305,R,5,167,9,22,92.08461538461539,"Chapman, Matt",R,257,0.05389221556886228,0.1317365269461078,0.6498054474708171,0.021677042801556422,0.024189600845731934,0.736
656413,R,0,1,0,0,,"Fairchild, Stuart",R,5,0.0,0.0,0.2,0.0,0.030671692526577494,0.016
656484,R,3,108,6,21,91.62459016393443,"Gray, Tristan",L,168,0.05555555555555555,0.19444444444444445,0.6428571428571429,0.022785714285714288,0.02578470468439506,0.643
656537,R,3,44,4,5,91.94,"Hill, Derek",R,78,0.09090909090909091,0.11363636363636363,0.5641025641025641,0.030641025641025638,0.03095363819544572,0.423
656555,R,7,103,13,21,94.91851851851852,"Hoskins, Rhys",R,192,0.1262135922330097,0.20388349514563106,0.5364583333333334,0.040901041666666665,0.037323806968023884,0.632
656577,R,1,33,1,5,93.13333333333333,"Jackson, Alex",R,48,0.030303030303030304,0.15151515151515152,0.6875,0.013854166666666666,0.025033986495927172,0.355
656582,R,0,11,1,1,93.725,"Joe, Connor",R,19,0.09090909090909091,0.09090909090909091,0.5789473684210527,0.031210526315789473,0.03118716948725227,0.155
656716,R,4,244,6,44,88.81223021582734,"McKinstry, Zach",L,339,0.02459016393442623,0.18032786885245902,0.7197640117994101,0.012513274336283187,0.01619806638873133,0.803
656775,R,14,267,14,59,93.17898550724638,"Mullins, Cedric",L,386,0.052434456928838954,0.2209737827715356,0.6917098445595855,0.02360621761658031,0.02499643225611061,0.817
656811,R,14,214,17,38,93.61228070175439,"O'Hearn, Ryan",L,312,0.0794392523364486,0.17757009345794392,0.6858974358974359,0.03352243589743589,0.03301012600792886,0.781
656941,R,30,221,38,44,98.45234375,"Schwarber, Kyle",L,444,0.17194570135746606,0.19909502262443438,0.49774774774774777,0.050995495495495494,0.04676504536877485,0.786
656976,R,3,79,4,10,91.89736842105263,"Smith, Pavin",L,115,0.05063291139240506,0.12658227848101267,0.6869565217391305,0.02156521739130435,0.02571672962614583,0.568
657041,R,6,132,11,17,92.65483870967742,"Thomas, Lane",R,209,0.08333333333333333,0.12878787878787878,0.631578947368421,0.03172727272727272,0.03155715231313139,0.688
657136,R,1,103,3,15,91.36046511627907,"Wong, Connor",R,168,0.02912621359223301,0.14563106796116504,0.6130952380952381,0.011875,0.018982197816694645,0.632
657656,R,6,84,12,11,94.61363636363636,"Laureano, Ramón",R,151,0.14285714285714285,0.13095238095238096,0.5562913907284768,0.04700662251655628,0.04041339955216635,0.583
657675,R,0,1,0,0,,"Martin Jr., Rudy",L,2,0.0,0.0,0.5,0.0,0.030671692526577494,0.016
657757,R,17,235,19,39,92.53090909090909,"Sheets, Gavin",L,349,0.08085106382978724,0.16595744680851063,0.673352435530086,0.033315186246418334,0.032881498345862833,0.797
660162,R,3,55,5,15,92.12564102564103,"Moncada, Yoán",L,104,0.09090909090909091,0.2727272727272727,0.5288461538461539,0.030240384615384617,0.030732125199716354,0.478
660271,R,18,244,42,39,98.03868613138685,"Ohtani, Shohei",L,415,0.1721311475409836,0.1598360655737705,0.5879518072289157,0.05988433734939759,0.05421957749136263,0.803
660644,R,0,7,0,0,100.3,"Bruján, Vidal",L,9,0.0,0.0,0.7777777777777778,0.0,0.027924973792854135,0.104
660670,R,15,219,29,20,96.3212962962963,"Acuña Jr., Ronald",R,325,0.1324200913242009,0.091324200913242,0.6738461538461539,0.05241538461538461,0.04784925618240307,0.785
660688,R,7,220,8,71,91.74239999999999,"Ruiz, Keibert",L,258,0.03636363636363636,0.32272727272727275,0.8527131782945736,0.022782945736434104,0.024582933236202607,0.786
660710,R,3,49,4,7,90.87142857142857,"Durán, Rodolfo",R,72,0.08163265306122448,0.14285714285714285,0.6805555555555556,0.033694444444444444,0.03231193598072482,0.45
660821,R,8,188,23,19,94.85483870967742,"Sánchez, Jesús",L,280,0.12234042553191489,0.10106382978723404,0.6714285714285714,0.04845357142857142,0.04427518013182522,0.758
660844,R,0,54,1,13,90.334375,"Rivas, Leo",L,99,0.018518518518518517,0.24074074074074073,0.5454545454545454,0.00817171717171717,0.020282859398192583,0.474
661388,R,14,349,33,39,94.17257142857143,"Contreras, William",R,457,0.09455587392550144,0.11174785100286533,0.7636761487964989,0.04305689277899344,0.0413149848997309,0.853
661531,R,3,32,2,8,89.13684210526316,"Serven, Brian",R,51,0.0625,0.25,0.6274509803921569,0.02537254901960784,0.02916190013857259,0.348
662139,R,10,279,21,49,91.53150684931506,"Varsho, Daulton",L,392,0.07526881720430108,0.17562724014336917,0.7117346938775511,0.033053571428571425,0.0327224769105978,0.823
663330,R,0,14,0,2,97.75,"Jones, Jahmai",R,25,0.0,0.14285714285714285,0.56,0.00144,0.02555585465028685,0.189
663368,R,0,25,0,3,92.2125,"Perkins, Blake",L,42,0.0,0.12,0.5952380952380952,0.0012857142857142854,0.022389601191342166,0.294
663457,R,7,187,18,21,97.64895833333333,"Nootbaar, Lars",L,283,0.0962566844919786,0.11229946524064172,0.6607773851590106,0.037908127208480566,0.036274465717032765,0.757
663494,R,4,106,4,24,91.79642857142858,"Torres, Bryan",L,157,0.03773584905660377,0.22641509433962265,0.6751592356687898,0.017401273885350316,0.022382579975713017,0.639
663538,R,5,430,6,50,89.08413461538461,"Hoerner, Nico",R,516,0.013953488372093023,0.11627906976744186,0.8333333333333334,0.008430232558139534,0.011216271926778014,0.878
663584,R,1,12,0,1,98.875,"Senger, Hayden",R,16,0.0,0.08333333333333333,0.75,0.001125,0.02617323950168371,0.167
663586,R,16,268,33,42,94.98552631578947,"Riley, Austin",R,446,0.12313432835820895,0.15671641791044777,0.600896860986547,0.044239910313901336,0.04185143051294752,0.817
663604,R,0,42,1,1,85.55,"Lockridge, Brandon",R,66,0.023809523809523808,0.023809523809523808,0.6363636363636364,0.008984848484848484,0.02204251843612611,0.412
663609,R,0,0,0,0,,"Baker, Luken",R,2,0.0,0.0,0.0,0.0,0.03118288740202045,0.0
663611,R,0,33,0,4,84.53125,"Madrigal, Nick",R,41,0.0,0.12121212121212122,0.8048780487804879,0.00175609756097561,0.020741123264875507,0.355
663616,R,11,271,21,49,91.24184397163121,"Larnach, Trevor",L,380,0.07749077490774908,0.18081180811808117,0.7131578947368421,0.03409736842105263,0.033569063704611754,0.819
663624,R,0,9,0,1,94.56666666666666,"Mountcastle, Ryan",R,11,0.0,0.1111111111111111,0.8181818181818182,0.001636363636363636,0.027328992997804346,0.13
663647,R,4,129,11,15,93.94868421052632,"Hayes, Ke'Bryan",R,181,0.08527131782945736,0.11627906976744186,0.712707182320442,0.036436464088397784,0.034768661965738315,0.683
663656,R,12,305,18,55,90.05568181818181,"Tucker, Kyle",L,437,0.05901639344262295,0.18032786885245902,0.6979405034324943,0.025949656750572078,0.02680991384396085,0.836
663662,R,0,3,0,0,83.10000000000001,"Cameron, Daz",R,4,0.0,0.0,0.75,0.0,0.029697988001924237,0.048
663697,R,1,23,1,4,90.2909090909091,"India, Jonathan",R,35,0.043478260869565216,0.17391304347826086,0.6571428571428571,0.018485714285714282,0.027664393646899463,0.277
663698,R,3,41,4,9,89.00952380952381,"Bart, Joey",R,62,0.0975609756097561,0.21951219512195122,0.6612903225806451,0.039709677419354834,0.034644257607076984,0.406
663728,R,14,188,29,40,93.4512396694215,"Raleigh, Cal",L,334,0.15425531914893617,0.2127659574468085,0.562874251497006,0.05208083832335329,0.047024882455288894,0.758
663743,R,4,127,3,19,90.43333333333334,"Fortes, Nick",R,159,0.023622047244094488,0.14960629921259844,0.7987421383647799,0.013,0.018834081519364852,0.679
663757,R,15,239,25,46,95.23529411764706,"Grisham, Trent",L,348,0.10460251046025104,0.19246861924686193,0.6867816091954023,0.0436867816091954,0.041177638958926184,0.799
663837,R,3,130,7,10,90.83571428571429,"Vierling, Matt",R,173,0.05384615384615385,0.07692307692307693,0.7514450867052023,0.02430635838150289,0.026477893861666327,0.684
663853,R,0,22,0,2,88.9625,"Gonzalez, Romy",R,33,0.0,0.09090909090909091,0.6666666666666666,0.0010909090909090907,0.023109429806356427,0.268
663886,R,13,215,29,29,95.5390625,"Stephenson, Tyler",R,352,0.13488372093023257,0.13488372093023257,0.6107954545454546,0.04885511363636364,0.044999355185234215,0.782
663967,R,0,10,0,3,96.44,"Salazar, César",L,17,0.0,0.3,0.5882352941176471,0.003176470588235294,0.02718197071433686,0.143
663968,R,3,250,4,23,91.14777777777778,"Mangum, Jake",L,346,0.016,0.092,0.7225433526011561,0.00784393063583815,0.01236114807445408,0.806
663993,R,17,252,24,36,91.64765100671141,"Lowe, Nathaniel",L,382,0.09523809523809523,0.14285714285714285,0.6596858638743456,0.037821989528795806,0.036545239119800545,0.808
664023,R,20,279,33,61,94.59597315436241,"Happ, Ian",L,493,0.11827956989247312,0.21863799283154123,0.565922920892495,0.0407160243407708,0.03902874346665569,0.823
664034,R,16,252,24,36,94.23969465648855,"France, Ty",R,364,0.09523809523809523,0.14285714285714285,0.6923076923076923,0.039692307692307686,0.0380558807134063,0.808
664040,R,27,283,36,67,95.72619047619048,"Lowe, Brandon",L,445,0.127208480565371,0.23674911660777384,0.6359550561797753,0.049226966292134834,0.04607056765246468,0.825
664056,R,4,56,3,11,93.56363636363636,"Bader, Harrison",R,87,0.05357142857142857,0.19642857142857142,0.6436781609195402,0.022103448275862067,0.02679970989284054,0.483
664059,R,0,8,0,0,72.5,"Haggerty, Sam",L,11,0.0,0.0,0.7272727272727273,0.0,0.027514312413547456,0.118
664068,R,0,2,0,0,,"Kingery, Scott",R,2,0.0,0.0,1.0,0.0,0.03017698780840689,0.032
664238,R,0,1,0,0,86.0,"Moore, Dylan",R,3,0.0,0.0,0.3333333333333333,0.0,0.030671692526577494,0.016
664702,R,1,127,1,25,87.91428571428571,"Straw, Myles",R,156,0.007874015748031496,0.1968503937007874,0.8141025641025641,0.006570512820512821,0.014467531402814733,0.679
664728,R,5,172,5,22,91.0945205479452,"Isbel, Kyle",L,246,0.029069767441860465,0.12790697674418605,0.6991869918699187,0.013296747967479674,0.017922473683309185,0.741
664731,R,0,19,0,5,82.71818181818182,"Higgins, P.J.",R,28,0.0,0.2631578947368421,0.6785714285714286,0.0032142857142857142,0.02445626167965387,0.241
664761,R,8,326,16,18,92.75033557046979,"Bohm, Alec",R,439,0.049079754601226995,0.05521472392638037,0.7425968109339408,0.02169476082004556,0.02316959914884995,0.845
664770,R,9,292,9,40,91.26141732283465,"Lukes, Nathan",L,364,0.030821917808219176,0.136986301369863,0.8021978021978022,0.01619505494505494,0.01874979911385588,0.83
664774,R,4,81,3,24,89.86363636363636,"Wade Jr., LaMonte",L,130,0.037037037037037035,0.2962962962962963,0.6230769230769231,0.01659230769230769,0.022801065015589716,0.574
664954,R,7,126,6,36,91.71066666666667,"Sullivan, Brett",L,170,0.047619047619047616,0.2857142857142857,0.7411764705882353,0.02410588235294117,0.026388787207482875,0.677
664983,R,11,318,17,46,90.18074534161491,"McCarthy, Jake",L,414,0.05345911949685535,0.14465408805031446,0.7681159420289855,0.025611111111111112,0.026495520046176085,0.841
665019,R,22,292,36,52,95.00170454545454,"Clemens, Kody",L,420,0.1232876712328767,0.1780821917808219,0.6952380952380952,0.0515142857142857,0.04804870645651321,0.83
665052,R,18,144,26,20,97.66857142857143,"Conine, Griffin",L,257,0.18055555555555555,0.1388888888888889,0.5603112840466926,0.05957198443579766,0.05122225001409849,0.706
665161,R,20,255,20,44,91.96046511627907,"Peña, Jeremy",R,371,0.0784313725490196,0.17254901960784313,0.6873315363881402,0.03313207547169811,0.03276080155366427,0.81
665487,R,16,393,50,21,98.11508379888268,"Tatis Jr., Fernando",R,543,0.1272264631043257,0.05343511450381679,0.7237569060773481,0.053642725598526696,0.05066791259236693,0.868
665489,R,5,356,23,36,92.09668874172186,"Guerrero Jr., Vladimir",R,455,0.06460674157303371,0.10112359550561797,0.7824175824175824,0.030490109890109886,0.030590029723558527,0.856
665506,R,0,2,0,0,,"Pache, Cristian",R,4,0.0,0.0,0.5,0.0,0.03017698780840689,0.032
665561,R,1,52,1,10,89.34583333333335,"Marchán, Rafael",L,65,0.019230769230769232,0.19230769230769232,0.8,0.011615384615384618,0.02209797539393953,0.464
665742,R,21,210,34,29,98.14727272727274,"Soto, Juan",L,314,0.1619047619047619,0.1380952380952381,0.6687898089171974,0.06392356687898089,0.056647860328545234,0.778
665750,R,7,218,11,48,92.65309734513274,"Taveras, Leody",L,320,0.05045871559633028,0.22018348623853212,0.68125,0.022465625,0.024347048540004412,0.784
665804,R,5,98,9,16,91.536,"Amaya, Miguel",R,176,0.09183673469387756,0.16326530612244897,0.5568181818181818,0.031039772727272725,0.03109412007211363,0.62
665828,R,0,12,0,2,99.46666666666665,"Cabrera, Oswaldo",L,18,0.0,0.16666666666666666,0.6666666666666666,0.0019999999999999996,0.026319072835017044,0.167
665833,R,16,151,26,17,99.36901408450704,"Cruz, Oneil",L,281,0.17218543046357615,0.11258278145695365,0.5373665480427047,0.054291814946619214,0.047720555929197765,0.716
665861,R,0,31,0,4,82.57142857142857,"Rivero, Sebastián",R,42,0.0,0.12903225806451613,0.7380952380952381,0.0017142857142857142,0.021144132980924005,0.341
665862,R,14,224,21,38,94.4925925925926,"Chisholm Jr., Jazz",L,374,0.09375,0.16964285714285715,0.5989304812834224,0.034114973262032076,0.03349551850287469,0.789
665877,R,2,155,2,30,90.82361111111112,"Fermín, José",R,205,0.012903225806451613,0.1935483870967742,0.7560975609756098,0.00824390243902439,0.014645479638000038,0.721
665923,R,2,72,4,15,86.80882352941177,"Ruiz, Esteury",R,132,0.05555555555555555,0.20833333333333334,0.5454545454545454,0.01946969696969697,0.024793874438934917,0.545
665926,R,6,268,10,48,90.68333333333334,"Giménez, Andrés",L,365,0.03731343283582089,0.1791044776119403,0.7342465753424657,0.018120547945205477,0.020510000284866756,0.817
665953,R,4,56,6,7,93.7,"Chaparro, Andrés",R,83,0.10714285714285714,0.125,0.6746987951807228,0.04308433734939758,0.0369284149628232,0.483
665966,R,3,121,9,16,92.68852459016394,"Narváez, Carlos",R,208,0.0743801652892562,0.1322314049586777,0.5817307692307693,0.026264423076923078,0.02789485323993878,0.669
666018,R,19,309,33,50,94.40695187165774,"Aranda, Jonathan",L,479,0.10679611650485436,0.16181229773462782,0.6450939457202505,0.04149269311064717,0.03981630193851274,0.837
666023,R,2,128,3,26,91.21428571428571,"Fermin, Freddy",R,190,0.0234375,0.203125,0.6736842105263158,0.011542105263157892,0.017810439988326793,0.681
666126,R,10,265,17,30,93.13565891472868,"Cortes, Carlos",L,359,0.06415094339622641,0.11320754716981132,0.7381615598885793,0.028732590529247905,0.029184953028836683,0.815
666139,R,12,177,18,28,93.14711538461538,"Lowe, Josh",L,288,0.1016949152542373,0.15819209039548024,0.6145833333333334,0.037687500000000006,0.0360407626334229,0.747
666152,R,3,212,8,28,90.23301886792453,"Hamilton, David",L,306,0.03773584905660377,0.1320754716981132,0.6928104575163399,0.0166797385620915,0.01987896257089936,0.779
666160,R,20,235,24,57,92.94642857142857,"Moniak, Mickey",L,345,0.10212765957446808,0.2425531914893617,0.6811594202898551,0.04297391304347825,0.04057573833674107,0.797
666163,R,0,9,0,0,88.4,"Rortvedt, Ben",L,15,0.0,0.0,0.6,0.0,0.02711555426262648,0.13
666176,R,9,315,24,43,93.73506493506494,"Adell, Jo",R,471,0.0761904761904762,0.1365079365079365,0.6687898089171974,0.03094267515923567,0.030981109118081235,0.84
666181,R,3,54,7,10,92.31428571428572,"Benson, Will",L,113,0.12962962962962962,0.18518518518518517,0.4778761061946903,0.037212389380530966,0.03403896728657807,0.474
666182,R,10,369,19,29,92.41284916201118,"Bichette, Bo",R,496,0.051490514905149054,0.07859078590785908,0.7439516129032258,0.023078629032258064,0.024212091741315743,0.86
666185,R,0,1,0,1,80.7,"Carlson, Dylan",L,1,0.0,1.0,1.0,0.018,0.030966774493790608,0.016
666211,R,8,137,20,25,94.0661971830986,"Trammell, Taylor",L,246,0.145985401459854,0.18248175182481752,0.556910569105691,0.04857723577235771,0.043279464695097636,0.695
666310,R,3,56,8,10,92.74242424242425,"Naylor, Bo",L,84,0.14285714285714285,0.17857142857142858,0.6666666666666666,0.05690476190476189,0.043600344058516316,0.483
666397,R,3,153,12,14,93.48630136986301,"Julien, Edouard",L,250,0.0784313725490196,0.0915032679738562,0.612,0.028607999999999995,0.029333320394935334,0.718
666464,R,0,14,1,0,90.72,"Encarnacion, Jerar",R,17,0.07142857142857142,0.0,0.8235294117647058,0.0338235294117647,0.031682468322782875,0.189
666624,R,1,36,1,12,91.00625,"Morel, Christopher",R,62,0.027777777777777776,0.3333333333333333,0.5806451612903226,0.012758064516129031,0.02427357881981117,0.375
666931,R,0,4,0,1,88.56666666666666,"Oliva, Jared",R,5,0.0,0.25,0.8,0.0036,0.02945895693939417,0.062
666969,R,3,106,9,10,95.94901960784313,"García, Adolis",R,191,0.08490566037735849,0.09433962264150944,0.5549738219895288,0.028036649214659683,0.029173843740211765,0.639
666971,R,2,108,6,22,91.63018867924528,"Gurriel Jr., Lourdes",R,147,0.05555555555555555,0.2037037037037037,0.7346938775510204,0.02616326530612245,0.027955987483228875,0.643
667472,R,4,115,4,3,91.95,"Myers, Dane",R,189,0.034782608695652174,0.02608695652173913,0.6084656084656085,0.012455026455026455,0.01887600735113868,0.657
667670,R,8,92,15,4,94.83962264150944,"Rooker, Brent",R,154,0.16304347826086957,0.043478260869565216,0.5974025974025974,0.056474025974025975,0.0464906818008659,0.605
668227,R,15,296,23,29,93.79347826086956,"Arozarena, Randy",R,474,0.0777027027027027,0.09797297297297297,0.6244725738396625,0.029002109704641347,0.029369656507570407,0.831
668670,R,2,72,6,14,92.71578947368421,"Rogers, Jake",R,127,0.08333333333333333,0.19444444444444445,0.5669291338582677,0.029149606299212597,0.030073824982307075,0.545
668709,R,18,246,26,67,93.77861635220125,"Bleday, JJ",L,392,0.10569105691056911,0.27235772357723576,0.6275510204081632,0.04121428571428571,0.0392473448687435,0.804
668715,R,11,177,20,35,92.76043956043956,"Steer, Spencer",R,288,0.11299435028248588,0.1977401129943503,0.6145833333333334,0.042118055555555554,0.03934965855466059,0.747
668723,R,4,70,5,7,90.42857142857143,"Vilade, Ryan",R,108,0.07142857142857142,0.1,0.6481481481481481,0.027787037037037034,0.029354352590106304,0.538
668800,R,1,21,2,4,92.3,"Knizner, Andrew",R,30,0.09523809523809523,0.19047619047619047,0.7,0.04073333333333332,0.033658928939768226,0.259
668804,R,10,278,32,32,95.67638888888888,"Reynolds, Bryan",L,461,0.11510791366906475,0.11510791366906475,0.6030368763557483,0.04116268980477223,0.039391127248070736,0.822
668885,R,1,125,1,17,88.656,"Martin, Austin",R,181,0.008,0.136,0.6906077348066298,0.004867403314917127,0.013402154910734423,0.676
668901,R,5,116,11,9,92.15799999999999,"Vientos, Mark",R,170,0.09482758620689655,0.07758620689655173,0.6823529411764706,0.03815882352941176,0.035780663485982904,0.659
668904,R,10,235,22,53,92.645,"Lewis, Royce",R,363,0.09361702127659574,0.225531914893617,0.6473829201101928,0.037476584022038566,0.036196510133221324,0.797
668930,R,18,290,26,29,95.64939024390245,"Turang, Brice",L,483,0.0896551724137931,0.1,0.6004140786749482,0.03203312629399586,0.031887371055371504,0.829
668939,R,9,187,16,31,93.56568627450982,"Rutschman, Adley",L,267,0.0855614973262032,0.1657754010695187,0.700374531835206,0.03654681647940075,0.035243837756150476,0.757
668942,R,1,76,1,13,91.4725,"Rojas, Josh",L,93,0.013157894736842105,0.17105263157894737,0.8172043010752689,0.008698924731182795,0.018618320027140582,0.559
668952,R,4,104,10,17,93.35208333333333,"Kreidler, Ryan",R,155,0.09615384615384616,0.16346153846153846,0.6709677419354839,0.03907096774193548,0.036185084690747056,0.634
668974,R,0,0,0,0,,"Handley, Maverick",R,1,0.0,0.0,0.0,0.0,0.03118288740202045,0.0
669003,R,10,224,30,13,97.71212121212122,"Mitchell, Garrett",L,406,0.13392857142857142,0.05803571428571429,0.5517241379310345,0.04306403940886699,0.04055393687220927,0.789
669004,R,3,66,7,20,96.12380952380951,"Melendez, MJ",L,131,0.10606060606060606,0.30303030303030304,0.5038167938931297,0.03347328244274809,0.032382618137639686,0.524
669016,R,15,314,24,53,93.39261363636363,"Marsh, Brandon",L,439,0.07643312101910828,0.16878980891719744,0.715261958997722,0.03360820045558086,0.033219112799929465,0.84
669065,R,19,223,32,44,97.57734375,"Stowers, Kyle",L,401,0.14349775784753363,0.19730941704035873,0.5561097256857855,0.04786034912718204,0.044324491517607145,0.788
669087,R,0,9,1,3,97.18,"Huff, Sam",R,22,0.1111111111111111,0.3333333333333333,0.4090909090909091,0.028590909090909094,0.03084480327448419,0.13
669127,R,14,224,28,30,94.58083333333335,"Langeliers, Shea",R,333,0.125,0.13392857142857142,0.6726726726726727,0.04996996996996997,0.046000868018994716,0.789
669134,R,6,126,12,24,93.90317460317459,"Campusano, Luis",R,195,0.09523809523809523,0.19047619047619047,0.6461538461538462,0.037599999999999995,0.03552996367807111,0.677
669208,R,0,4,0,0,94.19999999999999,"Bliss, Ryan",R,7,0.0,0.0,0.5714285714285714,0.0,0.029233956939394172,0.062
669221,R,2,54,4,7,95.07142857142857,"Murphy, Sean",R,87,0.07407407407407407,0.12962962962962962,0.6206896551724138,0.027885057471264362,0.0296207574348202,0.474
669224,R,11,172,15,38,94.61818181818182,"Wells, Austin",L,291,0.0872093023255814,0.22093023255813954,0.5910652920962199,0.031989690721649484,0.03178103469071094,0.741
669236,R,8,147,10,13,93.11311475409835,"Jackson, Jeremiah",R,198,0.06802721088435375,0.08843537414965986,0.7424242424242424,0.030222222222222223,0.03050067589752606,0.71
669242,R,4,160,7,23,89.24074074074075,"Edman, Tommy",L,221,0.04375,0.14375,0.7239819004524887,0.02008597285067873,0.023112404091953746,0.727
669256,R,0,2,0,0,103.2,"Solak, Nick",R,3,0.0,0.0,0.6666666666666666,0.0,0.03017698780840689,0.032
669257,R,8,144,21,19,92.61340206185567,"Smith, Will",R,193,0.14583333333333334,0.13194444444444445,0.7461139896373057,0.06433678756476684,0.05458564045807673,0.706
669288,R,0,8,0,2,88.55,"Johnson, Daniel",L,13,0.0,0.25,0.6153846153846154,0.002769230769230769,0.027840104268751074,0.118
669289,R,0,20,0,6,82.77000000000001,"Espinal, Santiago",R,24,0.0,0.3,0.8333333333333334,0.0045,0.02451216555151534,0.25
669326,R,0,17,0,1,81.825,"Teodosio, Bryce",R,29,0.0,0.058823529411764705,0.5862068965517241,0.0006206896551724137,0.024435389198170884,0.221
669357,R,8,140,14,35,93.99101123595507,"Gorman, Nolan",L,254,0.1,0.25,0.5511811023622047,0.03417322834645669,0.03327612606312582,0.7
669360,R,0,2,0,0,94.0,"Cruz, Trei",L,4,0.0,0.0,0.5,0.0,0.03017698780840689,0.032
669364,R,2,336,10,32,91.35180722891566,"Edwards, Xavier",L,449,0.02976190476190476,0.09523809523809523,0.7483296213808464,0.014089086859688195,0.016679056638829445,0.848
669369,R,0,21,0,2,75.31428571428572,"Johnson, Bryce",L,36,0.0,0.09523809523809523,0.5833333333333334,0.0009999999999999998,0.023357694371866997,0.259
669384,R,0,25,0,7,89.74166666666667,"Delgado, Raynel",L,31,0.0,0.28,0.8064516129032258,0.004064516129032258,0.02320689585114157,0.294
669392,R,2,78,3,8,88.64999999999999,"Taylor, Samad",R,125,0.038461538461538464,0.10256410256410256,0.624,0.014952,0.022008907566095852,0.565
669394,R,16,282,28,54,94.38345864661655,"Burger, Jake",R,450,0.09929078014184398,0.19148936170212766,0.6266666666666667,0.03793777777777778,0.03675270929080281,0.825
669397,R,2,85,1,14,87.85,"Allen, Nick",R,119,0.011764705882352941,0.16470588235294117,0.7142857142857143,0.0069495798319327735,0.01697715537817595,0.586
669398,R,2,24,5,2,97.80666666666666,"Workman, Gage",L,41,0.20833333333333334,0.08333333333333333,0.5853658536585366,0.071,0.04255920528715746,0.286
669477,R,17,222,28,35,93.421875,"Schmitt, Casey",R,303,0.12612612612612611,0.15765765765765766,0.7326732673267327,0.0552145214521452,0.05010140782445908,0.787
669699,R,3,64,5,9,94.96969696969697,"Shewmake, Braden",L,79,0.078125,0.140625,0.810126582278481,0.03844303797468354,0.034930061891136885,0.516
669701,R,6,140,9,22,90.25555555555556,"Smith, Josh",L,210,0.06428571428571428,0.15714285714285714,0.6666666666666666,0.026528571428571422,0.02792486622060613,0.7
669707,R,2,142,4,13,89.44310344827586,"Triolo, Jared",R,219,0.028169014084507043,0.09154929577464789,0.6484018264840182,0.01157077625570776,0.01739615580411747,0.703
669717,R,0,2,0,1,84.6,"Wilson, Will",R,4,0.0,0.5,0.5,0.0045,0.03032214909872947,0.032
669720,R,1,35,1,7,91.35000000000001,"Hays, Austin",R,52,0.02857142857142857,0.2,0.6730769230769231,0.01348076923076923,0.024661054391559474,0.368
669743,R,0,82,2,9,87.25999999999999,"Call, Alex",R,119,0.024390243902439025,0.10975609756097561,0.6890756302521008,0.011025210084033614,0.019542538528253404,0.577
669899,R,3,36,4,7,91.615,"Ward, Ryan",L,57,0.1111111111111111,0.19444444444444445,0.631578947368421,0.042561403508771925,0.03544983094205226,0.375
669911,R,0,11,0,3,96.75714285714285,"Toglia, Michael",L,22,0.0,0.2727272727272727,0.5,0.002454545454545454,0.026732017522834182,0.155
670032,R,1,160,0,14,88.36229508196722,"Lopez, Nicky",L,213,0.0,0.0875,0.7511737089201878,0.0011830985915492955,0.009364859176223247,0.727
670042,R,15,154,26,30,96.38539325842696,"Raley, Luke",L,260,0.16883116883116883,0.19480519480519481,0.5923076923076923,0.059576923076923076,0.05161597849517468,0.72
670097,R,0,19,1,4,90.5,"Short, Zack",R,35,0.05263157894736842,0.21052631578947367,0.5428571428571428,0.018485714285714282,0.02812913690569365,0.241
670156,R,0,16,0,2,91.66666666666667,"Mastrobuoni, Miles",L,28,0.0,0.125,0.5714285714285714,0.0012857142857142856,0.02488874569332442,0.211
670224,R,0,17,0,3,88.69,"Misner, Kameron",L,31,0.0,0.17647058823529413,0.5483870967741935,0.0017419354838709676,0.024682936978532903,0.221
670231,R,5,80,9,13,94.42,"Rave, John",L,123,0.1125,0.1625,0.6504065040650406,0.04397560975609755,0.03849301446149308,0.571
670242,R,3,42,4,4,96.31333333333333,"Wallner, Matt",L,88,0.09523809523809523,0.09523809523809523,0.4772727272727273,0.026954545454545453,0.029441805423648396,0.412
670541,R,32,314,54,54,97.24028436018958,"Alvarez, Yordan",L,507,0.17197452229299362,0.17197452229299362,0.6193293885601578,0.06315976331360947,0.05802978322084118,0.84
670623,R,21,363,16,95,90.12118226600984,"Paredes, Isaac",R,502,0.0440771349862259,0.26170798898071623,0.7231075697211156,0.021733067729083667,0.023073467682691723,0.858
670764,R,1,171,6,36,91.28915662650603,"Walls, Taylor",L,279,0.03508771929824561,0.21052631578947367,0.6129032258064516,0.01468817204301075,0.01897251369470158,0.74
670770,R,4,150,5,31,89.1896103896104,"Friedl, TJ",L,234,0.03333333333333333,0.20666666666666667,0.6410256410256411,0.014670940170940172,0.01938863937982025,0.714
671056,R,12,326,19,39,93.43149606299212,"Herrera, Iván",R,497,0.05828220858895705,0.1196319018404908,0.6559356136820925,0.023394366197183093,0.024605017161665584,0.845
671083,R,0,14,1,3,93.14999999999999,"Kennedy, Buddy",R,20,0.07142857142857142,0.21428571428571427,0.7,0.03144999999999999,0.03123342221785442,0.189
671155,R,0,3,0,0,71.6,"Johnson, Ivan",L,9,0.0,0.0,0.3333333333333333,0.0,0.029697988001924237,0.048
671218,R,9,209,27,11,96.21264367816092,"Ramos, Heliot",R,327,0.1291866028708134,0.05263157894736842,0.6391437308868502,0.048082568807339444,0.044313123140725545,0.777
671277,R,27,353,45,48,96.86721311475411,"García Jr., Luis",L,456,0.1274787535410765,0.1359773371104816,0.7741228070175439,0.058638157894736836,0.05464949874325262,0.855
671286,R,0,1,0,0,,"Rodríguez, Johnathan",R,2,0.0,0.0,0.5,0.0,0.030671692526577494,0.016
671289,R,1,147,2,17,91.00327868852459,"Freeman, Tyler",R,187,0.013605442176870748,0.11564625850340136,0.786096256684492,0.0077860962566844915,0.014567774849535493,0.71
671655,R,0,28,0,5,91.98888888888888,"Valera, George",L,36,0.0,0.17857142857142858,0.7777777777777778,0.0025,0.02205651413774122,0.318
671732,R,13,243,23,25,94.35982142857142,"Butler, Lawrence",L,393,0.09465020576131687,0.102880658436214,0.6183206106870229,0.03479643765903308,0.03408088315269395,0.802
671739,R,18,306,38,33,96.51372549019608,"Harris II, Michael",L,400,0.12418300653594772,0.10784313725490197,0.765,0.05611,0.05202358809869188,0.836
671976,R,11,307,18,74,91.54875,"Peters, Tristan",L,424,0.05863192182410423,0.24104234527687296,0.7240566037735849,0.02755188679245283,0.028145510870311294,0.837
672012,R,0,19,0,1,84.53999999999999,"Black, Tyler",L,27,0.0,0.05263157894736842,0.7037037037037037,0.0006666666666666665,0.0238435431745303,0.241
672016,R,0,24,0,0,88.06666666666666,"Clarke, Denzel",R,49,0.0,0.0,0.4897959183673469,0.0,0.02227349100144318,0.286
672275,R,9,189,15,29,94.03200000000001,"Bailey, Patrick",L,287,0.07936507936507936,0.15343915343915343,0.6585365853658537,0.03187108013937282,0.03170525056410719,0.759
672279,R,0,1,0,0,,"Siani, Michael",L,1,0.0,0.0,1.0,0.0,0.030671692526577494,0.016
672284,R,1,36,8,2,94.845,"Kelenic, Jarred",L,73,0.2222222222222222,0.05555555555555555,0.4931506849315068,0.06350684931506849,0.043304373119413465,0.375
672356,R,5,55,7,3,96.985,"Arias, Gabriel",R,97,0.12727272727272726,0.05454545454545454,0.5670103092783505,0.04205154639175257,0.03638094170145755,0.478
672386,R,8,172,7,15,91.93194444444445,"Kirk, Alejandro",R,218,0.040697674418604654,0.0872093023255814,0.7889908256880734,0.01970183486238532,0.022671072588153027,0.741
672515,R,12,290,24,27,92.28926174496644,"Moreno, Gabriel",R,402,0.08275862068965517,0.09310344827586207,0.7213930348258707,0.03553731343283582,0.034790840398981754,0.829
672569,R,0,4,0,1,94.63333333333333,"Campero, Gustavo",L,7,0.0,0.25,0.5714285714285714,0.0025714285714285713,0.029394671225108457,0.062
672580,R,1,200,6,24,90.94361702127661,"Garcia, Maikel",R,262,0.03,0.12,0.7633587786259542,0.01481679389312977,0.018593584702873773,0.769
672613,R,0,12,0,3,88.92857142857143,"Alfonzo, Eliezer",L,14,0.0,0.25,0.8571428571428571,0.0038571428571428567,0.026628596644540852,0.167
672640,R,8,405,23,44,93.09217877094972,"Lopez, Otto",R,517,0.056790123456790124,0.10864197530864197,0.7833655705996132,0.027112185686653776,0.027637437520894637,0.871
672642,R,0,2,0,0,91.44999999999999,"Berroa, Steward",L,2,0.0,0.0,1.0,0.0,0.03017698780840689,0.032
672695,R,8,340,11,72,90.32364532019704,"Perdomo, Geraldo",L,481,0.03235294117647059,0.21176470588235294,0.7068607068607069,0.015844074844074844,0.018144896727766688,0.85
672724,R,2,142,4,16,90.58928571428571,"Peraza, Oswald",R,233,0.028169014084507043,0.11267605633802817,0.6094420600858369,0.011107296137339056,0.017070343047640463,0.703
672761,R,3,88,4,16,91.48157894736842,"Pérez, Wenceel",L,121,0.045454545454545456,0.18181818181818182,0.7272727272727273,0.021388429752066115,0.025359155826371927,0.595
672820,R,0,60,3,8,90.23461538461538,"Sosa, Lenyn",R,72,0.05,0.13333333333333333,0.8333333333333334,0.025958333333333333,0.028570610367676892,0.5
672960,R,23,282,33,58,94.54671052631579,"Okamoto, Kazuma",R,468,0.11702127659574468,0.20567375886524822,0.6025641025641025,0.04277564102564102,0.040741824600444426,0.825
673237,R,12,216,14,20,93.16136363636365,"Diaz, Yainer",R,266,0.06481481481481481,0.09259259259259259,0.8120300751879699,0.03161654135338345,0.03152226875526106,0.783
673357,R,6,105,7,18,93.6,"Robert Jr., Luis",R,162,0.06666666666666667,0.17142857142857143,0.6481481481481481,0.026845679012345677,0.02842284569950014,0.636
673490,R,0,48,1,9,89.035,"Kim, Ha-Seong",R,81,0.020833333333333332,0.1875,0.5925925925925926,0.009098765432098765,0.021367722082055257,0.444
673548,R,18,287,34,48,92.3622641509434,"Suzuki, Seiya",R,466,0.11846689895470383,0.1672473867595819,0.6158798283261803,0.043806866952789694,0.04162404628118695,0.827
673962,R,9,235,16,38,93.7890625,"Jung, Josh",R,328,0.06808510638297872,0.16170212765957448,0.7164634146341463,0.03013414634146341,0.030347449608017385,0.797
673995,R,0,1,0,0,,"Wendzel, Davis",R,1,0.0,0.0,1.0,0.0,0.030671692526577494,0.016
675448,R,0,0,0,0,,"Hunt, Blake",R,1,0.0,0.0,0.0,0.0,0.03118288740202045,0.0
675659,R,0,10,0,0,92.44999999999999,"Jones, Greg",L,17,0.0,0.0,0.5882352941176471,0.0,0.026728189201731818,0.143
675961,R,2,92,1,12,89.48,"Williams, Alika",R,128,0.010869565217391304,0.13043478260869565,0.71875,0.006179687499999999,0.01604937167185018,0.605
676356,R,9,161,8,28,90.60142857142857,"DeLuca, Jonny",R,216,0.049689440993788817,0.17391304347826086,0.7453703703703703,0.023629629629629625,0.025680287848378267,0.729
676369,R,1,18,3,4,99.58333333333333,"Velázquez, Nelson",R,32,0.16666666666666666,0.2222222222222222,0.5625,0.05615625,0.03694597107847727,0.231
676391,R,5,365,6,72,87.55792349726777,"Clement, Ernie",R,420,0.01643835616438356,0.19726027397260273,0.8690476190476191,0.0113,0.014106995868520534,0.859
676439,R,3,129,9,20,93.35657894736842,"Feduccia, Hunter",L,209,0.06976744186046512,0.15503875968992248,0.6172248803827751,0.026483253588516747,0.027975200830898876,0.683
676475,R,23,329,45,51,96.73764705882354,"Burleson, Alec",L,464,0.13677811550151975,0.15501519756838905,0.709051724137931,0.05774353448275861,0.053646776578274574,0.846
676480,R,0,3,0,1,92.6,"Barrero, José",R,4,0.0,0.3333333333333333,0.75,0.0045,0.029912273716209952,0.048
676551,R,0,18,2,3,92.04444444444444,"Hicklen, Brewer",R,38,0.1111111111111111,0.16666666666666666,0.47368421052631576,0.03168421052631579,0.03129857735378091,0.231
676566,R,1,3,1,0,96.6,"Ross, Shawn",R,5,0.3333333333333333,0.0,0.6,0.11499999999999999,0.035174178478114715,0.048
676572,R,0,7,0,1,83.4,"Wagaman, Eric",R,9,0.0,0.14285714285714285,0.7777777777777778,0.002,0.028133929016734734,0.104
676609,R,10,219,10,30,90.61011235955057,"Caballero, José",R,309,0.045662100456621,0.136986301369863,0.7087378640776699,0.020355987055016178,0.0226843527210386,0.785
676694,R,2,70,3,6,87.75454545454545,"Meyers, Jake",R,98,0.04285714285714286,0.08571428571428572,0.7142857142857143,0.01870408163265306,0.024463530449284163,0.538
676724,R,9,206,18,30,93.55979381443298,"Young, Jared",L,280,0.08737864077669903,0.14563106796116504,0.7357142857142858,0.038892857142857146,0.037153766223871426,0.774
676914,R,3,41,4,7,93.71666666666665,"Schneider, Davis",R,71,0.0975609756097561,0.17073170731707318,0.5774647887323944,0.03416901408450704,0.032395077441445694,0.406
677008,R,0,10,0,2,82.95,"Kjerstad, Heston",L,19,0.0,0.2,0.5263157894736842,0.001894736842105263,0.026998865893461142,0.143
677060,R,0,8,0,2,89.97142857142856,"Stevens, Chad",R,16,0.0,0.25,0.5,0.00225,0.027779018295900397,0.118
677347,R,0,0,0,0,,"Paris, Kyren",R,4,0.0,0.0,0.0,0.0,0.03118288740202045,0.0
677587,R,10,302,6,65,89.86089743589743,"Rocchio, Brayan",L,394,0.019867549668874173,0.2152317880794702,0.766497461928934,0.011725888324873094,0.014950805298985915,0.834
677588,R,7,159,13,14,95.80845070422535,"Tena, José",L,268,0.08176100628930817,0.0880503144654088,0.5932835820895522,0.028832089552238805,0.029476143757658432,0.726
677592,R,3,42,6,2,96.45625,"Pereira, Everson",R,67,0.14285714285714285,0.047619047619047616,0.6268656716417911,0.052029850746268654,0.03976693113200501,0.412
677594,R,14,320,26,51,94.34701986754966,"Rodríguez, Julio",R,447,0.08125,0.159375,0.7158836689038032,0.03549888143176733,0.034817408690228355,0.842
677595,R,2,30,3,5,93.7,"Mauricio, Ronny",L,46,0.1,0.16666666666666666,0.6521739130434783,0.03945652173913043,0.033940765514390445,0.333
677649,R,13,299,20,35,92.19699248120301,"Duran, Ezequiel",R,435,0.06688963210702341,0.11705685618729098,0.6873563218390805,0.027885057471264362,0.028436226819023042,0.833
677800,R,18,307,41,42,94.06296296296297,"Abreu, Wilyer",L,465,0.13355048859934854,0.13680781758957655,0.6602150537634408,0.052324731182795695,0.048868298957055877,0.837
677870,R,0,64,2,7,89.75357142857142,"Jiménez, Leo",R,101,0.03125,0.109375,0.6336633663366337,0.012633663366336631,0.02160909435134493,0.516
677942,R,3,128,11,14,93.8109375,"Alexander, Blaze",R,186,0.0859375,0.109375,0.6881720430107527,0.03536021505376344,0.034027025377675255,0.681
677943,R,0,10,0,3,88.38,"Banfield, Will",R,15,0.0,0.3,0.6666666666666666,0.0035999999999999995,0.027242474916017532,0.143
677950,R,2,72,5,12,94.2054054054054,"Thomas, Alek",L,102,0.06944444444444445,0.16666666666666666,0.7058823529411765,0.03030392156862745,0.030703451492897,0.545
677951,R,14,326,34,47,94.52849462365592,"Witt Jr., Bobby",R,461,0.10429447852760736,0.1441717791411043,0.7071583514099783,0.04424295010845987,0.04221288854787343,0.845
677956,R,0,20,0,2,89.55,"Hinds, Rece",R,38,0.0,0.1,0.5263157894736842,0.0009473684210526315,0.023624007656778495,0.25
678009,R,0,25,1,1,89.3153846153846,"Meadows, Parker",L,38,0.04,0.04,0.6578947368421053,0.015605263157894737,0.026601233212571712,0.294
678011,R,2,94,4,10,92.21739130434783,"Seigler, Anthony",L,132,0.0425531914893617,0.10638297872340426,0.7121212121212122,0.018787878787878787,0.023617102923258658,0.61
678218,R,6,123,8,27,90.45384615384616,"Valenzuela, Brandon",L,193,0.06504065040650407,0.21951219512195122,0.6373056994818653,0.02635233160621762,0.027936120391726747,0.672
678225,R,0,0,0,0,,"Bae, Jihwan",L,2,0.0,0.0,0.0,0.0,0.03118288740202045,0.0
678246,R,21,331,42,71,93.23469387755102,"Vargas, Miguel",R,496,0.1268882175226586,0.21450151057401812,0.6673387096774194,0.051266129032258065,0.048184301672119303,0.847
678391,R,3,224,8,33,88.26403508771931,"Vivas, Jorbit",L,312,0.03571428571428571,0.14732142857142858,0.717948717948718,0.016647435897435895,0.019718305933615732,0.789
678489,R,1,67,3,13,92.98529411764706,"Barrosa, Jorge",L,111,0.04477611940298507,0.19402985074626866,0.6036036036036037,0.017648648648648648,0.024042777193548713,0.528
678545,R,4,61,6,10,91.44,"Basabe, Osleivis",R,83,0.09836065573770492,0.16393442622950818,0.7349397590361446,0.04373493975903615,0.037510781565474646,0.504
678554,R,10,124,12,17,92.81692307692309,"Mead, Curtis",R,189,0.0967741935483871,0.13709677419354838,0.656084656084656,0.03812698412698413,0.035862604760148145,0.674
678577,R,2,4,2,0,106.4,"Perez, Junior",R,9,0.5,0.0,0.4444444444444444,0.12777777777777777,0.03722006805050528,0.062
678662,R,9,239,15,35,91.66280991735537,"Tovar, Ezequiel",R,339,0.06276150627615062,0.14644351464435146,0.7050147492625368,0.027300884955752208,0.02807988210216055,0.799
678760,R,0,2,0,1,79.1,"Leonard, Eddys",R,3,0.0,0.5,0.6666666666666666,0.005999999999999999,0.030370536195503662,0.032
678882,R,11,319,16,35,89.71987577639752,"Rafaela, Ceddanne",R,422,0.050156739811912224,0.109717868338558,0.7559241706161137,0.02329383886255924,0.02454276475271141,0.842
679529,R,23,234,32,52,95.25140845070423,"Torkelson, Spencer",R,433,0.13675213675213677,0.2222222222222222,0.5404157043879908,0.04465588914549654,0.0419062969529504,0.796
679822,R,3,58,5,10,90.75666666666666,"Foscue, Justin",R,86,0.08620689655172414,0.1724137931034483,0.6744186046511628,0.03552325581395349,0.033316288824835,0.492
679845,R,6,186,8,36,89.02244897959184,"Loftin, Nick",R,259,0.043010752688172046,0.1935483870967742,0.7181467181467182,0.020262548262548263,0.02292604561363904,0.756
680474,R,1,22,2,5,92.88000000000001,"Schuemann, Max",R,44,0.09090909090909091,0.22727272727272727,0.5,0.02818181818181818,0.030377722489283256,0.268
680574,R,9,221,19,33,91.82148760330578,"McLain, Matt",R,372,0.08597285067873303,0.1493212669683258,0.5940860215053764,0.03096505376344086,0.031011566284134012,0.786
680577,R,0,3,0,1,87.3,"Keirsey Jr., DaShawn",L,5,0.0,0.3333333333333333,0.6,0.0035999999999999995,0.02986941657335281,0.048
680664,R,3,61,9,9,95.93793103448276,"Valencia, Eduardo",R,79,0.14754098360655737,0.14754098360655737,0.7721518987341772,0.06755696202531644,0.049520230807153134,0.504
680700,R,10,233,11,39,90.15333333333334,"Palacios, Richie",L,335,0.04721030042918455,0.16738197424892703,0.6955223880597015,0.020976119402985074,0.023066242542719283,0.795
680716,R,0,1,0,1,97.0,"Ornelas, Jonathan",R,5,0.0,1.0,0.2,0.0036,0.030730708920020118,0.016
680718,R,0,14,0,3,90.24444444444445,"Barger, Addison",L,24,0.0,0.21428571428571427,0.5833333333333334,0.00225,0.025709097893530094,0.189
680728,R,5,110,7,17,93.99666666666667,"Del Castillo, Adrian",L,169,0.06363636363636363,0.15454545454545454,0.650887573964497,0.02562721893491124,0.027588043099773314,0.647
680737,R,0,14,0,2,70.775,"Helman, Michael",R,19,0.0,0.14285714285714285,0.7368421052631579,0.0018947368421052629,0.025641885944739196,0.189
680757,R,3,337,2,45,86.72849462365592,"Kwan, Steven",L,435,0.005934718100890208,0.13353115727002968,0.774712643678161,0.004505747126436781,0.008537556739875118,0.849
680776,R,18,300,28,37,93.3768656716418,"Duran, Jarren",L,470,0.09333333333333334,0.12333333333333334,0.6382978723404256,0.03567234042553192,0.034924098254946676,0.833
680777,R,11,160,19,21,93.32441860465116,"Jeffers, Ryan",R,230,0.11875,0.13125,0.6956521739130435,0.04914347826086956,0.04424513529936526,0.727
680779,R,7,133,12,27,95.5813559322034,"Davis, Henry",R,207,0.09022556390977443,0.20300751879699247,0.642512077294686,0.03568115942028985,0.03428273288611283,0.689
680869,R,15,208,21,31,94.773,"Gelof, Zack",R,320,0.10096153846153846,0.14903846153846154,0.65,0.039478124999999996,0.03762098225418368,0.776
680977,R,3,75,3,12,87.89736842105263,"Donovan, Brendan",L,107,0.04,0.16,0.7009345794392523,0.01814018691588785,0.02393694268750234,0.556
681047,R,0,19,1,1,91.2,"Franklin, Christian",R,31,0.05263157894736842,0.05263157894736842,0.6129032258064516,0.019129032258064515,0.02828385894967662,0.241
681082,R,8,337,21,51,93.29217877094972,"Stott, Bryson",L,463,0.06231454005934718,0.1513353115727003,0.7278617710583153,0.02806263498920086,0.028534209661163518,0.849
681146,R,0,2,0,0,97.3,"Bride, Jonah",R,3,0.0,0.0,0.6666666666666666,0.0,0.03017698780840689,0.032
681190,R,0,1,0,0,,"Vásquez, Randy",R,1,0.0,0.0,1.0,0.0,0.030671692526577494,0.016
681198,R,12,316,18,63,89.60159574468085,"Rumfield, TJ",L,435,0.056962025316455694,0.19936708860759494,0.7264367816091954,0.0264,0.02716322671308837,0.84
681230,R,0,1,0,1,97.9,"Murray Jr., BJ",L,4,0.0,1.0,0.25,0.0045,0.030745463018380773,0.016
681297,R,12,193,20,29,93.6548076923077,"Cowser, Colton",L,328,0.10362694300518134,0.15025906735751296,0.5884146341463414,0.036652439024390235,0.03535531215742507,0.763
681351,R,4,124,12,20,92.66610169491526,"O'Hoppe, Logan",R,188,0.0967741935483871,0.16129032258064516,0.6595744680851063,0.03861702127659574,0.036192847187060326,0.674
681393,R,6,145,9,26,91.17469879518072,"Norby, Connor",R,247,0.06206896551724138,0.1793103448275862,0.5870445344129555,0.022846153846153846,0.025286173423480655,0.707
681481,R,13,142,14,27,93.35581395348838,"Carpenter, Kerry",L,232,0.09859154929577464,0.19014084507042253,0.6120689655172413,0.036793103448275855,0.035126702642457416,0.703
681508,R,10,137,16,19,93.62957746478872,"Gasper, Mickey",L,197,0.11678832116788321,0.1386861313868613,0.6954314720812182,0.048436548223350244,0.04318162614578787,0.695
681546,R,3,70,3,15,92.35833333333333,"Outman, James",L,146,0.04285714285714286,0.21428571428571427,0.4794520547945205,0.013664383561643834,0.021749846872586888,0.538
681624,R,15,285,20,46,92.44620689655173,"Pages, Andy",R,409,0.07017543859649122,0.16140350877192983,0.6968215158924206,0.030141809290953545,0.03032286635374779,0.826
681715,R,15,203,22,39,96.22358490566039,"Hernández, Heriberto",R,341,0.10837438423645321,0.1921182266009852,0.5953079178885631,0.03915542521994135,0.037336595299503124,0.772
681807,R,3,46,5,7,90.85263157894737,"Fry, David",R,66,0.10869565217391304,0.15217391304347827,0.696969696969697,0.04546969696969697,0.037382823629502716,0.434
681909,R,0,4,0,1,94.25,"Dean, Justin",R,9,0.0,0.25,0.4444444444444444,0.0019999999999999996,0.029358956939394172,0.062
681987,R,1,17,1,4,95.3625,"Eaton, Nate",R,25,0.058823529411764705,0.23529411764705882,0.68,0.02588,0.03001212005352243,0.221
682177,R,4,137,10,23,90.724,"Schneemann, Daniel",L,219,0.072992700729927,0.1678832116788321,0.6255707762557078,0.02814611872146118,0.02907102288812898,0.695
682515,R,0,0,0,0,,"Porter, Logan",R,1,0.0,0.0,0.0,0.0,0.03118288740202045,0.0
682622,R,3,104,3,7,90.07741935483871,"Marte, Noelvi",R,148,0.028846153846153848,0.0673076923076923,0.7027027027027027,0.012506756756756757,0.019339487480633716,0.634
682626,R,13,180,28,22,97.09753086419752,"Alvarez, Francisco",R,300,0.15555555555555556,0.12222222222222222,0.6,0.054986666666666656,0.0490357218505051,0.75
682634,R,0,5,0,2,92.075,"Alcántara, Kevin",R,10,0.0,0.4,0.5,0.0036,0.029061126832634263,0.077
682641,R,0,6,0,1,100.1,"Matos, Luis",R,8,0.0,0.16666666666666666,0.75,0.00225,0.028552624910927683,0.091
682657,R,11,183,13,32,91.09670329670328,"Martínez, Angel",L,264,0.07103825136612021,0.17486338797814208,0.6931818181818182,0.03049621212121212,0.030665761573263558,0.753
682663,R,4,111,4,12,90.74102564102564,"Ramírez, Agustín",R,162,0.036036036036036036,0.10810810810810811,0.6851851851851852,0.015530864197530862,0.021022802164018438,0.649
682668,R,1,81,4,2,91.4,"Acuña, Luisangel",R,116,0.04938271604938271,0.024691358024691357,0.6982758620689655,0.020137931034482758,0.02483791246747752,0.574
682674,R,3,33,4,3,95.52777777777777,"Bericoto, Victor",R,49,0.12121212121212122,0.09090909090909091,0.673469387755102,0.0480408163265306,0.03716473314942728,0.355
682729,R,2,9,0,4,92.75,"Clase, Jonatan",L,17,0.0,0.4444444444444444,0.5294117647058824,0.0042352941176470585,0.027667983930145662,0.13
682818,R,4,106,6,15,93.39259259259259,"Piñango, Yohendrick",L,148,0.05660377358490566,0.14150943396226415,0.7162162162162162,0.025135135135135135,0.02732106968943103,0.639
682829,R,20,267,41,21,97.515,"De La Cruz, Elly",L,449,0.15355805243445692,0.07865168539325842,0.5946547884187082,0.05334743875278396,0.04928054859668056,0.817
682848,R,6,81,9,17,94.814,"Rodríguez, Endy",L,131,0.1111111111111111,0.20987654320987653,0.6183206106870229,0.041839694656488555,0.03730488305884255,0.574
682877,R,1,50,0,7,87.74666666666667,"Brito, Juan",L,71,0.0,0.14,0.704225352112676,0.0017746478873239436,0.017815505804431128,0.455
682927,R,0,34,0,4,91.80833333333334,"Simon, Ronny",L,44,0.0,0.11764705882352941,0.7727272727272727,0.001636363636363636,0.0204958468910382,0.362
682928,R,25,296,33,55,94.82974683544305,"Abrams, CJ",L,449,0.11148648648648649,0.1858108108108108,0.6592427616926503,0.04446547884187081,0.04222683983515446,0.831
682985,R,15,251,41,33,95.39803921568627,"Greene, Riley",L,408,0.16334661354581673,0.13147410358565736,0.6151960784313726,0.05923774509803922,0.053825232359257465,0.807
682987,R,8,121,19,24,97.89750000000001,"Jones, Spencer",L,231,0.15702479338842976,0.19834710743801653,0.5238095238095238,0.04916450216450217,0.043203745889646344,0.669
682988,R,1,21,4,1,96.2375,"Locklear, Tyler",R,29,0.19047619047619047,0.047619047619047616,0.7241379310344828,0.07993103448275861,0.043821295904434045,0.259
682989,R,0,1,0,0,,"Mederos, Victor",R,1,0.0,0.0,1.0,0.0,0.030671692526577494,0.016
682997,R,3,53,4,16,89.18857142857142,"Callihan, Tyler",L,100,0.07547169811320754,0.3018867924528302,0.53,0.02588,0.028695692425851564,0.469
682998,R,16,300,40,51,95.6474358974359,"Carroll, Corbin",L,461,0.13333333333333333,0.17,0.6507592190889371,0.05188286334056398,0.04843286735080673,0.833
683002,R,16,315,28,58,94.65426829268293,"Henderson, Gunnar",L,478,0.08888888888888889,0.18412698412698414,0.6589958158995816,0.035866108786610874,0.03511679336507641,0.84
683011,R,1,91,4,17,93.34545454545454,"Volpe, Anthony",R,146,0.04395604395604396,0.18681318681318682,0.6232876712328768,0.017849315068493153,0.023147423280490756,0.603
683021,R,0,5,0,0,86.4,"Stefanic, Michael",R,7,0.0,0.0,0.7142857142857143,0.0,0.028784203755711186,0.077
683079,R,0,2,0,0,78.1,"Martinez, Omar",L,3,0.0,0.0,0.6666666666666666,0.0,0.03017698780840689,0.032
683083,R,0,234,2,26,87.07864077669903,"Nuñez, Nasim",L,342,0.008547008547008548,0.1111111111111111,0.6842105263157895,0.004730994152046784,0.010129339713265899,0.796
683090,R,0,5,0,0,89.7,"Lugo, Matthew",R,7,0.0,0.0,0.7142857142857143,0.0,0.028784203755711186,0.077
683146,R,11,248,26,36,95.8218309859155,"Baty, Brett",L,382,0.10483870967741936,0.14516129032258066,0.6492146596858639,0.04083246073298429,0.038952673720458866,0.805
683227,R,0,35,0,6,87.51818181818182,"Freeman, Cody",R,48,0.0,0.17142857142857143,0.7291666666666666,0.00225,0.020523402569697126,0.368
683357,R,14,157,24,25,95.84782608695652,"Caissie, Owen",L,292,0.15286624203821655,0.1592356687898089,0.5376712328767124,0.0488013698630137,0.04392990005813078,0.724
683679,R,2,31,1,2,86.41428571428571,"Rodriguez, Jesus",R,41,0.03225806451612903,0.06451612903225806,0.7560975609756098,0.014902439024390243,0.025636800592058515,0.341
683734,R,4,139,6,20,92.24477611940299,"Vaughn, Andrew",R,200,0.04316546762589928,0.14388489208633093,0.695,0.019049999999999997,0.022708157005634305,0.698
683737,R,13,308,26,52,92.06818181818181,"Busch, Michael",L,507,0.08441558441558442,0.16883116883116883,0.6074950690335306,0.03133333333333333,0.031308804105401884,0.837
683748,R,12,133,18,19,93.73506493506494,"Mesa Jr., Victor",L,196,0.13533834586466165,0.14285714285714285,0.6785714285714286,0.05455102040816326,0.047286315846668085,0.689
683766,R,0,102,3,14,88.16190476190476,"Koss, Christian",R,153,0.029411764705882353,0.13725490196078433,0.6666666666666666,0.012921568627450978,0.01968502002543967,0.63
683953,R,13,242,14,43,93.2968992248062,"Bazzana, Travis",L,352,0.05785123966942149,0.17768595041322313,0.6875,0.025068181818181816,0.026283023987156377,0.801
685133,R,3,199,7,29,90.39052631578947,"Meckler, Wade",L,281,0.035175879396984924,0.1457286432160804,0.708185053380783,0.016181494661921706,0.019656720779319098,0.768
686217,R,3,226,6,29,88.43626373626374,"Frelick, Sal",L,286,0.02654867256637168,0.12831858407079647,0.7902097902097902,0.013888111888111888,0.017516386471449347,0.79
686452,R,2,87,3,15,85.88636363636364,"Millas, Drew",L,132,0.034482758620689655,0.1724137931034483,0.6590909090909091,0.01511363636363636,0.02167251433848701,0.592
686469,R,15,254,27,46,95.12751677852349,"Pasquantino, Vinnie",L,349,0.1062992125984252,0.18110236220472442,0.7277936962750716,0.0468567335243553,0.04386173108059705,0.809
686475,R,2,46,3,4,91.20476190476191,"Tolbert, Tyler",R,63,0.06521739130434782,0.08695652173913043,0.7301587301587301,0.028523809523809524,0.030028947945438353,0.434
686527,R,18,278,36,34,95.62671232876713,"Canzone, Dominic",L,389,0.12949640287769784,0.1223021582733813,0.7146529562982005,0.05478663239074549,0.05059661848742152,0.822
686554,R,0,5,0,0,,"Dunn, Oliver",L,8,0.0,0.0,0.625,0.0,0.028784203755711186,0.077
686555,R,4,221,11,36,91.24537037037037,"Collins, Isaac",L,365,0.049773755656108594,0.16289592760180996,0.6054794520547945,0.01910410958904109,0.021683208054445936,0.786
686611,R,7,197,17,28,93.35000000000001,"Crews, Dylan",R,301,0.08629441624365482,0.14213197969543148,0.654485049833887,0.03414950166112956,0.03345690689246596,0.767
686668,R,1,74,3,13,92.92777777777778,"Doyle, Brenton",R,126,0.04054054054054054,0.17567567567567569,0.5873015873015873,0.015547619047619046,0.022548485474962958,0.552
686681,R,10,281,18,62,93.29818181818182,"Massey, Michael",L,351,0.06405693950177936,0.2206405693950178,0.8005698005698005,0.03266666666666666,0.03240559113623038,0.824
686765,R,3,138,5,27,89.91571428571429,"Sogard, Nick",L,206,0.036231884057971016,0.1956521739130435,0.6699029126213593,0.016315533980582525,0.020820792593139473,0.697
686780,R,4,79,5,11,89.28857142857143,"Pagés, Pedro",R,117,0.06329113924050633,0.13924050632911392,0.6752136752136753,0.026264957264957266,0.02838780480613562,0.568
686797,R,21,346,15,78,91.30591397849463,"Lee, Brooks",L,425,0.04335260115606936,0.2254335260115607,0.8141176470588235,0.023597647058823525,0.02471861853811371,0.852
686823,R,0,17,0,1,94.16,"Brennan, Will",L,21,0.0,0.058823529411764705,0.8095238095238095,0.0008571428571428571,0.02448759315185267,0.221
686894,R,0,18,0,0,92.47999999999999,"Wiemer, Joey",R,41,0.0,0.0,0.43902439024390244,0.0,0.023986836463092652,0.231
686948,R,18,264,42,36,95.83576158940397,"Baldwin, Drake",L,391,0.1590909090909091,0.13636363636363635,0.6751918158567775,0.06342199488491047,0.057451789795486395,0.815
687093,R,10,215,15,31,92.46601941747574,"Grissom, Vaughn",R,296,0.06976744186046512,0.14418604651162792,0.7263513513513513,0.031023648648648643,0.031058391649384308,0.782
687221,R,11,111,15,19,94.19242424242424,"Rushing, Dalton",L,187,0.13513513513513514,0.17117117117117117,0.5935828877005348,0.04795187165775402,0.04206801753293522,0.649
687231,R,0,68,1,6,86.72758620689655,"Hernaiz, Darell",R,99,0.014705882352941176,0.08823529411764706,0.6868686868686869,0.0068989898989898985,0.01828206685353547,0.531
687263,R,19,280,34,59,94.36790123456791,"Neto, Zach",R,512,0.12142857142857143,0.21071428571428572,0.546875,0.04025781249999999,0.03865635512976831,0.824
687282,R,2,49,5,6,94.76153846153846,"Rincones Jr., Gabriel",L,84,0.10204081632653061,0.12244897959183673,0.5833333333333334,0.03551190476190476,0.033128959426188626,0.45
687363,R,1,80,2,11,92.73333333333333,"Scott II, Victor",L,131,0.025,0.1375,0.6106870229007634,0.010290076335877862,0.019244138221367543,0.571
687401,R,7,192,8,17,92.3012048192771,"Ortiz, Joey",R,265,0.041666666666666664,0.08854166666666667,0.7245283018867924,0.01851320754716981,0.021529797988800916,0.762
687462,R,9,256,16,41,91.25530303030304,"Horwitz, Spencer",L,361,0.0625,0.16015625,0.7091412742382271,0.027529085872576173,0.02822284565664787,0.81
687515,R,0,10,0,0,88.775,"Thomas, Colby",R,17,0.0,0.0,0.5882352941176471,0.0,0.026728189201731818,0.143
687529,R,2,38,5,6,96.49333333333334,"McCray, Grant",L,67,0.13157894736842105,0.15789473684210525,0.5671641791044776,0.04452238805970148,0.03635534684071309,0.388
687551,R,11,243,16,35,91.97058823529412,"Gilbert, Drew",L,343,0.06584362139917696,0.1440329218106996,0.7084548104956269,0.02865889212827988,0.029158693172584946,0.802
687597,R,0,53,3,5,93.47142857142858,"Beck, Jordan",R,83,0.05660377358490566,0.09433962264150944,0.6385542168674698,0.02186746987951807,0.026813709271997208,0.469
687605,R,0,7,1,0,90.89999999999999,"Pinckney, Andrew",R,13,0.14285714285714285,0.0,0.5384615384615384,0.04423076923076922,0.03254609893636734,0.104
687637,R,9,180,18,41,93.53831775700935,"Beavers, Dylan",L,293,0.1,0.22777777777777777,0.6143344709897611,0.037843003412969284,0.03617797441023207,0.75
687749,R,0,27,2,3,88.94615384615385,"Bowen, Jase",R,52,0.07407407407407407,0.1111111111111111,0.5192307692307693,0.023153846153846153,0.028691115980173258,0.31
687859,R,2,233,4,49,91.8719696969697,"Johnston, Troy",L,337,0.017167381974248927,0.21030042918454936,0.6913946587537092,0.00944213649851632,0.01389416740025778,0.795
687952,R,4,97,8,20,93.57499999999999,"Encarnacion-Strand, Christian",R,134,0.08247422680412371,0.20618556701030927,0.7238805970149254,0.037014925373134326,0.034786121052963415,0.618
687957,R,0,103,2,26,90.16909090909091,"Harris, Dustin",L,129,0.019417475728155338,0.2524271844660194,0.7984496124031008,0.012542635658914726,0.019404078018340147,0.632
688363,R,4,101,7,29,92.06470588235294,"Pauley, Graham",L,144,0.06930693069306931,0.2871287128712871,0.7013888888888888,0.03157638888888888,0.031429742372043504,0.627
689414,R,17,341,15,68,89.4,"Hicks, Liam",L,436,0.04398826979472141,0.19941348973607037,0.7821100917431193,0.022589449541284404,0.023875250717454385,0.85
690022,R,0,8,0,1,94.47142857142856,"Ritter, Ryan",R,11,0.0,0.125,0.7272727272727273,0.0016363636363636363,0.027706825782531412,0.118
690291,R,0,6,0,3,87.84,"Jung, Jace",L,11,0.0,0.5,0.5454545454545454,0.004909090909090908,0.028794360448117767,0.091
690924,R,1,13,0,2,88.28888888888889,"Fulford, Braxton",R,25,0.0,0.15384615384615385,0.52,0.0014399999999999999,0.025886208823578453,0.178
690976,R,4,144,10,18,93.28823529411765,"Freeland, Alex",L,235,0.06944444444444445,0.125,0.6127659574468085,0.025846808510638298,0.02741624347869187,0.706
690984,R,3,113,7,20,90.19545454545454,"Halpin, Petey",L,147,0.061946902654867256,0.17699115044247787,0.7687074829931972,0.029829931972789107,0.030299165069632344,0.653
690993,R,10,281,23,43,93.10657894736842,"Keith, Colt",L,398,0.08185053380782918,0.15302491103202848,0.7060301507537688,0.03517336683417085,0.034471229690683974,0.824
691002,R,3,18,3,3,98.075,"Morales, Yohandy",R,26,0.16666666666666666,0.16666666666666666,0.6923076923076923,0.06842307692307692,0.03977677729149502,0.231
691011,R,6,109,7,16,87.39,"Romo, Drew",L,165,0.06422018348623854,0.14678899082568808,0.6606060606060606,0.02613939393939394,0.02792998333440927,0.645
691016,R,10,213,20,32,94.65566037735849,"Soderstrom, Tyler",L,309,0.09389671361502347,0.15023474178403756,0.6893203883495146,0.03908090614886731,0.03734507785285701,0.78
691019,R,5,51,7,9,93.4625,"Teel, Kyle",L,105,0.13725490196078433,0.17647058823529413,0.4857142857142857,0.039876190476190475,0.03517710773339587,0.459
691023,R,20,325,40,36,95.51677852348993,"Walker, Jordan",R,492,0.12307692307692308,0.11076923076923077,0.6605691056910569,0.048065040650406496,0.0454340557285801,0.844
691026,R,4,264,10,30,90.59491525423729,"Winn, Masyn",R,391,0.03787878787878788,0.11363636363636363,0.6751918158567775,0.016086956521739127,0.01888249927734678,0.815
691176,R,4,98,5,18,94.7404255319149,"Domínguez, Jasson",L,138,0.05102040816326531,0.1836734693877551,0.7101449275362319,0.023181159420289855,0.02621979029942806,0.62
691181,R,2,17,5,2,101.26666666666667,"Rodriguez, Emmanuel",L,33,0.29411764705882354,0.11764705882352941,0.5151515151515151,0.0882121212121212,0.04377375720425049,0.221
691182,R,4,46,4,7,91.70625,"Amador, Adael",L,58,0.08695652173913043,0.15217391304347827,0.7931034482758621,0.041827586206896555,0.03580228499658933,0.434
691277,R,0,15,0,3,94.61666666666667,"De Los Santos, Deyvison",R,22,0.0,0.2,0.6818181818181818,0.0024545454545454545,0.025437219012525453,0.2
691373,R,0,20,1,3,88.95714285714287,"Garcia, Jhostynxon",R,34,0.05,0.15,0.5882352941176471,0.0185,0.02801216555151534,0.25
691406,R,34,360,47,48,97.72866666666665,"Caminero, Junior",R,511,0.13055555555555556,0.13333333333333333,0.7045009784735812,0.05457729941291584,0.0512352405542165,0.857
691458,R,1,97,9,11,93.41666666666667,"Jordan, Blaze",R,123,0.09278350515463918,0.1134020618556701,0.7886178861788617,0.04368292682926829,0.038905841697835994,0.618
691594,R,7,295,8,54,89.88467153284672,"Sanoja, Javier",R,338,0.02711864406779661,0.18305084745762712,0.8727810650887574,0.016485207100591714,0.01896932208111488,0.831
691718,R,34,308,48,79,95.16755319148936,"Crow-Armstrong, Pete",L,496,0.15584415584415584,0.2564935064935065,0.6209677419354839,0.05851209677419354,0.054056247420034884,0.837
691720,R,8,203,15,22,92.22234042553191,"Karros, Kyle",R,315,0.07389162561576355,0.10837438423645321,0.6444444444444445,0.02863809523809524,0.029218656188040155,0.772
691723,R,8,170,13,39,96.22093023255815,"Mayo, Coby",R,291,0.07647058823529412,0.22941176470588234,0.584192439862543,0.028099656357388317,0.028903977499466264,0.739
691728,R,3,35,3,7,91.6391304347826,"Veen, Zac",L,68,0.08571428571428572,0.2,0.5147058823529411,0.02722058823529411,0.029723092972173903,0.368
691740,R,1,75,4,12,89.14186046511628,"Susac, Daniel",R,111,0.05333333333333334,0.16,0.6756756756756757,0.02266666666666666,0.026451653660157233,0.556
691777,R,7,109,11,15,95.925,"Muncy, Max",R,180,0.10091743119266056,0.13761467889908258,0.6055555555555555,0.03663888888888888,0.03470184694088825,0.645
691781,R,6,157,14,11,92.1939393939394,"House, Brady",R,240,0.08917197452229299,0.07006369426751592,0.6541666666666667,0.03436666666666666,0.03348635903588891,0.724
691783,R,3,48,2,10,89.76923076923077,"Lawlar, Jordan",R,77,0.041666666666666664,0.20833333333333334,0.6233766233766234,0.01727272727272727,0.02500059401122348,0.444
691785,R,1,150,8,14,90.42631578947369,"Mayer, Marcelo",L,219,0.05333333333333334,0.09333333333333334,0.684931506849315,0.022155251141552507,0.024734575787400494,0.714
691788,R,13,181,15,29,94.59642857142858,"Mack, Joe",L,263,0.08287292817679558,0.16022099447513813,0.688212927756654,0.03477946768060836,0.03388405350336656,0.751
691858,R,0,10,0,1,86.625,"Serna, Jared",R,14,0.0,0.1,0.7142857142857143,0.0012857142857142856,0.026911862671119575,0.143
691907,R,0,25,2,5,90.65714285714286,"Cheng, Tsung-Che",L,39,0.08,0.2,0.6410256410256411,0.031794871794871796,0.03136288281168261,0.294
692216,R,1,13,3,2,97.4375,"Kayfus, CJ",L,22,0.23076923076923078,0.15384615384615385,0.5909090909090909,0.08004545454545456,0.03988444045496077,0.178
693304,R,5,305,12,35,90.64,"Gonzales, Nick",R,414,0.03934426229508197,0.11475409836065574,0.7367149758454107,0.018188405797101452,0.02032448496503334,0.836
693306,R,0,1,0,0,95.6,"Sabato, Aaron",R,3,0.0,0.0,0.3333333333333333,0.0,0.030671692526577494,0.016
693307,R,23,292,34,57,92.93924050632911,"Dingler, Dillon",R,417,0.11643835616438356,0.1952054794520548,0.7002398081534772,0.04934292565947241,0.04624746459286128,0.83
693409,R,0,30,1,4,92.88333333333333,"Prieto, César",L,35,0.03333333333333333,0.13333333333333333,0.8571428571428571,0.018485714285714282,0.02695049636325173,0.333
693459,R,0,6,0,1,86.42500000000001,"Fedko, Kyler",R,8,0.0,0.16666666666666666,0.75,0.00225,0.028552624910927683,0.091
694025,R,0,13,2,3,91.94285714285715,"Reyes, Felix",R,17,0.15384615384615385,0.23076923076923078,0.7647058823529411,0.07082352941176472,0.03824217981471463,0.178
694192,R,16,272,33,25,95.35915492957747,"Chourio, Jackson",R,402,0.1213235294117647,0.09191176470588236,0.6766169154228856,0.04832089552238805,0.04522366513918909,0.819
694197,R,1,73,3,3,96.38,"Genao, Angel",L,95,0.0410958904109589,0.0410958904109589,0.7684210526315789,0.01872631578947368,0.024345821780096283,0.549
694203,R,2,139,4,23,90.67878787878789,"Guzman, Denzer",R,198,0.02877697841726619,0.16546762589928057,0.702020202020202,0.013707070707070706,0.018976161167859572,0.698
694208,R,9,193,17,19,95.65578947368421,"Ballesteros, Moisés",L,291,0.08808290155440414,0.09844559585492228,0.6632302405498282,0.034766323024054975,0.03391649639432347,0.763
694212,R,16,200,28,26,96.25809523809524,"Basallo, Samuel",L,300,0.14,0.13,0.6666666666666666,0.05522666666666666,0.04967810222097907,0.769
694224,R,0,3,0,0,,"Gonzalez, Gabriel",R,5,0.0,0.0,0.6,0.0,0.029697988001924237,0.048
694249,R,9,140,9,30,91.47848101265824,"Carrigg, Cole",L,217,0.06428571428571428,0.21428571428571427,0.6451612903225806,0.02633640552995391,0.027790350091573875,0.7
694362,R,2,80,3,7,90.19500000000001,"Dunn, Blake",R,113,0.0375,0.0875,0.7079646017699115,0.016380530973451327,0.022724398014266668,0.571
694371,R,3,75,7,6,93.75454545454545,"Troy, Tommy",R,113,0.09333333333333334,0.08,0.6637168141592921,0.036575221238938055,0.034178628422530236,0.556
694374,R,10,180,19,18,92.04942528735633,"Tawa, Tim",R,260,0.10555555555555556,0.1,0.6923076923076923,0.043265384615384615,0.040244760312043576,0.75
694376,R,3,51,5,4,94.14583333333333,"Whitcomb, Shay",R,76,0.09803921568627451,0.0784313725490196,0.6710526315789473,0.03877631578947368,0.03467175990436383,0.459
694377,R,0,40,2,2,92.10000000000001,"Yorke, Nick",R,56,0.05,0.05,0.7142857142857143,0.02117857142857143,0.027181161012640842,0.4
694378,R,7,145,7,28,91.91267605633803,"Gonzalez, Jacob",L,194,0.04827586206896552,0.19310344827586207,0.7474226804123711,0.023345360824742267,0.025639271042482224,0.707
694384,R,5,251,6,49,90.4536231884058,"Schanuel, Nolan",L,327,0.02390438247011952,0.1952191235059761,0.7675840978593272,0.013247706422018347,0.016707869955137723,0.807
694388,R,1,62,4,3,91.06428571428572,"Loperfido, Joey",L,107,0.06451612903225806,0.04838709677419355,0.5794392523364486,0.022,0.026516174132141204,0.508
694410,R,0,22,1,2,94.9,"Groover, LuJames",R,33,0.045454545454545456,0.09090909090909091,0.6666666666666666,0.018515151515151512,0.027784226554323905,0.268
694497,R,9,244,14,41,92.28030303030303,"Carter, Evan",L,378,0.05737704918032787,0.1680327868852459,0.6455026455026455,0.023248677248677244,0.02481463977894235,0.803
694514,R,2,39,3,4,91.93333333333334,"Thompson, Sterlin",L,62,0.07692307692307693,0.10256410256410256,0.6290322580645161,0.028983870967741937,0.030316608200638008,0.394
694671,R,13,209,16,45,92.55438596491229,"Langford, Wyatt",R,316,0.07655502392344497,0.215311004784689,0.6613924050632911,0.03167721518987341,0.0315669562037352,0.777
694673,R,5,88,7,21,94.3566037735849,"Ortiz, Abimelec",L,127,0.07954545454545454,0.23863636363636365,0.6929133858267716,0.034669291338582674,0.03325588433727367,0.595
694728,R,3,89,7,11,95.97368421052632,"Matthews, Brice",R,148,0.07865168539325842,0.12359550561797752,0.6013513513513513,0.02853378378378378,0.029600536918644185,0.597
694876,R,0,7,0,0,96.6,"Ingle, Cooper",L,20,0.0,0.0,0.35,0.0,0.027924973792854135,0.104
695020,R,0,8,0,0,98.33333333333333,"Murray, Tanner",R,9,0.0,0.0,0.8888888888888888,0.0,0.027514312413547456,0.118
695238,R,0,26,0,1,82.2,"Wagner, Will",L,44,0.0,0.038461538461538464,0.5909090909090909,0.0004090909090909091,0.02187918148555338,0.302
695257,R,0,15,0,4,96.72500000000001,"Cook, Billy",R,26,0.0,0.26666666666666666,0.5769230769230769,0.0027692307692307686,0.025500156075462518,0.2
695336,R,1,88,6,8,92.77272727272727,"Saggese, Thomas",R,124,0.06818181818181818,0.09090909090909091,0.7096774193548387,0.028983870967741934,0.029875364116773766,0.595
695391,R,0,10,0,1,86.21666666666665,"Harris, Brett",R,23,0.0,0.1,0.43478260869565216,0.0007826086956521738,0.026839990443967843,0.143
695490,R,0,79,2,15,89.58048780487805,"Arroyo, Edwin",L,117,0.02531645569620253,0.189873417721519,0.6752136752136753,0.012136752136752138,0.02035810548866652,0.568
695491,R,2,43,3,11,94.86153846153846,"Báez, Joshua",R,65,0.06976744186046512,0.2558139534883721,0.6615384615384615,0.029584615384615383,0.030515647627763966,0.417
695506,R,16,256,40,38,99.37014925373134,"Caglianone, Jac",L,383,0.15625,0.1484375,0.6684073107049608,0.06183812010443865,0.05601750630018203,0.81
695508,R,0,21,0,4,90.0375,"Cauley, Cam",R,28,0.0,0.19047619047619047,0.75,0.002571428571428571,0.023765101779274406,0.259
695578,R,21,214,45,19,99.796,"Wood, James",L,408,0.2102803738317757,0.08878504672897196,0.5245098039215687,0.06425735294117647,0.057014769246470774,0.781
695600,R,23,263,37,41,94.2018987341772,"Jensen, Carter",L,434,0.14068441064638784,0.155893536121673,0.6059907834101382,0.050721198156682024,0.04709179058615665,0.814
695657,R,21,223,28,45,93.37777777777778,"Montgomery, Colson",L,442,0.12556053811659193,0.20179372197309417,0.504524886877828,0.03825791855203619,0.03675791194779257,0.788
695670,R,2,39,3,4,92.4923076923077,"Ford, Harry",R,60,0.07692307692307693,0.10256410256410256,0.65,0.02995,0.030697204486073,0.394
695681,R,2,54,5,4,92.89999999999999,"Moore, Christian",R,95,0.09259259259259259,0.07407407407407407,0.5684210526315789,0.031021052631578942,0.03110622882654816,0.474
695720,R,3,103,9,9,88.29807692307692,"White, Tommy",R,127,0.08737864077669903,0.08737864077669903,0.8110236220472441,0.042023622047244094,0.03803316757660963,0.632
695731,R,5,188,9,16,94.9439393939394,"Montgomery, Braden",L,262,0.047872340425531915,0.0851063829787234,0.7175572519083969,0.020851145038167936,0.02335076012619677,0.758
695734,R,21,354,40,64,92.39955947136565,"Lile, Daylen",L,475,0.11299435028248588,0.1807909604519774,0.7452631578947368,0.050846315789473684,0.047996543559408,0.855
696030,R,1,130,1,16,91.24067796610169,"Osuna, Alejandro",L,186,0.007692307692307693,0.12307692307692308,0.6989247311827957,0.004639784946236559,0.013021817300694629,0.684
696100,R,29,244,36,49,95.2748201438849,"Goodman, Hunter",R,386,0.14754098360655737,0.20081967213114754,0.6321243523316062,0.055911917098445583,0.05103118755309852,0.803
696135,R,1,44,2,6,90.32631578947368,"Watson, Kahlil",L,74,0.045454545454545456,0.13636363636363635,0.5945945945945946,0.017,0.025182435039627183,0.423
696285,R,7,224,13,25,89.875,"Young, Jacob",R,303,0.05803571428571429,0.11160714285714286,0.7392739273927392,0.026155115511551152,0.02721732084052354,0.789
699013,R,8,84,15,10,94.02916666666665,"Valdez, Esmerlyn",R,176,0.17857142857142858,0.11904761904761904,0.4772727272727273,0.05002840909090909,0.04217610838720549,0.583
699024,R,5,52,7,10,93.09705882352942,"Bernal, Leo",L,72,0.1346153846153846,0.19230769230769232,0.7222222222222222,0.05840277777777777,0.04382069364790778,0.464
699115,R,1,30,2,3,87.04285714285713,"Jorge, Carlos",L,45,0.06666666666666667,0.1,0.6666666666666666,0.026755555555555553,0.029707110119865487,0.333
699302,R,5,79,6,10,90.90625,"Rodríguez, Héctor",L,111,0.0759493670886076,0.12658227848101267,0.7117117117117117,0.032702702702702695,0.032046667321113234,0.568
699393,R,4,157,6,33,89.92207792207792,"Ramírez, Pedro",L,219,0.03821656050955414,0.21019108280254778,0.7168949771689498,0.018465753424657533,0.021982011667246358,0.724
699625,R,4,75,8,16,95.78510638297871,"Crooks, Jimmy",L,128,0.10666666666666667,0.21333333333333335,0.5859375,0.0381875,0.03507433884534242,0.556
699912,R,3,110,3,13,91.45384615384614,"Fernandez, Jose",R,153,0.02727272727272727,0.11818181818181818,0.7189542483660131,0.012803921568627448,0.01929061539217792,0.647
700246,R,1,16,1,2,96.58333333333333,"Williams, Carson",R,23,0.0625,0.125,0.6956521739130435,0.026565217391304345,0.03021074634713285,0.211
700250,R,30,275,45,40,96.1968944099379,"Rice, Ben",L,448,0.16363636363636364,0.14545454545454545,0.6138392857142857,0.05936383928571428,0.05431650461997808,0.821
700337,R,0,84,1,7,91.67878787878789,"Quero, Edgar",L,126,0.011904761904761904,0.08333333333333333,0.6666666666666666,0.005563492063492063,0.016238240121212222,0.583
700652,R,0,5,0,1,98.15,"Piper, Kenny",R,7,0.0,0.2,0.7142857142857143,0.0025714285714285713,0.028982005953513384,0.077
700932,R,12,158,21,29,94.27777777777777,"Manzardo, Kyle",L,283,0.13291139240506328,0.18354430379746836,0.558303886925795,0.04451236749116607,0.040843703246447094,0.725
701162,R,4,33,4,4,91.7421052631579,"Malgeri, Ben",R,55,0.12121212121212122,0.12121212121212122,0.6,0.04312727272727272,0.03542121767872287,0.355
701305,R,0,28,2,1,93.97857142857143,"Dezenzo, Zach",R,53,0.07142857142857142,0.03571428571428571,0.5283018867924528,0.0220377358490566,0.028273066453350135,0.318
701350,R,4,87,13,10,97.33584905660378,"Anthony, Roman",L,160,0.14942528735632185,0.11494252873563218,0.54375,0.04784375,0.04104339791919202,0.592
701358,R,14,268,31,33,94.66129032258064,"Smith, Cam",R,422,0.11567164179104478,0.12313432835820895,0.6350710900473934,0.043646919431279615,0.04136691357226879,0.817
701398,R,24,354,41,39,93.5121546961326,"Stewart, Sal",R,517,0.11581920903954802,0.11016949152542373,0.6847195357833655,0.04695744680851063,0.044671278778584525,0.855
701538,R,20,331,45,54,96.62268041237112,"Merrill, Jackson",L,483,0.13595166163141995,0.16314199395770393,0.6853002070393375,0.055583850931677024,0.05183945755116706,0.847
701649,R,0,4,0,0,89.7,"Triantos, James",R,6,0.0,0.0,0.6666666666666666,0.0,0.029233956939394172,0.062
701675,R,8,277,14,44,90.34887218045112,"Church, Nathan",L,364,0.05054151624548736,0.1588447653429603,0.760989010989011,0.024291208791208784,0.025518213885121842,0.822
701678,R,6,144,10,13,94.25352112676056,"Lee, Hao-Yu",R,218,0.06944444444444445,0.09027777777777778,0.6605504587155964,0.02744954128440367,0.028547584260173314,0.706
701762,R,15,135,30,9,101.73378378378379,"Kurtz, Nick",L,278,0.2222222222222222,0.06666666666666667,0.4856115107913669,0.06263309352517984,0.052956107025746185,0.692
701785,R,2,55,2,12,90.70357142857142,"Culpepper, Kaelen",R,79,0.03636363636363636,0.21818181818181817,0.6962025316455697,0.017291139240506327,0.024539007846513694,0.478
701807,R,14,328,22,39,92.21931818181818,"Benge, Carson",L,464,0.06707317073170732,0.11890243902439024,0.7068965517241379,0.028775862068965517,0.0291480824812936,0.845
701852,R,1,88,4,12,90.47441860465116,"Cavanaugh, Drew",L,147,0.045454545454545456,0.13636363636363635,0.5986394557823129,0.0171156462585034,0.02281858185722653,0.595
702176,R,0,55,2,5,90.49615384615385,"Roden, Alan",L,75,0.03636363636363636,0.09090909090909091,0.7333333333333333,0.01653333333333333,0.02417657893438748,0.478
702222,R,2,303,5,30,91.03931623931624,"Crawford, Justin",L,399,0.0165016501650165,0.09900990099009901,0.7593984962406015,0.008558897243107768,0.01229839974871317,0.835
702284,R,14,317,18,60,92.1867088607595,"Young, Cole",L,424,0.056782334384858045,0.1892744479495268,0.7476415094339622,0.02695754716981132,0.027630015111276964,0.841
702332,R,9,312,6,52,88.99754098360657,"Durbin, Caleb",R,424,0.019230769230769232,0.16666666666666666,0.7358490566037735,0.010344339622641509,0.013705395716089724,0.839
702616,R,6,180,12,24,92.65833333333333,"Holliday, Jackson",L,264,0.06666666666666667,0.13333333333333333,0.6818181818181818,0.02777272727272727,0.028625267305050564,0.75
703155,R,4,18,5,2,98.0076923076923,"Montes, Lazaro",L,44,0.2777777777777778,0.1111111111111111,0.4090909090909091,0.0661590909090909,0.03925431898057517,0.231
703197,R,1,15,1,5,87.47,"Arroyo, Michael",R,19,0.06666666666666667,0.3333333333333333,0.7894736842105263,0.034999999999999996,0.03194630992161636,0.2
703492,R,0,17,0,3,91.18571428571428,"Morabito, Nick",R,30,0.0,0.17647058823529413,0.5666666666666667,0.0018,0.024695756417158793,0.221
703520,R,2,79,2,3,88.375,"Bateman, Brett",L,119,0.02531645569620253,0.0379746835443038,0.6638655462184874,0.010117647058823528,0.01921055655948407,0.568
703601,R,2,92,2,15,89.89803921568628,"Clark, Max",L,139,0.021739130434782608,0.16304347826086957,0.6618705035971223,0.010215827338129495,0.01849229841598119,0.605
703607,R,4,202,11,14,94.2328125,"Bolte, Henry",R,326,0.054455445544554455,0.06930693069306931,0.6196319018404908,0.020174846625766872,0.022695771994374565,0.771
800050,R,13,286,19,38,95.43985507246377,"DeLauter, Chase",L,380,0.06643356643356643,0.13286713286713286,0.7526315789473684,0.030549999999999994,0.030659749260465972,0.827
800325,R,1,91,5,10,88.84897959183674,"Lara, Luis",L,141,0.054945054945054944,0.10989010989010989,0.6453900709219859,0.021666666666666667,0.0254479464290589,0.603
800543,R,1,16,3,3,92.28333333333335,"De Paula, Josue",L,29,0.1875,0.1875,0.5517241379310345,0.06134482758620689,0.037532769546059705,0.211
801126,R,0,27,2,9,92.23333333333333,"Rodden, Brock",L,54,0.07407407407407407,0.3333333333333333,0.5,0.02429629629629629,0.029045669472657784,0.31
801501,R,0,23,0,2,85.92,"Furman, Nate",L,38,0.0,0.08695652173913043,0.6052631578947368,0.0009473684210526315,0.022804370094041418,0.277
802139,R,11,272,15,39,94.64661654135338,"Wetherholt, JJ",L,400,0.05514705882352941,0.14338235294117646,0.68,0.0233175,0.02473895555458201,0.819
802415,R,0,348,0,26,84.90220588235294,"Simpson, Chandler",L,402,0.0,0.07471264367816093,0.8656716417910447,0.0011641791044776119,0.005578695030586854,0.853
803011,R,8,327,19,35,91.63292682926829,"Antonacci, Sam",L,444,0.0581039755351682,0.10703363914373089,0.7364864864864865,0.026024774774774773,0.02682448215884387,0.845
804606,R,5,166,13,15,94.49855072463768,"Griffin, Konnor",R,249,0.0783132530120482,0.09036144578313253,0.6666666666666666,0.031104417670682727,0.03112525034271929,0.735
804668,R,5,55,8,8,96.19677419354838,"Flores Jr., Rafael",R,85,0.14545454545454545,0.14545454545454545,0.6470588235294118,0.05581176470588234,0.04296191567778049,0.478
805249,R,0,3,0,0,97.0,"Kemp, Otto",R,5,0.0,0.0,0.6,0.0,0.029697988001924237,0.048
805300,R,10,315,14,63,90.83779069767442,"Marsee, Jakob",L,472,0.044444444444444446,0.2,0.6673728813559322,0.019457627118644065,0.02133366876398429,0.84
805346,R,0,4,0,1,100.6,"Ross, Ben",R,14,0.0,0.25,0.2857142857142857,0.0012857142857142856,0.029314314082251314,0.062
805347,R,1,77,2,6,87.38275862068966,"Jarvis, Jim",L,101,0.025974025974025976,0.07792207792207792,0.7623762376237624,0.012455445544554456,0.0206572448981892,0.562
805367,R,9,304,13,41,90.54148148148148,"Meidroth, Chase",R,460,0.04276315789473684,0.13486842105263158,0.6608695652173913,0.017854347826086955,0.02005135984409797,0.835
805672,R,0,5,0,0,96.85,"Price, Collin",R,11,0.0,0.0,0.45454545454545453,0.0,0.028784203755711186,0.077
805779,R,5,183,6,28,86.56875,"Wilson, Jacob",R,221,0.03278688524590164,0.15300546448087432,0.8280542986425339,0.017891402714932125,0.02117325078581813,0.753
805805,R,4,50,5,9,94.736,"Jenkins, Walker",L,68,0.1,0.18,0.7352941176470589,0.04466176470588235,0.03730964981286677,0.455
805808,R,15,364,31,60,92.69308755760369,"McGonigle, Kevin",L,502,0.08516483516483517,0.16483516483516483,0.7250996015936255,0.0376593625498008,0.03674288021756773,0.858
805811,R,11,183,22,28,96.33584905660378,"Eldridge, Bryce",L,305,0.12021857923497267,0.15300546448087432,0.6,0.04312786885245901,0.040178490716548255,0.753
805904,R,3,28,5,3,96.10769230769232,"Cole, Zach",L,47,0.17857142857142858,0.10714285714285714,0.5957446808510638,0.06231914893617021,0.041089879708340826,0.318
805999,R,9,231,16,31,92.61186440677967,"Ewing, A.J.",L,354,0.06926406926406926,0.1341991341991342,0.652542372881356,0.027564971751412426,0.028310933741228513,0.794
806068,R,5,95,4,13,92.86976744186046,"Emerson, Colt",L,161,0.042105263157894736,0.1368421052631579,0.5900621118012422,0.015739130434782606,0.021717358938229514,0.613
806146,R,5,91,6,10,93.33658536585367,"Lombard Jr., George",R,136,0.06593406593406594,0.10989010989010989,0.6691176470588235,0.026691176470588232,0.028475962271157326,0.603
806198,R,2,140,5,21,90.80684931506849,"Pratt, Cooper",R,196,0.03571428571428571,0.15,0.7142857142857143,0.016596938775510203,0.02097272336346328,0.7
806367,R,1,57,4,10,93.07666666666667,"Hill, Turner",L,81,0.07017543859649122,0.17543859649122806,0.7037037037037037,0.030617283950617278,0.0309073370026189,0.487
806956,R,2,25,1,4,94.04285714285713,"Salas, Ethan",L,34,0.04,0.16,0.7352941176470589,0.019029411764705885,0.027608335743986755,0.294
807712,R,8,300,11,47,89.53353658536585,"Keaschall, Luke",R,418,0.03666666666666667,0.15666666666666668,0.7177033492822966,0.017155502392344497,0.019493399893957156,0.833
807713,R,3,73,4,10,90.1825,"Shaw, Matt",R,104,0.0547945205479452,0.136986301369863,0.7019230769230769,0.02384615384615384,0.02715595845782299,0.549
807726,R,0,35,4,0,96.83529411764707,"Peck, John",R,54,0.11428571428571428,0.0,0.6481481481481481,0.04259259259259259,0.03538646299854703,0.368
807727,R,2,36,3,7,92.82222222222222,"McAdoo, Charles",R,46,0.08333333333333333,0.19444444444444445,0.782608695652174,0.04023913043478261,0.03457897853930626,0.375
807747,R,0,22,0,1,89.74444444444445,"Nishida, Rikuu",L,26,0.0,0.045454545454545456,0.8461538461538461,0.0006923076923076923,0.02300248796770727,0.268
807799,R,5,210,7,27,91.23010752688171,"Yoshida, Masataka",L,267,0.03333333333333333,0.12857142857142856,0.7865168539325843,0.01689513108614232,0.020070188045226346,0.778
808959,R,28,182,39,22,100.5659793814433,"Murakami, Munetaka",L,384,0.21428571428571427,0.12087912087912088,0.4739583333333333,0.05942968749999999,0.052426348632732336,0.752
808975,R,1,78,3,10,91.7439024390244,"Kim, Hyeseong",L,116,0.038461538461538464,0.1282051282051282,0.6724137931034483,0.016422413793103448,0.022840011014371712,0.565
808982,R,8,337,9,63,90.41388888888889,"Lee, Jung Hoo",L,402,0.026706231454005934,0.18694362017804153,0.8383084577114428,0.015694029850746267,0.01803491512297914,0.849
810938,R,2,108,1,12,89.58205128205128,"Williamson, Ben",R,153,0.009259259259259259,0.1111111111111111,0.7058823529411765,0.005169934640522875,0.014460274912486294,0.643
811965,R,0,33,0,6,89.76666666666667,"Kuroda-Grauer, Joshua",R,42,0.0,0.18181818181818182,0.7857142857142857,0.0025714285714285713,0.02103043426858462,0.355
813841,R,1,45,1,3,91.13333333333334,"Cox, Jonah",R,78,0.022222222222222223,0.06666666666666667,0.5769230769230769,0.008064102564102563,0.021274836757198497,0.429
814154,R,0,6,0,0,84.46666666666667,"Bandura, Scott",L,18,0.0,0.0,0.3333333333333333,0.0,0.02834807945638223,0.091
814430,R,1,45,5,5,93.676,"Callahan, Brett",L,79,0.1111111111111111,0.1111111111111111,0.569620253164557,0.037531645569620256,0.033903783759563225,0.429
814439,R,3,115,9,23,91.55857142857144,"Waldschmidt, Ryan",R,198,0.0782608695652174,0.2,0.5808080808080808,0.028227272727272722,0.029240626330043373,0.657
815589,R,0,6,0,1,93.33333333333333,"Davidson, Bo",L,10,0.0,0.16666666666666666,0.6,0.0017999999999999997,0.02851171582001859,0.091
815873,R,2,39,4,7,91.46842105263158,"Keys, Sean",L,64,0.10256410256410256,0.1794871794871795,0.609375,0.037906249999999996,0.033831484789103305,0.394
823550,R,1,95,4,17,91.50487804878048,"Song, Sung-Mun",L,142,0.042105263157894736,0.17894736842105263,0.6690140845070423,0.018352112676056336,0.023318864182881156,0.613
828599,R,4,21,2,3,97.04545454545455,"Spence, Lucas",L,45,0.09523809523809523,0.14285714285714285,0.4666666666666667,0.026755555555555553,0.03003506062701103,0.259
457705,L,1,35,3,4,91.52380952380952,"McCutchen, Andrew",R,50,0.08571428571428572,0.11428571428571428,0.7,0.03593999999999999,0.031010897102531312,0.368
467793,L,0,3,0,1,68.4,"Santana, Carlos",R,4,0.0,0.3333333333333333,0.75,0.0045,0.027010082932388494,0.048
500743,L,4,132,8,23,91.61641791044777,"Rojas, Miguel",R,162,0.06060606060606061,0.17424242424242425,0.8148148148148148,0.030950617283950613,0.03007092034490602,0.688
502054,L,1,16,1,1,95.46666666666665,"Pham, Tommy",R,29,0.0625,0.0625,0.5517241379310345,0.020448275862068963,0.026517205770178666,0.211
502671,L,11,125,16,16,92.80483870967741,"Goldschmidt, Paul",R,183,0.128,0.128,0.6830601092896175,0.05184699453551912,0.044156808333407384,0.676
506702,L,0,12,0,3,85.2,"León, Sandy",R,20,0.0,0.25,0.6,0.0026999999999999997,0.02389632256583993,0.167
514888,L,4,95,4,17,91.98367346938775,"Altuve, Jose",R,138,0.042105263157894736,0.17894736842105263,0.6884057971014492,0.01888405797101449,0.022465295045076463,0.613
516782,L,1,84,7,4,93.034375,"Marte, Starling",R,126,0.08333333333333333,0.047619047619047616,0.6666666666666666,0.03251587301587301,0.030690753875512556,0.583
518595,L,1,26,2,3,92.69285714285715,"d'Arnaud, Travis",R,45,0.07692307692307693,0.11538461538461539,0.5777777777777777,0.026755555555555557,0.027718368246336274,0.302
518692,L,5,153,9,16,93.26233766233766,"Freeman, Freddie",L,218,0.058823529411764705,0.10457516339869281,0.7018348623853211,0.025059633027522933,0.025926098957518705,0.718
519317,L,1,16,3,3,96.6,"Stanton, Giancarlo",R,30,0.1875,0.1875,0.5333333333333333,0.0593,0.03469651611500625,0.211
521692,L,4,131,16,30,93.11046511627907,"Perez, Salvador",R,176,0.12213740458015267,0.22900763358778625,0.7443181818181818,0.05534090909090907,0.04679473463690871,0.686
542303,L,4,64,6,9,94.19142857142856,"Ozuna, Marcell",R,103,0.09375,0.140625,0.6213592233009708,0.03506796116504854,0.031713586607286945,0.516
543309,L,3,35,3,4,92.60499999999999,"Higashioka, Kyle",R,54,0.08571428571428572,0.11428571428571428,0.6481481481481481,0.033277777777777774,0.03003007838908102,0.368
543510,L,0,42,3,2,94.44999999999999,"McCann, James",R,59,0.07142857142857142,0.047619047619047616,0.711864406779661,0.029847457627118636,0.02884047495175939,0.412
543760,L,4,105,6,31,90.62753623188406,"Semien, Marcus",R,155,0.05714285714285714,0.29523809523809524,0.6774193548387096,0.025858064516129032,0.02668625453899408,0.636
543807,L,4,112,6,22,92.28305084745763,"Springer, George",R,159,0.05357142857142857,0.19642857142857142,0.7044025157232704,0.024188679245283014,0.025565507559373098,0.651
543877,L,1,48,1,9,89.04230769230769,"Vázquez, Christian",R,63,0.020833333333333332,0.1875,0.7619047619047619,0.011698412698412698,0.02083017624318782,0.444
545121,L,6,147,9,30,89.43846153846154,"Vargas, Ildemaro",R,171,0.061224489795918366,0.20408163265306123,0.8596491228070176,0.03342105263157895,0.03188903363083372,0.71
545341,L,11,128,19,22,94.90121951219511,"Grichuk, Randal",R,178,0.1484375,0.171875,0.7191011235955056,0.06360112359550561,0.05228233534555954,0.681
545361,L,6,103,16,8,93.42181818181818,"Trout, Mike",R,179,0.1553398058252427,0.07766990291262135,0.5754189944134078,0.05220111731843574,0.04334263992968931,0.632
547180,L,4,159,11,25,92.41749999999999,"Harper, Bryce",L,268,0.06918238993710692,0.15723270440251572,0.5932835820895522,0.025279850746268654,0.02606224426208763,0.726
553869,L,7,77,14,13,95.4452380952381,"Díaz, Elias",R,106,0.18181818181818182,0.16883116883116883,0.7264150943396226,0.0781509433962264,0.056246407782846036,0.562
553993,L,6,58,8,6,91.8970588235294,"Suárez, Eugenio",R,129,0.13793103448275862,0.10344827586206896,0.4496124031007752,0.03649612403100775,0.032245003546940036,0.492
571448,L,10,111,9,27,92.26181818181817,"Arenado, Nolan",R,157,0.08108108108108109,0.24324324324324326,0.7070063694267515,0.03605732484076433,0.03327776773137611,0.649
571657,L,0,8,0,1,82.25,"Farmer, Kyle",R,11,0.0,0.125,0.7272727272727273,0.0016363636363636363,0.025018031379873296,0.118
571771,L,2,33,3,1,93.44444444444444,"Hernández, Enrique",R,55,0.09090909090909091,0.030303030303030304,0.6,0.03169090909090909,0.029397152954198653,0.355
571912,L,1,20,1,4,93.31818181818181,"Maile, Luke",R,31,0.05,0.2,0.6451612903225806,0.020870967741935482,0.02631943224473981,0.25
571970,L,7,82,10,21,94.60243902439024,"Muncy, Max",L,134,0.12195121951219512,0.25609756097560976,0.6119402985074627,0.04573134328358209,0.03829651671826906,0.577
572233,L,6,91,7,9,93.87179487179488,"Walker, Christian",R,145,0.07692307692307693,0.0989010989010989,0.6275862068965518,0.02887586206896552,0.02858171306633336,0.603
573262,L,1,21,0,5,90.89999999999999,"Yastrzemski, Mike",L,40,0.0,0.23809523809523808,0.525,0.00225,0.021424508947413275,0.259
575929,L,8,89,15,13,97.57555555555555,"Contreras, Willson",R,146,0.16853932584269662,0.14606741573033707,0.6095890410958904,0.060678082191780815,0.04757372174368435,0.597
592206,L,1,24,3,8,93.44117647058823,"Castellanos, Nick",R,34,0.125,0.3333333333333333,0.7058823529411765,0.05497058823529412,0.035802730266518264,0.286
592450,L,6,41,9,3,100.21428571428571,"Judge, Aaron",R,81,0.21951219512195122,0.07317073170731707,0.5061728395061729,0.06455555555555556,0.04291993071800251,0.406
592518,L,5,110,12,18,92.99508196721311,"Machado, Manny",R,160,0.10909090909090909,0.16363636363636364,0.6875,0.04514999999999999,0.03914491308670867,0.647
592626,L,1,17,2,3,95.82857142857142,"Pederson, Joc",L,36,0.11764705882352941,0.17647058823529413,0.4722222222222222,0.03344444444444444,0.02930767247137702,0.221
592663,L,2,85,2,15,93.60943396226415,"Realmuto, J.T.",R,123,0.023529411764705882,0.17647058823529413,0.6910569105691057,0.01154471544715447,0.01840990370861107,0.586
592885,L,2,85,6,3,91.44242424242424,"Yelich, Christian",L,130,0.07058823529411765,0.03529411764705882,0.6538461538461539,0.02695384615384615,0.027442842398740674,0.586
593428,L,1,120,3,14,91.49807692307692,"Bogaerts, Xander",R,158,0.025,0.11666666666666667,0.759493670886076,0.012512658227848103,0.017720301178234706,0.667
593871,L,0,22,2,5,87.38000000000001,"Polanco, Jorge",R,32,0.09090909090909091,0.22727272727272727,0.6875,0.03875,0.03098335639927409,0.268
595879,L,2,46,3,7,91.65238095238095,"Báez, Javier",R,59,0.06521739130434782,0.15217391304347827,0.7796610169491526,0.031372881355932206,0.029540450633144873,0.434
595978,L,3,97,4,17,92.4025,"Hedges, Austin",R,130,0.041237113402061855,0.17525773195876287,0.7461538461538462,0.020046153846153845,0.023137656992467504,0.618
596019,L,6,114,8,22,93.69672131147541,"Lindor, Francisco",R,153,0.07017543859649122,0.19298245614035087,0.7450980392156863,0.03265359477124183,0.031095661084264616,0.655
596103,L,0,38,1,8,90.05000000000001,"Slater, Austin",R,65,0.02631578947368421,0.21052631578947367,0.5846153846153846,0.011061538461538461,0.021515037615091187,0.388
596115,L,1,43,2,6,88.02272727272727,"Story, Trevor",R,76,0.046511627906976744,0.13953488372093023,0.5657894736842105,0.016552631578947364,0.023299984297429237,0.417
596117,L,0,4,0,0,,"Stubbs, Garrett",L,8,0.0,0.0,0.5,0.0,0.026377112886569923,0.062
596142,L,5,80,6,8,93.71142857142857,"Sánchez, Gary",R,123,0.075,0.1,0.6504065040650406,0.02921951219512195,0.02875497285964451,0.571
596146,L,0,9,1,3,93.95714285714287,"Kepler, Max",L,12,0.1111111111111111,0.3333333333333333,0.75,0.05241666666666667,0.03130268441652862,0.13
600869,L,0,2,0,1,74.1,"Candelario, Jeimer",R,7,0.0,0.5,0.2857142857142857,0.0025714285714285713,0.027310936804569873,0.032
602104,L,4,26,6,2,95.4625,"Urías, Ramón",R,40,0.23076923076923078,0.07692307692307693,0.65,0.08714999999999999,0.045977153776052035,0.302
605137,L,6,157,11,27,92.31904761904762,"Bell, Josh",R,209,0.07006369426751592,0.17197452229299362,0.7511961722488039,0.03258851674641148,0.031357291953581,0.724
605141,L,8,140,14,25,93.31647058823529,"Betts, Mookie",R,170,0.1,0.17857142857142858,0.8235294117647058,0.04999999999999999,0.043440676123702365,0.7
605170,L,2,68,6,11,93.01052631578948,"Caratini, Victor",R,126,0.08823529411764706,0.16176470588235295,0.5396825396825397,0.028952380952380948,0.02856950882423734,0.531
605244,L,1,3,1,0,102.15,"Garcia, Aramis",R,3,0.3333333333333333,0.0,1.0,0.19166666666666665,0.035922781345086904,0.048
605353,L,0,1,0,0,70.9,"Machín, Vimael",L,2,0.0,0.0,0.5,0.0,0.027674347946565165,0.016
606115,L,1,15,1,2,88.0,"Arcia, Orlando",R,20,0.06666666666666667,0.13333333333333333,0.75,0.030549999999999997,0.028618469663206338,0.2
606192,L,7,98,13,11,93.54444444444444,"Hernández, Teoscar",R,153,0.1326530612244898,0.11224489795918367,0.6405228758169934,0.05015032679738562,0.04179029905622953,0.62
606466,L,9,124,15,25,97.3923076923077,"Marte, Ketel",R,156,0.12096774193548387,0.20161290322580644,0.7948717948717948,0.05817307692307692,0.04837824327827181,0.674
606992,L,0,14,2,0,92.875,"Haase, Eric",R,29,0.14285714285714285,0.0,0.4827586206896552,0.0396551724137931,0.0303149680882916,0.189
607043,L,5,148,7,18,92.76103896103896,"Nimmo, Brandon",L,204,0.0472972972972973,0.12162162162162163,0.7254901960784313,0.02131862745098039,0.023285058112911407,0.712
607208,L,3,171,11,17,93.58133333333333,"Turner, Trea",R,235,0.06432748538011696,0.09941520467836257,0.7276595744680852,0.02821702127659574,0.02819586953696254,0.74
608070,L,5,133,7,26,94.97826086956522,"Ramírez, José",R,164,0.05263157894736842,0.19548872180451127,0.8109756097560976,0.02739634146341463,0.027626158753236374,0.689
608324,L,7,125,8,29,92.2231884057971,"Bregman, Alex",R,179,0.064,0.232,0.6983240223463687,0.028614525139664802,0.028459193876749056,0.676
608348,L,6,97,10,10,92.86326530612246,"Kelly, Carson",R,136,0.10309278350515463,0.10309278350515463,0.7132352941176471,0.04360294117647058,0.03769185043858676,0.618
608369,L,7,92,13,10,94.04583333333333,"Seager, Corey",L,147,0.14130434782608695,0.10869565217391304,0.6258503401360545,0.05207482993197279,0.042625128805802444,0.605
608701,L,4,66,7,5,93.58928571428571,"Refsnyder, Rob",R,108,0.10606060606060606,0.07575757575757576,0.6111111111111112,0.03810185185185185,0.03335601148383093,0.524
608841,L,0,12,0,3,91.94,"Meneses, Joey",R,16,0.0,0.25,0.75,0.0033749999999999995,0.024008822565839933,0.167
609280,L,1,64,3,11,91.648,"Andujar, Miguel",R,81,0.046875,0.171875,0.7901234567901234,0.023740740740740736,0.02586727929151518,0.516
620443,L,4,61,3,5,91.93571428571428,"Torrens, Luis",R,87,0.04918032786885246,0.08196721311475409,0.7011494252873564,0.020862068965517244,0.02446877216228948,0.504
621020,L,6,88,6,13,93.87555555555555,"Swanson, Dansby",R,141,0.06818181818181818,0.14772727272727273,0.624113475177305,0.026127659574468082,0.026941684238470716,0.595
621043,L,3,34,5,4,94.3375,"Correa, Carlos",R,48,0.14705882352941177,0.11764705882352941,0.7083333333333334,0.06139583333333333,0.040165888915678814,0.362
621438,L,6,92,7,23,90.97407407407408,"Taylor, Tyrone",R,118,0.07608695652173914,0.25,0.7796610169491526,0.03761864406779661,0.033875332098537915,0.605
621439,L,4,76,15,15,96.34761904761905,"Buxton, Byron",R,115,0.19736842105263158,0.19736842105263158,0.6608695652173913,0.0773478260869565,0.05563654417168507,0.559
621493,L,4,118,9,16,93.01159420289855,"Ward, Taylor",R,194,0.07627118644067797,0.13559322033898305,0.6082474226804123,0.02815979381443299,0.028151634240694202,0.663
621550,L,0,10,0,1,93.875,"Wisdom, Patrick",R,24,0.0,0.1,0.4166666666666667,0.00075,0.02422336035343536,0.143
621566,L,16,187,23,26,95.04901960784314,"Olson, Matt",L,280,0.12299465240641712,0.13903743315508021,0.6678571428571428,0.04890357142857143,0.04385871693070175,0.757
622268,L,1,17,0,2,90.18333333333334,"Walton, Donovan",L,20,0.0,0.11764705882352941,0.85,0.0017999999999999997,0.022321236684941237,0.221
622761,L,2,58,2,10,89.35135135135135,"Mateo, Jorge",R,89,0.034482758620689655,0.1724137931034483,0.651685393258427,0.0149438202247191,0.021651498286221888,0.492
623168,L,0,46,0,6,83.85625,"Heineman, Tyler",R,55,0.0,0.13043478260869565,0.8363636363636363,0.001963636363636363,0.016777948089318376,0.434
623205,L,0,3,0,0,,"Velazquez, Andrew",R,4,0.0,0.0,0.75,0.0,0.02679579721810278,0.048
624413,L,9,138,21,24,98.23797468354431,"Alonso, Pete",R,214,0.15217391304347827,0.17391304347826086,0.6448598130841121,0.058443925233644854,0.04925958033830033,0.697
624424,L,2,9,3,0,104.17500000000001,"Conforto, Michael",L,12,0.3333333333333333,0.0,0.75,0.14375,0.04321572789478949,0.13
624428,L,0,14,0,1,89.775,"Frazier, Adam",L,21,0.0,0.07142857142857142,0.6666666666666666,0.0008571428571428571,0.022974800334330744,0.189
624431,L,0,33,0,2,88.71000000000001,"Trevino, Jose",R,40,0.0,0.06060606060606061,0.825,0.0009,0.018471346502585754,0.355
624512,L,0,1,0,0,90.7,"McGuire, Reese",L,3,0.0,0.0,0.3333333333333333,0.0,0.027674347946565165,0.016
624585,L,2,55,4,15,89.40277777777777,"Soler, Jorge",R,95,0.07272727272727272,0.2727272727272727,0.5789473684210527,0.027052631578947363,0.027617651839848524,0.478
624641,L,6,98,7,14,94.49111111111112,"Sosa, Edmundo",R,138,0.07142857142857142,0.14285714285714285,0.7101449275362319,0.0309927536231884,0.029907753669702143,0.62
628451,L,0,21,0,8,90.37857142857142,"Ibáñez, Andy",R,24,0.0,0.38095238095238093,0.875,0.005999999999999999,0.022396731169635496,0.259
630105,L,1,70,0,7,88.57692307692308,"Cronenworth, Jake",L,94,0.0,0.1,0.7446808510638298,0.0013404255319148935,0.013707423169034751,0.538
640459,L,1,22,2,3,93.14,"Navarreto, Brian",R,38,0.09090909090909091,0.13636363636363635,0.5789473684210527,0.03168421052631579,0.0290876567843832,0.268
640492,L,0,9,0,2,91.425,"Azócar, José",R,12,0.0,0.2222222222222222,0.75,0.002999999999999999,0.024857032242615578,0.13
640902,L,1,21,1,6,91.88461538461539,"Pereda, Jhonny",R,35,0.047619047619047616,0.2857142857142857,0.6,0.01951428571428571,0.0259004348733392,0.259
641343,L,8,96,12,12,94.55098039215687,"Bauers, Jake",L,160,0.125,0.125,0.6,0.044474999999999994,0.038190610415003046,0.615
641355,L,5,154,6,37,91.70722891566265,"Bellinger, Cody",L,200,0.03896103896103896,0.24025974025974026,0.77,0.020579999999999998,0.022698388900656424,0.72
641487,L,3,102,6,8,90.54285714285714,"Crawford, J.P.",L,162,0.058823529411764705,0.0784313725490196,0.6296296296296297,0.022185185185185186,0.024389037738452864,0.63
641555,L,0,18,2,3,92.55,"Escarra, J.C.",L,21,0.1111111111111111,0.16666666666666666,0.8571428571428571,0.057333333333333326,0.034873528522313776,0.231
641584,L,0,6,0,1,81.475,"Fraley, Jake",L,10,0.0,0.16666666666666666,0.6,0.0017999999999999997,0.025741442799098107,0.091
641598,L,1,37,3,10,94.69444444444444,"Garver, Mitch",R,64,0.08108108108108109,0.2702702702702703,0.578125,0.029765624999999997,0.028757354121035826,0.381
641680,L,10,119,12,13,91.01333333333334,"Heim, Jonah",R,159,0.10084033613445378,0.1092436974789916,0.7484276729559748,0.04486792452830188,0.03925931979669497,0.665
641820,L,0,2,1,0,106.0,"Mancini, Trey",R,4,0.5,0.0,0.5,0.14375,0.031865084270007664,0.032
641857,L,0,37,1,6,90.51,"McMahon, Ryan",L,65,0.02702702702702703,0.16216216216216217,0.5692307692307692,0.010507692307692306,0.021411544743557633,0.381
641933,L,8,79,9,15,94.2826923076923,"O'Neill, Tyler",R,123,0.11392405063291139,0.189873417721519,0.6422764227642277,0.04426829268292682,0.03730453486828557,0.568
642020,L,0,7,0,0,86.6,"Robinson, Chuckie",R,9,0.0,0.0,0.7777777777777778,0.0,0.025196048130454854,0.104
642086,L,0,29,1,3,86.7,"Smith, Dominic",L,39,0.034482758620689655,0.10344827586206896,0.7435897435897436,0.016128205128205127,0.02422306936470139,0.326
642133,L,0,2,1,1,94.2,"Tellez, Rowdy",L,2,0.5,0.5,1.0,0.2965,0.03679250362484637,0.032
642201,L,4,74,4,5,91.77027027027027,"White, Eli",R,117,0.05405405405405406,0.06756756756756757,0.6324786324786325,0.020427350427350423,0.02387879967436124,0.552
642215,L,3,68,3,9,92.96774193548387,"Wilson, Weston",R,117,0.04411764705882353,0.1323529411764706,0.5811965811965812,0.01612820512820513,0.021756665417643935,0.531
642350,L,6,75,11,16,95.73260869565217,"Siri, Jose",R,126,0.14666666666666667,0.21333333333333335,0.5952380952380952,0.05248412698412698,0.041662553692962956,0.556
642708,L,5,118,12,16,94.43114754098362,"Rosario, Amed",R,160,0.1016949152542373,0.13559322033898305,0.7375,0.044925,0.039265647330002665,0.663
642715,L,4,83,9,18,94.39148936170211,"Adames, Willy",R,137,0.10843373493975904,0.21686746987951808,0.6058394160583942,0.04013868613138686,0.035102420794724365,0.58
642851,L,1,25,2,6,91.7,"Wynns, Austin",R,37,0.08,0.24,0.6756756756756757,0.033999999999999996,0.02986041440871147,0.294
643217,L,0,27,1,6,86.57857142857142,"Benintendi, Andrew",L,48,0.037037037037037035,0.2222222222222222,0.5625,0.014229166666666664,0.023819801433798565,0.31
643289,L,4,178,6,26,88.91666666666667,"Dubón, Mauricio",R,210,0.033707865168539325,0.14606741573033707,0.8476190476190476,0.018657142857142855,0.021046666610554217,0.748
643376,L,2,39,2,8,88.78421052631579,"Jansen, Danny",R,66,0.05128205128205128,0.20512820512820512,0.5909090909090909,0.019606060606060606,0.02477547058966504,0.394
643396,L,1,36,2,8,90.81875,"Kiner-Falefa, Isiah",R,57,0.05555555555555555,0.2222222222222222,0.631578947368421,0.022701754385964907,0.02609789981911679,0.375
643446,L,0,90,0,13,87.57380952380952,"McNeil, Jeff",L,110,0.0,0.14444444444444443,0.8181818181818182,0.0021272727272727268,0.012530598467966805,0.6
644433,L,0,14,0,1,87.52857142857144,"Tromp, Chadwick",R,18,0.0,0.07142857142857142,0.7777777777777778,0.001,0.02300182736135777,0.189
645277,L,8,222,7,54,90.01803278688526,"Albies, Ozzie",R,261,0.03153153153153153,0.24324324324324326,0.8505747126436781,0.019145593869731796,0.02105835838234374,0.787
645302,L,0,37,1,10,89.3952380952381,"Robles, Victor",R,50,0.02702702702702703,0.2702702702702703,0.74,0.015099999999999999,0.023163249739592526,0.381
645305,L,1,29,1,4,84.48333333333333,"Sánchez, Ali",R,43,0.034482758620689655,0.13793103448275862,0.6744186046511628,0.015046511627906975,0.02387060743763795,0.326
646240,L,8,141,14,15,94.8157142857143,"Devers, Rafael",L,220,0.09929078014184398,0.10638297872340426,0.6409090909090909,0.03781818181818181,0.03492785503036871,0.701
647304,L,3,178,9,31,87.85499999999999,"Naylor, Josh",L,224,0.05056179775280899,0.17415730337078653,0.7946428571428571,0.025593749999999995,0.026234549263615438,0.748
649966,L,1,24,1,8,89.52307692307691,"Urías, Luis",R,35,0.041666666666666664,0.3333333333333333,0.6857142857142857,0.02054285714285714,0.025966235668679127,0.286
650333,L,1,187,0,26,86.39638554216867,"Arraez, Luis",L,210,0.0,0.13903743315508021,0.8904761904761904,0.0022285714285714283,0.008521773610863693,0.757
650391,L,0,11,0,1,91.26666666666667,"Jiménez, Eloy",R,13,0.0,0.09090909090909091,0.8461538461538461,0.0013846153846153845,0.02399107033762316,0.155
650402,L,2,72,9,3,91.82857142857144,"Torres, Gleyber",R,128,0.125,0.041666666666666664,0.5625,0.040851562499999994,0.03507157367227633,0.545
650489,L,4,111,5,20,87.58888888888889,"Castro, Willi",R,168,0.04504504504504504,0.18018018018018017,0.6607142857142857,0.019255952380952377,0.022371613678515725,0.649
650490,L,8,155,10,18,94.07333333333334,"Díaz, Yandy",R,202,0.06451612903225806,0.11612903225806452,0.7673267326732673,0.030069306930693068,0.029529664181385584,0.721
650559,L,1,27,1,4,94.26,"De La Cruz, Bryan",R,41,0.037037037037037035,0.14814814814814814,0.6585365853658537,0.015780487804878045,0.024301245924967615,0.31
650859,L,1,95,4,15,89.0,"Rengifo, Luis",R,134,0.042105263157894736,0.15789473684210525,0.7089552238805971,0.01917910447761194,0.022646130000732963,0.613
650968,L,0,24,0,1,87.02000000000001,"Pozo, Yohel",R,25,0.0,0.041666666666666664,0.96,0.0007199999999999999,0.02030256219929137,0.286
655316,L,5,91,10,10,92.3578947368421,"Monasterio, Andruw",R,130,0.10989010989010989,0.10989010989010989,0.7,0.04561538461538461,0.038669769700268045,0.603
656305,L,2,59,6,13,95.284375,"Chapman, Matt",R,95,0.1016949152542373,0.22033898305084745,0.6210526315789474,0.03877894736842106,0.033412547222498465,0.496
656413,L,0,4,0,1,94.35,"Fairchild, Stuart",R,22,0.0,0.25,0.18181818181818182,0.0008181818181818182,0.026428249250206287,0.062
656484,L,1,8,1,2,89.21666666666665,"Gray, Tristan",L,21,0.125,0.25,0.38095238095238093,0.029095238095238094,0.02824848719856441,0.118
656537,L,8,88,10,11,92.77608695652174,"Hill, Derek",R,138,0.11363636363636363,0.125,0.6376811594202898,0.043101449275362316,0.037034207844407835,0.595
656555,L,6,64,8,17,96.53513513513514,"Hoskins, Rhys",R,127,0.125,0.265625,0.5039370078740157,0.03862992125984252,0.03355201762395481,0.516
656577,L,0,12,0,3,91.5625,"Jackson, Alex",R,25,0.0,0.25,0.48,0.0021599999999999996,0.023806322565839932,0.167
656582,L,1,13,1,2,91.60000000000001,"Joe, Connor",R,26,0.07692307692307693,0.15384615384615385,0.5,0.0235,0.027310071571787328,0.178
656716,L,0,62,0,8,86.46071428571429,"McKinstry, Zach",L,86,0.0,0.12903225806451613,0.7209302325581395,0.0016744186046511625,0.014688108018269239,0.508
656775,L,1,84,1,22,88.99230769230769,"Mullins, Cedric",L,119,0.011904761904761904,0.2619047619047619,0.7058823529411765,0.008159663865546217,0.01648296520448859,0.583
656811,L,4,97,4,16,93.1125,"O'Hearn, Ryan",L,140,0.041237113402061855,0.16494845360824742,0.6928571428571428,0.018485714285714286,0.02217356376085835,0.618
656941,L,15,145,19,31,95.64,"Schwarber, Kyle",L,258,0.1310344827586207,0.21379310344827587,0.562015503875969,0.044507751937984494,0.03971589880852794,0.707
656976,L,0,6,0,1,90.6,"Smith, Pavin",L,7,0.0,0.16666666666666666,0.8571428571428571,0.002571428571428571,0.02581157266922798,0.091
657041,L,5,103,4,23,93.5867924528302,"Thomas, Lane",R,165,0.038834951456310676,0.22330097087378642,0.6242424242424243,0.016448484848484848,0.020750485669536283,0.632
657136,L,3,55,4,10,91.45555555555556,"Wong, Connor",R,71,0.07272727272727272,0.18181818181818182,0.7746478873239436,0.034929577464788725,0.031384886828729176,0.478
657656,L,1,35,5,5,94.47894736842105,"Laureano, Ramón",R,55,0.14285714285714285,0.14285714285714285,0.6363636363636364,0.0539090909090909,0.037631088490091114,0.368
657675,L,0,0,0,0,,"Martin Jr., Rudy",L,1,0.0,0.0,0.0,0.0,0.02813558707900792,0.0
657757,L,0,45,1,4,92.68571428571428,"Sheets, Gavin",L,72,0.022222222222222223,0.08888888888888889,0.625,0.008986111111111111,0.019928668807052144,0.429
660162,L,0,9,0,0,93.55,"Moncada, Yoán",R,26,0.0,0.0,0.34615384615384615,0.0,0.024465727894789492,0.13
660271,L,12,128,19,16,94.63333333333334,"Ohtani, Shohei",L,204,0.1484375,0.125,0.6274509803921569,0.0549656862745098,0.04640288865892409,0.681
660644,L,0,4,0,1,90.9,"Bruján, Vidal",R,4,0.0,0.25,1.0,0.0045,0.026658362886569923,0.062
660670,L,5,89,11,14,93.76122448979592,"Acuña Jr., Ronald",R,145,0.12359550561797752,0.15730337078651685,0.6137931034482759,0.045358620689655176,0.03842317091355561,0.597
660688,L,3,78,7,12,91.93333333333334,"Ruiz, Keibert",R,98,0.08974358974358974,0.15384615384615385,0.7959183673469388,0.04327551020408163,0.03669293493231045,0.565
660710,L,0,9,1,1,91.76666666666665,"Durán, Rodolfo",R,19,0.1111111111111111,0.1111111111111111,0.47368421052631576,0.03121052631578947,0.028536666109892465,0.13
660821,L,0,25,0,4,81.38333333333334,"Sánchez, Jesús",L,35,0.0,0.16,0.7142857142857143,0.002057142857142857,0.020465456425518194,0.294
660844,L,0,32,0,5,86.97272727272728,"Rivas, Leo",R,49,0.0,0.15625,0.6530612244897959,0.0018367346938775507,0.018988160162440836,0.348
661388,L,4,132,8,17,96.31449275362318,"Contreras, William",R,183,0.06060606060606061,0.12878787878787878,0.7213114754098361,0.026808743169398904,0.02722338189115172,0.688
661531,L,2,27,3,3,88.83333333333333,"Serven, Brian",R,35,0.1111111111111111,0.1111111111111111,0.7714285714285715,0.05082857142857143,0.0351782373943897,0.31
662139,L,2,99,5,12,90.64999999999999,"Varsho, Daulton",L,135,0.050505050505050504,0.12121212121212122,0.7333333333333333,0.02289629629629629,0.024873387157696904,0.623
663330,L,6,87,11,24,94.84705882352941,"Jones, Jahmai",R,156,0.12643678160919541,0.27586206896551724,0.5576923076923077,0.04331410256410256,0.03711879012120679,0.592
663368,L,1,43,3,5,93.8952380952381,"Perkins, Blake",R,60,0.06976744186046512,0.11627906976744186,0.7166666666666667,0.03025,0.029018303152820144,0.417
663457,L,1,30,4,2,95.46923076923076,"Nootbaar, Lars",L,51,0.13333333333333333,0.06666666666666667,0.5882352941176471,0.045803921568627455,0.0340250319088811,0.333
663494,L,0,22,0,2,84.4,"Torres, Bryan",L,32,0.0,0.09090909090909091,0.6875,0.001125,0.020888844204152136,0.268
663538,L,3,144,2,24,88.84324324324324,"Hoerner, Nico",R,174,0.013888888888888888,0.16666666666666666,0.8275862068965517,0.009091954022988505,0.014693022568876567,0.706
663584,L,0,1,0,0,,"Senger, Hayden",R,1,0.0,0.0,1.0,0.0,0.027674347946565165,0.016
663586,L,3,102,13,10,96.14166666666667,"Riley, Austin",R,184,0.12745098039215685,0.09803921568627451,0.5543478260869565,0.041603260869565215,0.03661523353972918,0.63
663604,L,0,25,0,0,89.9625,"Lockridge, Brandon",R,48,0.0,0.0,0.5208333333333334,0.0,0.01986041440871147,0.294
663609,L,0,2,0,0,92.19999999999999,"Baker, Luken",R,3,0.0,0.0,0.6666666666666666,0.0,0.027227987495814114,0.032
663611,L,0,19,0,3,90.525,"Madrigal, Nick",R,22,0.0,0.15789473684210525,0.8636363636363636,0.0024545454545454545,0.021959134030086567,0.241
663616,L,2,34,2,9,85.77222222222223,"Larnach, Trevor",L,55,0.058823529411764705,0.2647058823529412,0.6181818181818182,0.02385454545454545,0.026587125214840645,0.362
663624,L,0,3,0,0,85.9,"Mountcastle, Ryan",R,4,0.0,0.0,0.75,0.0,0.02679579721810278,0.048
663647,L,1,45,1,11,89.603125,"Hayes, Ke'Bryan",R,61,0.022222222222222223,0.24444444444444444,0.7377049180327869,0.012672131147540984,0.021508391679807802,0.429
663656,L,5,134,10,25,89.98918918918919,"Tucker, Kyle",L,191,0.07462686567164178,0.1865671641791045,0.7015706806282722,0.03246073298429319,0.031123058992967845,0.691
663662,L,1,15,2,1,91.9,"Cameron, Daz",R,21,0.13333333333333333,0.06666666666666667,0.7142857142857143,0.055619047619047624,0.03363227918701586,0.2
663697,L,1,12,1,1,92.24,"India, Jonathan",R,23,0.08333333333333333,0.08333333333333333,0.5217391304347826,0.025782608695652173,0.027743424015115294,0.167
663698,L,1,37,2,8,92.08333333333333,"Bart, Joey",R,66,0.05405405405405406,0.21621621621621623,0.5606060606060606,0.019606060606060603,0.02488205636252286,0.381
663728,L,9,103,12,25,94.81607142857142,"Raleigh, Cal",R,197,0.11650485436893204,0.24271844660194175,0.5228426395939086,0.03730964467005076,0.03393269095555646,0.632
663743,L,2,128,3,24,90.33749999999999,"Fortes, Nick",R,165,0.0234375,0.1875,0.7757575757575758,0.013072727272727272,0.017880022955582796,0.681
663757,L,3,93,7,14,93.14999999999999,"Grisham, Trent",L,137,0.07526881720430108,0.15053763440860216,0.6788321167883211,0.031218978102189772,0.030009805151922378,0.608
663837,L,2,92,4,13,91.6311111111111,"Vierling, Matt",R,119,0.043478260869565216,0.14130434782608695,0.773109243697479,0.02129411764705882,0.023994697685986097,0.605
663853,L,1,23,2,2,95.43333333333334,"Gonzalez, Romy",R,40,0.08695652173913043,0.08695652173913043,0.575,0.029649999999999996,0.028555243671571987,0.277
663886,L,2,68,6,17,92.43333333333334,"Stephenson, Tyler",R,117,0.08823529411764706,0.25,0.5811965811965812,0.0321025641025641,0.03024304362277214,0.531
663897,L,0,0,0,0,,"Williams, Luke",R,1,0.0,0.0,0.0,0.0,0.02813558707900792,0.0
663967,L,0,5,0,1,82.35,"Salazar, César",L,5,0.0,0.2,1.0,0.0036,0.02624823422677654,0.077
663968,L,2,95,4,10,88.77073170731707,"Mangum, Jake",R,134,0.042105263157894736,0.10526315789473684,0.7089552238805971,0.018507462686567163,0.022234478580415197,0.613
663993,L,0,33,0,2,88.34615384615384,"Lowe, Nathaniel",L,49,0.0,0.06060606060606061,0.673469387755102,0.0007346938775510204,0.018412689491394178,0.355
664023,L,4,80,7,9,92.51842105263158,"Happ, Ian",R,146,0.0875,0.1125,0.547945205479452,0.028678082191780817,0.028445584286306717,0.571
664034,L,5,87,7,12,95.23023255813953,"France, Ty",R,139,0.08045977011494253,0.13793103448275862,0.6258992805755396,0.030510791366906473,0.029541320228988695,0.592
664040,L,8,119,14,23,94.02622950819672,"Lowe, Brandon",L,211,0.11764705882352941,0.19327731092436976,0.5639810426540285,0.040113744075829384,0.03609871938415739,0.665
664056,L,1,17,3,5,97.86,"Bader, Harrison",R,24,0.17647058823529413,0.29411764705882354,0.7083333333333334,0.075625,0.03862026265896721,0.221
664059,L,0,20,0,3,89.75,"Haggerty, Sam",R,36,0.0,0.15,0.5555555555555556,0.0014999999999999998,0.02147669030925594,0.25
664068,L,0,2,0,1,76.85,"Kingery, Scott",R,2,0.0,0.5,1.0,0.009,0.027518310076459274,0.032
664238,L,0,5,0,0,96.89999999999999,"Moore, Dylan",R,12,0.0,0.0,0.4166666666666667,0.0,0.025971311149853463,0.077
664702,L,2,131,6,19,88.34324324324324,"Straw, Myles",R,174,0.04580152671755725,0.1450381679389313,0.7528735632183908,0.021793103448275862,0.0237855066830608,0.686
664728,L,1,58,0,6,88.34285714285714,"Isbel, Kyle",L,78,0.0,0.10344827586206896,0.7435897435897436,0.0013846153846153845,0.01498680438176413,0.492
664731,L,0,3,0,1,75.0,"Higgins, P.J.",R,4,0.0,0.3333333333333333,0.75,0.0045,0.027010082932388494,0.048
664761,L,7,157,13,20,93.56867469879518,"Bohm, Alec",R,193,0.08280254777070063,0.12738853503184713,0.8134715025906736,0.04059585492227979,0.037150619573909686,0.724
664770,L,1,62,0,2,89.225,"Lukes, Nathan",L,86,0.0,0.03225806451612903,0.7209302325581395,0.0004186046511627906,0.014049907484529247,0.508
664774,L,0,10,0,2,94.58333333333333,"Wade Jr., LaMonte",L,16,0.0,0.2,0.625,0.00225,0.024437646067721072,0.143
664954,L,0,56,1,11,89.79545454545455,"Sullivan, Brett",L,68,0.017857142857142856,0.19642857142857142,0.8235294117647058,0.011367647058823526,0.02004071948305683,0.483
664983,L,4,142,8,23,90.50806451612904,"McCarthy, Jake",L,182,0.056338028169014086,0.1619718309859155,0.7802197802197802,0.027549450549450547,0.027723550508725013,0.703
665019,L,5,116,10,13,94.48333333333333,"Clemens, Kody",L,163,0.08620689655172414,0.11206896551724138,0.7116564417177914,0.03671165644171779,0.03378799643170306,0.659
665052,L,1,45,5,8,95.572,"Conine, Griffin",L,66,0.1111111111111111,0.17777777777777778,0.6818181818181818,0.04574242424242423,0.035681374434757766,0.429
665161,L,2,79,4,11,93.46486486486486,"Peña, Jeremy",R,113,0.05063291139240506,0.13924050632911392,0.6991150442477876,0.022106194690265483,0.024708810109866534,0.568
665487,L,9,110,14,9,98.01777777777778,"Tatis Jr., Fernando",R,161,0.12727272727272726,0.08181818181818182,0.6832298136645962,0.05100621118012422,0.042934226203259644,0.647
665489,L,4,111,9,11,93.63157894736842,"Guerrero Jr., Vladimir",R,155,0.08108108108108109,0.0990990990990991,0.7161290322580646,0.034664516129032256,0.0323736638307781,0.649
665506,L,0,2,0,0,71.6,"Pache, Cristian",R,4,0.0,0.0,0.5,0.0,0.027227987495814114,0.032
665561,L,1,24,1,4,86.65454545454546,"Marchán, Rafael",R,30,0.041666666666666664,0.16666666666666666,0.8,0.021566666666666665,0.026258752675481847,0.286
665742,L,6,125,13,23,94.5276923076923,"Soto, Juan",L,168,0.104,0.184,0.7440476190476191,0.046958333333333324,0.040853658872471034,0.676
665750,L,1,96,2,7,87.43571428571428,"Taveras, Leody",R,162,0.020833333333333332,0.07291666666666667,0.5925925925925926,0.007876543209876541,0.015668483159542453,0.615
665804,L,1,54,3,13,88.57878787878788,"Amaya, Miguel",R,78,0.05555555555555555,0.24074074074074073,0.6923076923076923,0.025115384615384616,0.02670496485939688,0.474
665828,L,0,3,0,0,84.2,"Cabrera, Oswaldo",R,8,0.0,0.0,0.375,0.0,0.02679579721810278,0.048
665833,L,4,76,9,8,97.08285714285715,"Cruz, Oneil",L,139,0.11842105263157894,0.10526315789473684,0.5467625899280576,0.03826618705035971,0.03379680471005745,0.559
665856,L,0,1,1,0,108.1,"Camargo, Jair",R,2,1.0,0.0,0.5,0.2875,0.032387462700663526,0.016
665861,L,0,11,0,0,79.275,"Rivero, Sebastián",R,14,0.0,0.0,0.7857142857142857,0.0,0.02377655246113345,0.155
665862,L,5,92,5,12,94.53125,"Chisholm Jr., Jazz",L,160,0.05434782608695652,0.13043478260869565,0.575,0.019318749999999996,0.022799080425924177,0.605
665877,L,4,131,4,38,89.80434782608695,"Fermín, José",R,166,0.030534351145038167,0.2900763358778626,0.7891566265060241,0.01797590361445783,0.02116742721588718,0.686
665923,L,4,62,6,14,88.50810810810812,"Ruiz, Esteury",R,123,0.0967741935483871,0.22580645161290322,0.5040650406504065,0.03009756097560975,0.02913265578055967,0.508
665926,L,3,112,3,7,88.36585365853658,"Giménez, Andrés",L,144,0.026785714285714284,0.0625,0.7777777777777778,0.012854166666666665,0.01818489471748338,0.651
665953,L,9,89,13,14,96.28048780487805,"Chaparro, Andrés",R,146,0.14606741573033707,0.15730337078651685,0.6095890410958904,0.05292465753424657,0.04294248151200282,0.597
665966,L,0,46,2,3,93.41153846153846,"Narváez, Carlos",R,77,0.043478260869565216,0.06521739130434782,0.5974025974025974,0.015636363636363636,0.022711395773709456,0.434
666018,L,3,115,9,13,93.18730158730159,"Aranda, Jonathan",L,190,0.0782608695652174,0.11304347826086956,0.6052631578947368,0.02846842105263158,0.028354306547389182,0.657
666023,L,2,55,4,9,91.85151515151514,"Fermin, Freddy",R,75,0.07272727272727272,0.16363636363636364,0.7333333333333333,0.03282666666666666,0.030379146881801225,0.478
666126,L,0,16,0,1,80.45,"Cortes, Carlos",L,23,0.0,0.0625,0.6956521739130435,0.0007826086956521738,0.02237706531409092,0.211
666139,L,0,33,1,5,86.24375,"Lowe, Josh",L,55,0.030303030303030304,0.15151515151515152,0.6,0.01209090909090909,0.022442314244521235,0.355
666152,L,1,53,1,5,89.33157894736841,"Hamilton, David",L,81,0.018867924528301886,0.09433962264150944,0.654320987654321,0.008209876543209876,0.018789899836553967,0.469
666160,L,3,56,4,10,94.20769230769231,"Moniak, Mickey",L,91,0.07142857142857142,0.17857142857142858,0.6153846153846154,0.027252747252747248,0.02770938854219242,0.483
666163,L,0,10,0,2,83.5875,"Rortvedt, Ben",L,13,0.0,0.2,0.7692307692307693,0.0027692307692307695,0.0245118218918969,0.143
666176,L,14,132,16,17,95.75211267605633,"Adell, Jo",R,191,0.12121212121212122,0.12878787878787878,0.6910994764397905,0.04976963350785339,0.04300899399883918,0.688
666181,L,0,1,0,0,85.1,"Benson, Will",L,1,0.0,0.0,1.0,0.0,0.027674347946565165,0.016
666182,L,8,148,14,24,93.00119047619049,"Bichette, Bo",R,200,0.0945945945945946,0.16216216216216217,0.74,0.042409999999999996,0.038292380888175354,0.712
666185,L,0,1,0,0,,"Carlson, Dylan",R,3,0.0,0.0,0.3333333333333333,0.0,0.027674347946565165,0.016
666211,L,0,26,0,3,86.1125,"Trammell, Taylor",L,43,0.0,0.11538461538461539,0.6046511627906976,0.001255813953488372,0.020009144041060148,0.302
666310,L,0,11,0,2,99.725,"Naylor, Bo",L,14,0.0,0.18181818181818182,0.7857142857142857,0.0025714285714285713,0.024174942803185766,0.155
666397,L,0,12,0,2,93.08,"Julien, Edouard",L,26,0.0,0.16666666666666666,0.46153846153846156,0.0013846153846153845,0.023677091796609165,0.167
666464,L,0,12,1,1,93.32857142857142,"Encarnacion, Jerar",R,18,0.08333333333333333,0.08333333333333333,0.6666666666666666,0.03294444444444444,0.028937063306580673,0.167
666624,L,0,27,1,3,91.53999999999999,"Morel, Christopher",R,44,0.037037037037037035,0.1111111111111111,0.6136363636363636,0.014295454545454542,0.023840373534112044,0.31
666931,L,0,2,0,0,,"Oliva, Jared",R,2,0.0,0.0,1.0,0.0,0.027227987495814114,0.032
666969,L,4,44,5,9,92.78888888888889,"García, Adolis",R,68,0.11363636363636363,0.20454545454545456,0.6470588235294118,0.04466176470588235,0.035127431459608636,0.423
666971,L,0,43,1,3,88.2375,"Gurriel Jr., Lourdes",R,54,0.023255813953488372,0.06976744186046512,0.7962962962962963,0.011648148148148145,0.021252481505930537,0.417
667452,L,0,6,0,1,86.63333333333333,"Julks, Corey",R,7,0.0,0.16666666666666666,0.8571428571428571,0.002571428571428571,0.02581157266922798,0.091
667472,L,4,91,6,9,92.70769230769231,"Myers, Dane",R,145,0.06593406593406594,0.0989010989010989,0.6275862068965518,0.024910344827586205,0.026191898040071653,0.603
667670,L,2,24,3,8,92.44736842105263,"Rooker, Brent",R,48,0.125,0.3333333333333333,0.5,0.0389375,0.031221847913577086,0.286
668227,L,11,134,12,21,94.94307692307693,"Arozarena, Randy",R,197,0.08955223880597014,0.15671641791044777,0.6802030456852792,0.03694416243654822,0.03421986077957699,0.691
668670,L,2,24,3,3,95.35384615384615,"Rogers, Jake",R,45,0.125,0.125,0.5333333333333333,0.03953333333333333,0.031392086008815184,0.286
668709,L,6,100,7,22,91.6962962962963,"Bleday, JJ",L,153,0.07,0.22,0.6535947712418301,0.02889542483660131,0.028610485677503787,0.625
668715,L,5,64,10,8,97.62941176470588,"Steer, Spencer",R,96,0.15625,0.125,0.6666666666666666,0.06139583333333333,0.04530216579091781,0.516
668723,L,7,112,8,19,91.56229508196722,"Vilade, Ryan",R,170,0.07142857142857142,0.16964285714285715,0.6588235294117647,0.029070588235294112,0.02874442504124079,0.651
668800,L,1,38,1,4,89.37222222222222,"Knizner, Andrew",R,50,0.02631578947368421,0.10526315789473684,0.76,0.012939999999999998,0.022243420660617092,0.388
668804,L,7,158,17,19,95.76962025316456,"Reynolds, Bryan",R,240,0.10759493670886076,0.12025316455696203,0.6583333333333333,0.042154166666666666,0.03829584200951288,0.725
668885,L,2,112,6,18,91.635,"Martin, Austin",R,178,0.05357142857142857,0.16071428571428573,0.6292134831460674,0.02120224719101123,0.023620854128684494,0.651
668901,L,8,90,9,12,94.19787234042553,"Vientos, Mark",R,125,0.1,0.13333333333333333,0.72,0.04312799999999999,0.03713103483160316,0.6
668904,L,5,103,14,21,95.68852459016394,"Lewis, Royce",R,146,0.13592233009708737,0.20388349514563106,0.7054794520547946,0.057726027397260266,0.04683384077704468,0.632
668930,L,3,126,6,5,93.64399999999999,"Turang, Brice",L,203,0.047619047619047616,0.03968253968253968,0.6206896551724138,0.017438423645320195,0.020889121527154945,0.677
668939,L,4,112,5,19,89.99384615384616,"Rutschman, Adley",R,143,0.044642857142857144,0.16964285714285715,0.7832167832167832,0.022496503496503496,0.0244636256764469,0.651
668942,L,1,16,0,2,85.5,"Rojas, Josh",L,22,0.0,0.125,0.7272727272727273,0.0016363636363636363,0.022556803196345964,0.211
668952,L,4,79,5,10,95.34285714285714,"Kreidler, Ryan",R,112,0.06329113924050633,0.12658227848101267,0.7053571428571429,0.027276785714285715,0.02764749133934566,0.568
669003,L,1,74,5,5,95.944,"Mitchell, Garrett",L,129,0.06756756756756757,0.06756756756756757,0.5736434108527132,0.022984496124031008,0.025290954760587833,0.552
669004,L,1,6,1,0,100.96666666666665,"Melendez, MJ",L,14,0.16666666666666666,0.0,0.42857142857142855,0.041071428571428564,0.02931157266922798,0.091
669016,L,3,75,7,9,90.61470588235295,"Marsh, Brandon",L,129,0.09333333333333334,0.12,0.5813953488372093,0.032457364341085274,0.030536574446828668,0.556
669065,L,2,66,5,12,95.221875,"Stowers, Kyle",L,111,0.07575757575757576,0.18181818181818182,0.5945945945945946,0.027846846846846848,0.027984342195494977,0.524
669087,L,0,5,1,1,101.35,"Huff, Sam",R,12,0.2,0.2,0.4166666666666667,0.049416666666666664,0.029772593201135514,0.077
669127,L,9,92,14,15,97.05740740740741,"Langeliers, Shea",R,135,0.15217391304347827,0.16304347826086957,0.6814814814814815,0.06162962962962962,0.04840829704385789,0.605
669134,L,2,35,1,6,93.325,"Campusano, Luis",R,53,0.02857142857142857,0.17142857142857143,0.660377358490566,0.012886792452830188,0.02251761011146875,0.368
669208,L,0,2,0,0,97.75,"Bliss, Ryan",R,3,0.0,0.0,0.6666666666666666,0.0,0.027227987495814114,0.032
669221,L,1,19,2,1,94.0125,"Murphy, Sean",R,34,0.10526315789473684,0.05263157894736842,0.5588235294117647,0.034352941176470586,0.02963090008979008,0.241
669224,L,3,61,3,7,93.60000000000001,"Wells, Austin",L,99,0.04918032786885246,0.11475409836065574,0.6161616161616161,0.018696969696969695,0.023377275836823357,0.504
669236,L,2,64,7,9,94.87931034482759,"Jackson, Jeremiah",R,96,0.109375,0.140625,0.6666666666666666,0.043614583333333325,0.036124746436079096,0.516
669242,L,4,67,5,10,92.14333333333333,"Edman, Tommy",R,110,0.07462686567164178,0.14925373134328357,0.6090909090909091,0.02777272727272727,0.027944157102466158,0.528
669256,L,0,6,1,0,96.66666666666667,"Solak, Nick",R,7,0.16666666666666666,0.0,0.8571428571428571,0.08214285714285713,0.033045338902994215,0.091
669257,L,2,50,3,11,94.90882352941176,"Smith, Will",R,83,0.06,0.22,0.6024096385542169,0.023168674698795178,0.025877899633456672,0.455
669288,L,0,3,0,0,90.6,"Johnson, Daniel",L,4,0.0,0.0,0.75,0.0,0.02679579721810278,0.048
669289,L,1,31,1,3,89.68235294117646,"Espinal, Santiago",R,36,0.03225806451612903,0.0967741935483871,0.8611111111111112,0.017472222222222222,0.02450301223768532,0.341
669326,L,0,27,2,2,90.82000000000001,"Teodosio, Bryce",R,47,0.07407407407407407,0.07407407407407407,0.574468085106383,0.025234042553191487,0.027235107743409717,0.31
669357,L,1,31,3,7,90.12307692307692,"Gorman, Nolan",L,49,0.0967741935483871,0.22580645161290322,0.6326530612244898,0.03777551020408163,0.03141951693480226,0.341
669360,L,0,0,0,0,,"Cruz, Trei",R,1,0.0,0.0,0.0,0.0,0.02813558707900792,0.0
669364,L,4,107,4,10,88.58,"Edwards, Xavier",R,146,0.037383177570093455,0.09345794392523364,0.7328767123287672,0.016986301369863014,0.020992032762370168,0.641
669369,L,0,7,0,0,88.8,"Johnson, Bryce",R,13,0.0,0.0,0.5384615384615384,0.0,0.025196048130454854,0.104
669384,L,1,6,1,0,99.1,"Delgado, Raynel",L,10,0.16666666666666666,0.0,0.6,0.057499999999999996,0.03080507916273447,0.091
669392,L,0,33,1,3,89.075,"Taylor, Samad",R,50,0.030303030303030304,0.09090909090909091,0.66,0.01258,0.02261586263161801,0.355
669394,L,12,109,20,14,96.60892857142858,"Burger, Jake",R,170,0.1834862385321101,0.12844036697247707,0.6411764705882353,0.06912941176470588,0.05457539116623323,0.645
669397,L,1,34,1,6,87.85714285714286,"Allen, Nick",R,43,0.029411764705882353,0.17647058823529413,0.7906976744186046,0.015883720930232558,0.023704061025195556,0.362
669477,L,4,87,10,20,92.71052631578948,"Schmitt, Casey",R,106,0.11494252873563218,0.22988505747126436,0.8207547169811321,0.05764150943396226,0.04559827581969518,0.592
669699,L,0,8,0,1,79.45,"Shewmake, Braden",L,12,0.0,0.125,0.6666666666666666,0.0014999999999999998,0.025001988599124635,0.118
669701,L,0,19,1,0,83.075,"Smith, Josh",L,34,0.05263157894736842,0.0,0.5588235294117647,0.016911764705882352,0.02543618676142076,0.241
669707,L,1,112,2,16,88.90344827586206,"Triolo, Jared",R,143,0.017857142857142856,0.14285714285714285,0.7832167832167832,0.010055944055944056,0.016362796273291916,0.651
669717,L,1,2,1,0,106.3,"Wilson, Will",R,2,0.5,0.0,1.0,0.2875,0.03650218104420121,0.032
669720,L,2,38,2,9,94.30499999999999,"Hays, Austin",R,53,0.05263157894736842,0.23684210526315788,0.7169811320754716,0.024754716981132074,0.026824637449219327,0.388
669743,L,1,47,1,14,88.24545454545455,"Call, Alex",R,76,0.02127659574468085,0.2978723404255319,0.618421052631579,0.010881578947368421,0.02055672369408216,0.439
669899,L,0,1,0,0,,"Ward, Ryan",L,3,0.0,0.0,0.3333333333333333,0.0,0.027674347946565165,0.016
669911,L,0,3,0,0,83.06666666666666,"Toglia, Michael",R,6,0.0,0.0,0.5,0.0,0.02679579721810278,0.048
670032,L,0,46,0,5,85.0,"Lopez, Nicky",L,59,0.0,0.10869565217391304,0.7796610169491526,0.0015254237288135591,0.016587780342131122,0.434
670042,L,0,18,1,5,94.96666666666667,"Raley, Luke",L,27,0.05555555555555555,0.2777777777777778,0.6666666666666666,0.024629629629629626,0.027326519975305233,0.231
670097,L,0,15,1,3,89.45,"Short, Zack",R,27,0.06666666666666667,0.2,0.5555555555555556,0.023296296296296294,0.027167728922465596,0.2
670156,L,0,2,0,0,,"Mastrobuoni, Miles",L,2,0.0,0.0,1.0,0.0,0.027227987495814114,0.032
670224,L,0,8,0,3,87.52000000000001,"Misner, Kameron",L,13,0.0,0.375,0.6153846153846154,0.004153846153846154,0.02531420579369477,0.118
670231,L,1,24,2,5,94.86666666666667,"Rave, John",L,39,0.08333333333333333,0.20833333333333334,0.6153846153846154,0.031794871794871796,0.029181096997826173,0.286
670242,L,1,25,3,2,94.80666666666666,"Wallner, Matt",L,47,0.12,0.08,0.5319148936170213,0.03746808510638297,0.03088043944000058,0.294
670541,L,10,136,18,24,94.685,"Alvarez, Yordan",L,184,0.1323529411764706,0.17647058823529413,0.7391304347826086,0.05859782608695651,0.04927265088044164,0.694
670623,L,4,117,7,37,91.06282051282051,"Paredes, Isaac",R,159,0.05982905982905983,0.3162393162393162,0.7358490566037735,0.029503144654088043,0.029039565815077835,0.661
670764,L,1,106,0,16,88.66,"Walls, Taylor",R,155,0.0,0.1509433962264151,0.6838709677419355,0.001858064516129032,0.011355964237651523,0.639
670770,L,0,24,0,3,82.73333333333333,"Friedl, TJ",L,38,0.0,0.125,0.631578947368421,0.0014210526315789472,0.020502862951171073,0.286
671056,L,7,142,10,24,92.64,"Herrera, Iván",R,220,0.07042253521126761,0.16901408450704225,0.6454545454545455,0.028100000000000003,0.028110570419507305,0.703
671083,L,0,14,2,1,90.17142857142858,"Kennedy, Buddy",R,29,0.14285714285714285,0.07142857142857142,0.4827586206896552,0.04027586206896551,0.030432395860891786,0.189
671155,L,0,6,0,0,89.63333333333333,"Johnson, Ivan",R,10,0.0,0.0,0.6,0.0,0.025577806435461745,0.091
671218,L,4,73,12,9,98.51063829787235,"Ramos, Heliot",R,115,0.1643835616438356,0.1232876712328767,0.6347826086956522,0.061408695652173904,0.046398270731948646,0.549
671277,L,3,65,6,4,90.92272727272727,"García Jr., Luis",L,87,0.09230769230769231,0.06153846153846154,0.7471264367816092,0.04048275862068965,0.03455611628068242,0.52
671286,L,0,5,0,2,97.325,"Rodríguez, Johnathan",R,13,0.0,0.4,0.38461538461538464,0.0027692307692307695,0.026184328901332755,0.077
671289,L,2,80,1,12,90.36842105263158,"Freeman, Tyler",R,101,0.0125,0.15,0.7920792079207921,0.007831683168316832,0.016533356272898727,0.571
671655,L,0,1,0,0,,"Valera, George",L,2,0.0,0.0,0.5,0.0,0.027674347946565165,0.016
671732,L,4,93,6,5,94.1029411764706,"Butler, Lawrence",L,149,0.06451612903225806,0.053763440860215055,0.6241610738255033,0.023758389261744964,0.025474937425377493,0.608
671739,L,8,170,11,29,91.12073170731706,"Harris II, Michael",L,226,0.06470588235294118,0.17058823529411765,0.7522123893805309,0.030296460176991148,0.029732754151430306,0.739
671976,L,1,44,1,9,89.95263157894736,"Peters, Tristan",L,67,0.022727272727272728,0.20454545454545456,0.6567164179104478,0.011000000000000001,0.020885915622504567,0.423
672012,L,0,1,0,0,,"Black, Tyler",L,1,0.0,0.0,1.0,0.0,0.027674347946565165,0.016
672016,L,0,25,1,1,99.18,"Clarke, Denzel",R,38,0.04,0.04,0.6578947368421053,0.015605263157894737,0.024450197690445218,0.294
672275,L,1,33,2,3,94.30625,"Bailey, Patrick",R,58,0.06060606060606061,0.09090909090909091,0.5689655172413793,0.02075862068965517,0.025517953844076298,0.355
672284,L,0,6,0,0,92.3,"Kelenic, Jarred",L,10,0.0,0.0,0.6,0.0,0.025577806435461745,0.091
672356,L,0,25,1,3,94.00833333333333,"Arias, Gabriel",R,52,0.04,0.12,0.4807692307692308,0.012096153846153845,0.023418106716403778,0.294
672386,L,2,69,2,7,93.31515151515151,"Kirk, Alejandro",R,95,0.028985507246376812,0.10144927536231885,0.7263157894736842,0.013431578947368421,0.02027065249696819,0.535
672515,L,4,112,7,21,92.44666666666667,"Moreno, Gabriel",R,148,0.0625,0.1875,0.7567567567567568,0.029750000000000002,0.02918683270197951,0.651
672569,L,0,4,0,0,67.4,"Campero, Gustavo",R,5,0.0,0.0,0.8,0.0,0.026377112886569923,0.062
672580,L,2,62,5,13,93.86,"Garcia, Maikel",R,82,0.08064516129032258,0.20967741935483872,0.7560975609756098,0.037914634146341455,0.03310526673617742,0.508
672613,L,0,13,0,1,95.81666666666666,"Alfonzo, Eliezer",R,14,0.0,0.07692307692307693,0.9285714285714286,0.0012857142857142856,0.023354102882941926,0.178
672640,L,3,141,10,14,90.49230769230769,"Lopez, Otto",R,172,0.07092198581560284,0.09929078014184398,0.8197674418604651,0.034895348837209295,0.03287750950640291,0.701
672642,L,0,1,0,0,89.1,"Berroa, Steward",R,5,0.0,0.0,0.2,0.0,0.027674347946565165,0.016
672695,L,1,151,4,19,88.90967741935484,"Perdomo, Geraldo",R,200,0.026490066225165563,0.12582781456953643,0.755,0.01321,0.017454242771281873,0.716
672724,L,5,88,10,8,91.77608695652174,"Peraza, Oswald",R,137,0.11363636363636363,0.09090909090909091,0.6423357664233577,0.04302189781021897,0.036986906973241515,0.595
672761,L,4,44,6,3,92.32727272727273,"Pérez, Wenceel",R,54,0.13636363636363635,0.06818181818181818,0.8148148148148148,0.06488888888888888,0.043685060921649865,0.423
672820,L,1,30,2,7,92.69999999999999,"Sosa, Lenyn",R,45,0.06666666666666667,0.23333333333333334,0.6666666666666666,0.028355555555555554,0.028208909904523797,0.333
672960,L,10,106,18,21,97.3542372881356,"Okamoto, Kazuma",R,168,0.16981132075471697,0.19811320754716982,0.6309523809523809,0.06385714285714285,0.05094573715420252,0.639
673237,L,2,73,6,6,95.19200000000001,"Diaz, Yainer",R,96,0.0821917808219178,0.0821917808219178,0.7604166666666666,0.03706249999999999,0.03303532123865019,0.549
673357,L,5,46,8,2,96.08095238095238,"Robert Jr., Luis",R,68,0.17391304347826086,0.043478260869565216,0.6764705882352942,0.0681764705882353,0.0455118195452764,0.434
673490,L,0,42,1,8,91.39545454545454,"Kim, Ha-Seong",R,66,0.023809523809523808,0.19047619047619047,0.6363636363636364,0.010893939393939393,0.021036085091038527,0.412
673548,L,8,106,8,17,92.02833333333334,"Suzuki, Seiya",R,168,0.07547169811320754,0.16037735849056603,0.6309523809523809,0.02920238095238095,0.028816792805378647,0.639
673962,L,3,86,7,11,92.42173913043477,"Jung, Josh",R,116,0.08139534883720931,0.12790697674418605,0.7413793103448276,0.036405172413793103,0.03300671268716905,0.589
673995,L,0,3,0,0,88.44999999999999,"Wendzel, Davis",R,3,0.0,0.0,1.0,0.0,0.02679579721810278,0.048
675448,L,0,0,0,0,,"Hunt, Blake",R,2,0.0,0.0,0.0,0.0,0.02813558707900792,0.0
675659,L,0,4,0,0,82.13333333333333,"Jones, Greg",R,7,0.0,0.0,0.5714285714285714,0.0,0.026377112886569923,0.062
675961,L,2,77,1,15,84.87317073170732,"Williams, Alika",R,103,0.012987012987012988,0.19480519480519481,0.7475728155339806,0.00820388349514563,0.01693309674355247,0.562
676356,L,2,114,2,15,90.46808510638297,"DeLuca, Jonny",R,155,0.017543859649122806,0.13157894736842105,0.7354838709677419,0.009161290322580644,0.015704151273072807,0.655
676369,L,5,47,6,8,97.4125,"Velázquez, Nelson",R,81,0.1276595744680851,0.1702127659574468,0.5802469135802469,0.04437037037037037,0.03526675357147554,0.439
676391,L,4,173,5,38,89.94787234042553,"Clement, Ernie",R,202,0.028901734104046242,0.21965317919075145,0.8564356435643564,0.017618811881188117,0.020326994335562315,0.742
676439,L,0,33,3,7,90.4578947368421,"Feduccia, Hunter",L,42,0.09090909090909091,0.21212121212121213,0.7857142857142857,0.04407142857142857,0.03379024051180234,0.355
676475,L,3,158,10,26,94.9842857142857,"Burleson, Alec",L,207,0.06329113924050633,0.16455696202531644,0.7632850241545893,0.030038647342995165,0.029514869288686747,0.725
676480,L,0,0,0,0,,"Barrero, José",R,2,0.0,0.0,0.0,0.0,0.02813558707900792,0.0
676551,L,0,5,0,2,101.56666666666666,"Hicklen, Brewer",R,9,0.0,0.4,0.5555555555555556,0.004,0.02627900345754577,0.077
676572,L,2,28,2,2,91.7125,"Wagaman, Eric",R,44,0.07142857142857142,0.07142857142857142,0.6363636363636364,0.02695454545454545,0.027759801107588043,0.318
676609,L,4,89,3,19,87.69756097560975,"Caballero, José",R,147,0.033707865168539325,0.21348314606741572,0.6054421768707483,0.014061224489795918,0.019728753049210145,0.597
676694,L,1,41,4,6,89.5904761904762,"Meyers, Jake",R,55,0.0975609756097561,0.14634146341463414,0.7454545454545455,0.04378181818181818,0.03448702742767347,0.406
676724,L,0,42,1,5,94.72666666666667,"Young, Jared",L,63,0.023809523809523808,0.11904761904761904,0.6666666666666666,0.010555555555555554,0.020896750569351065,0.412
676914,L,2,33,4,4,96.34444444444445,"Schneider, Davis",R,85,0.12121212121212122,0.12121212121212122,0.38823529411764707,0.027905882352941176,0.02805407895040359,0.355
677060,L,0,8,1,1,87.53333333333335,"Stevens, Chad",R,18,0.125,0.125,0.4444444444444444,0.03294444444444444,0.02870133500435339,0.118
677347,L,0,7,0,1,93.43333333333334,"Paris, Kyren",R,14,0.0,0.14285714285714285,0.5,0.0012857142857142856,0.02533037648866381,0.104
677587,L,5,154,7,22,90.23589743589743,"Rocchio, Brayan",R,199,0.045454545454545456,0.14285714285714285,0.7738693467336684,0.02221608040201005,0.023875755171261788,0.72
677588,L,0,9,1,0,90.10000000000001,"Tena, José",L,20,0.1111111111111111,0.0,0.45,0.028749999999999998,0.028215727894789492,0.13
677592,L,2,21,2,3,93.6,"Pereira, Everson",R,44,0.09523809523809523,0.14285714285714285,0.4772727272727273,0.02736363636363636,0.027935451708356034,0.259
677594,L,8,134,14,17,93.66623376623377,"Rodríguez, Julio",R,208,0.1044776119402985,0.12686567164179105,0.6442307692307693,0.04017307692307692,0.03645014191975661,0.691
677595,L,2,9,3,1,98.81666666666666,"Mauricio, Ronny",R,16,0.3333333333333333,0.1111111111111111,0.5625,0.10893749999999999,0.03867496702522427,0.13
677649,L,4,103,4,16,92.77037037037037,"Duran, Ezequiel",R,164,0.038834951456310676,0.1553398058252427,0.6280487804878049,0.015780487804878045,0.020328377108238732,0.632
677800,L,6,156,17,19,92.39506172839506,"Abreu, Wilyer",L,218,0.10897435897435898,0.12179487179487179,0.7155963302752294,0.046408256880733946,0.04133251526914338,0.722
677870,L,2,65,3,6,91.36896551724138,"Jiménez, Leo",R,95,0.046153846153846156,0.09230769230769231,0.6842105263157895,0.019294736842105264,0.023538344955818538,0.52
677942,L,1,69,2,6,94.16842105263159,"Alexander, Blaze",R,104,0.028985507246376812,0.08695652173913043,0.6634615384615384,0.012096153846153845,0.019556355349806903,0.535
677943,L,0,4,0,0,87.65,"Banfield, Will",R,6,0.0,0.0,0.6666666666666666,0.0,0.026377112886569923,0.062
677950,L,0,13,1,1,93.41666666666667,"Thomas, Alek",L,18,0.07692307692307693,0.07692307692307693,0.7222222222222222,0.03294444444444445,0.0289919589386062,0.178
677951,L,4,122,17,5,96.45238095238095,"Witt Jr., Bobby",R,171,0.13934426229508196,0.040983606557377046,0.7134502923976608,0.057690058479532146,0.04794682614968899,0.67
677956,L,0,11,0,2,96.54285714285713,"Hinds, Rece",R,33,0.0,0.18181818181818182,0.3333333333333333,0.0010909090909090907,0.023945566545640493,0.155
678009,L,0,1,0,0,,"Meadows, Parker",L,1,0.0,0.0,1.0,0.0,0.027674347946565165,0.016
678011,L,1,32,3,6,89.34285714285714,"Seigler, Anthony",R,42,0.09375,0.1875,0.7619047619047619,0.043642857142857136,0.0335294201446946,0.348
678218,L,3,49,4,5,95.50952380952381,"Valenzuela, Brandon",R,79,0.08163265306122448,0.10204081632653061,0.620253164556962,0.03025316455696202,0.02908752557827169,0.45
678225,L,0,2,0,0,,"Bae, Jihwan",L,2,0.0,0.0,1.0,0.0,0.027227987495814114,0.032
678246,L,12,137,19,26,96.37439024390244,"Vargas, Miguel",R,208,0.1386861313868613,0.1897810218978102,0.6586538461538461,0.05477403846153846,0.046660804537925094,0.695
678391,L,0,41,0,4,76.60666666666665,"Vivas, Jorbit",L,54,0.0,0.0975609756097561,0.7592592592592593,0.0013333333333333333,0.01725546427135784,0.406
678489,L,1,42,2,7,90.36111111111111,"Barrosa, Jorge",R,64,0.047619047619047616,0.16666666666666666,0.65625,0.019937499999999997,0.024759904164122305,0.412
678545,L,1,40,1,6,87.02380952380952,"Basabe, Osleivis",R,60,0.025,0.15,0.6666666666666666,0.011383333333333332,0.021434685580738085,0.4
678554,L,7,95,12,14,91.72727272727273,"Mead, Curtis",R,142,0.12631578947368421,0.14736842105263157,0.6690140845070423,0.050366197183098586,0.041760799723450585,0.613
678577,L,1,17,1,3,98.8111111111111,"Perez, Junior",R,27,0.058823529411764705,0.17647058823529413,0.6296296296296297,0.023296296296296298,0.027067172230876783,0.221
678662,L,4,106,9,20,91.8203125,"Tovar, Ezequiel",R,170,0.08490566037735849,0.18867924528301888,0.6235294117647059,0.032558823529411765,0.030960063366615193,0.639
678760,L,0,4,1,0,86.8,"Leonard, Eddys",R,5,0.25,0.0,0.8,0.11499999999999999,0.03356461288656992,0.062
678882,L,5,106,7,14,89.64999999999999,"Rafaela, Ceddanne",R,154,0.0660377358490566,0.1320754716981132,0.6883116883116883,0.027772727272727272,0.0279038814195757,0.639
679529,L,3,101,9,26,91.7109375,"Torkelson, Spencer",R,179,0.0891089108910891,0.25742574257425743,0.5642458100558659,0.03152513966480447,0.030261952365749852,0.627
679822,L,8,106,12,18,93.68181818181819,"Foscue, Justin",R,162,0.11320754716981132,0.16981132075471697,0.654320987654321,0.04459259259259259,0.03864427734671862,0.639
679845,L,2,120,5,22,91.3046875,"Loftin, Nick",R,169,0.041666666666666664,0.18333333333333332,0.7100591715976331,0.019355029585798815,0.02228188208353518,0.667
680474,L,1,29,3,3,93.32,"Schuemann, Max",R,45,0.10344827586206896,0.10344827586206896,0.6444444444444445,0.03953333333333334,0.03184945945401283,0.326
680574,L,6,79,8,10,89.31304347826087,"McLain, Matt",R,126,0.10126582278481013,0.12658227848101267,0.626984126984127,0.037936507936507935,0.033705894616723756,0.568
680664,L,5,36,6,8,96.43809523809524,"Valencia, Eduardo",R,59,0.16666666666666666,0.2222222222222222,0.6101694915254238,0.060915254237288136,0.040427962263362996,0.375
680700,L,0,44,0,4,87.79166666666667,"Palacios, Richie",L,64,0.0,0.09090909090909091,0.6875,0.001125,0.016708031007119952,0.423
680716,L,0,9,0,2,100.2,"Ornelas, Jonathan",R,17,0.0,0.2222222222222222,0.5294117647058824,0.0021176470588235292,0.02474194272854908,0.13
680718,L,0,2,0,0,76.2,"Barger, Addison",L,4,0.0,0.0,0.5,0.0,0.027227987495814114,0.032
680728,L,0,17,1,2,93.78571428571429,"Del Castillo, Adrian",L,28,0.058823529411764705,0.11764705882352941,0.6071428571428571,0.021821428571428568,0.026741552083828064,0.221
680737,L,1,12,0,2,89.72,"Helman, Michael",R,16,0.0,0.16666666666666666,0.75,0.00225,0.023821322565839933,0.167
680757,L,0,146,0,20,85.78055555555555,"Kwan, Steven",L,205,0.0,0.136986301369863,0.7121951219512195,0.0017560975609756094,0.009439444022538417,0.709
680776,L,2,93,8,8,92.655,"Duran, Jarren",L,143,0.08602150537634409,0.08602150537634409,0.6503496503496503,0.03317482517482517,0.0311986533725439,0.608
680777,L,3,94,7,13,94.25106382978724,"Jeffers, Ryan",R,139,0.07446808510638298,0.13829787234042554,0.6762589928057554,0.030640287769784166,0.02966443035779342,0.61
680779,L,3,64,5,13,96.20645161290322,"Davis, Henry",R,92,0.078125,0.203125,0.6956521739130435,0.033793478260869564,0.031055788979323606,0.516
680869,L,7,80,10,11,93.57441860465116,"Gelof, Zack",R,115,0.125,0.1375,0.6956521739130435,0.051721739130434784,0.04161338825125184,0.571
680977,L,0,38,0,5,92.07142857142857,"Donovan, Brendan",L,53,0.0,0.13157894736842105,0.7169811320754716,0.0016981132075471696,0.01788432170027824,0.388
681047,L,0,16,2,0,94.75,"Franklin, Christian",R,29,0.125,0.0,0.5517241379310345,0.0396551724137931,0.030560762938962694,0.211
681082,L,2,105,5,14,89.96,"Stott, Bryson",L,145,0.047619047619047616,0.13333333333333333,0.7241379310344828,0.021565517241379308,0.02395463354597153,0.636
681146,L,0,1,0,0,,"Bride, Jonah",R,3,0.0,0.0,0.3333333333333333,0.0,0.027674347946565165,0.016
681198,L,4,144,5,19,87.31269841269841,"Rumfield, TJ",L,198,0.034722222222222224,0.13194444444444445,0.7272727272727273,0.016247474747474747,0.019743978374396266,0.706
681230,L,0,6,0,0,90.63333333333333,"Murray, BJ",R,7,0.0,0.0,0.8571428571428571,0.0,0.025577806435461745,0.091
681297,L,1,31,1,4,90.15625,"Cowser, Colton",L,65,0.03225806451612903,0.12903225806451613,0.47692307692307695,0.009953846153846153,0.02194180720340336,0.341
681351,L,0,63,5,8,90.35945945945946,"O'Hoppe, Logan",R,87,0.07936507936507936,0.12698412698412698,0.7241379310344828,0.03470114942528735,0.03149843608563885,0.512
681393,L,1,78,8,18,91.38260869565218,"Norby, Connor",R,137,0.10256410256410256,0.23076923076923078,0.5693430656934306,0.03594160583941605,0.0325476846392386,0.565
681481,L,0,15,1,5,88.16666666666667,"Carpenter, Kerry",L,27,0.06666666666666667,0.3333333333333333,0.5555555555555556,0.02462962962962963,0.027434395589132264,0.2
681508,L,0,17,0,3,83.1875,"Gasper, Mickey",R,28,0.0,0.17647058823529413,0.6071428571428571,0.0019285714285714284,0.02234962258475571,0.221
681546,L,2,16,3,3,96.43333333333334,"Outman, James",L,28,0.1875,0.1875,0.5714285714285714,0.06353571428571428,0.03558824543831452,0.211
681624,L,8,119,12,14,92.53108108108108,"Pages, Andy",R,167,0.10084033613445378,0.11764705882352941,0.7125748502994012,0.042826347305389215,0.03790207013453515,0.665
681715,L,10,111,18,18,98.40517241379311,"Hernández, Heriberto",R,164,0.16216216216216217,0.16216216216216217,0.676829268292683,0.06508536585365854,0.05212053119588639,0.649
681807,L,5,78,3,23,91.38717948717948,"Fry, David",R,148,0.038461538461538464,0.2948717948717949,0.527027027027027,0.014452702702702703,0.020401782866313667,0.565
681909,L,0,0,0,0,,"Dean, Justin",R,1,0.0,0.0,0.0,0.0,0.02813558707900792,0.0
681987,L,0,17,1,6,85.30833333333334,"Eaton, Nate",R,35,0.058823529411764705,0.35294117647058826,0.4857142857142857,0.019514285714285713,0.02623218288160172,0.221
682177,L,3,41,5,4,93.80555555555556,"Schneemann, Daniel",L,67,0.12195121951219512,0.0975609756097561,0.6119402985074627,0.04398507462686567,0.03456953746972245,0.406
682515,L,0,2,0,1,103.0,"Porter, Logan",R,5,0.0,0.5,0.4,0.0036,0.027344116528072178,0.032
682622,L,3,32,4,6,93.98,"Marte, Noelvi",R,53,0.125,0.1875,0.6037735849056604,0.04543396226415094,0.034152413230362014,0.348
682626,L,3,66,10,1,95.47741935483872,"Alvarez, Francisco",R,120,0.15151515151515152,0.015151515151515152,0.55,0.04806666666666667,0.03857567638682917,0.524
682634,L,1,10,1,2,91.18571428571428,"Alcántara, Kevin",R,19,0.1,0.2,0.5263157894736842,0.0321578947368421,0.028710202458698517,0.143
682641,L,0,7,0,0,91.7,"Matos, Luis",R,13,0.0,0.0,0.5384615384615384,0.0,0.025196048130454854,0.104
682657,L,7,122,9,18,91.0984126984127,"Martínez, Angel",R,152,0.07377049180327869,0.14754098360655737,0.8026315789473685,0.036177631578947364,0.033526408117428866,0.67
682663,L,1,55,3,8,94.444,"Ramírez, Agustín",R,95,0.05454545454545454,0.14545454545454545,0.5789473684210527,0.019673684210526312,0.024088590054951498,0.478
682668,L,1,89,2,7,95.23142857142857,"Acuña, Luisangel",R,110,0.02247191011235955,0.07865168539325842,0.8090909090909091,0.0116,0.01825862566939916,0.597
682674,L,2,47,7,1,96.2,"Bericoto, Victor",R,67,0.14893617021276595,0.02127659574468085,0.7014925373134329,0.06034328358208955,0.04228289301961387,0.439
682729,L,0,5,0,0,88.25,"Clase, Jonatan",R,8,0.0,0.0,0.625,0.0,0.025971311149853463,0.077
682818,L,1,19,4,2,94.74545454545455,"Piñango, Yohendrick",L,32,0.21052631578947367,0.10526315789473684,0.59375,0.073,0.03892576233848703,0.241
682829,L,10,112,21,7,97.38214285714285,"De La Cruz, Elly",R,188,0.1875,0.0625,0.5957446808510638,0.06489893617021276,0.05207451206862968,0.651
682848,L,1,13,1,3,91.65714285714286,"Rodríguez, Endy",R,28,0.07692307692307693,0.23076923076923078,0.4642857142857143,0.022464285714285718,0.02712562930172862,0.178
682877,L,2,31,5,10,91.615,"Brito, Juan",R,44,0.16129032258064516,0.3225806451612903,0.7045454545454546,0.06943181818181818,0.042203533938207013,0.341
682927,L,1,19,2,4,95.9,"Simon, Ronny",R,24,0.10526315789473684,0.21052631578947367,0.7916666666666666,0.05091666666666666,0.03361458090388787,0.241
682928,L,8,130,12,21,92.66190476190476,"Abrams, CJ",L,207,0.09230769230769231,0.16153846153846155,0.6280193236714976,0.035159420289855074,0.03294136769695597,0.684
682985,L,6,108,12,20,93.78870967741935,"Greene, Riley",L,185,0.1111111111111111,0.18518518518518517,0.5837837837837838,0.03924324324324324,0.03527622318458777,0.643
682987,L,3,36,6,5,94.0576923076923,"Jones, Spencer",L,59,0.16666666666666666,0.1388888888888889,0.6101694915254238,0.06,0.04008474192437995,0.375
682988,L,0,7,0,1,83.325,"Locklear, Tyler",R,13,0.0,0.14285714285714285,0.5384615384615384,0.0013846153846153845,0.025340709439295266,0.104
682997,L,0,6,0,1,84.925,"Callihan, Tyler",L,7,0.0,0.16666666666666666,0.8571428571428571,0.002571428571428571,0.02581157266922798,0.091
682998,L,6,134,13,17,95.92307692307692,"Carroll, Corbin",L,210,0.09701492537313433,0.12686567164179105,0.638095238095238,0.03705238095238095,0.03429460965133774,0.691
683002,L,8,154,8,26,91.9089552238806,"Henderson, Gunnar",L,225,0.05194805194805195,0.16883116883116883,0.6844444444444444,0.022524444444444444,0.024097662005537007,0.72
683011,L,1,73,4,13,91.85128205128204,"Volpe, Anthony",R,100,0.0547945205479452,0.1780821917808219,0.73,0.025339999999999994,0.02660116710331184,0.549
683021,L,0,15,0,2,89.82857142857142,"Stefanic, Michael",R,22,0.0,0.13333333333333333,0.6818181818181818,0.001636363636363636,0.022835742390479065,0.2
683083,L,1,103,1,13,88.9,"Nuñez, Nasim",R,152,0.009708737864077669,0.1262135922330097,0.6776315789473685,0.005322368421052631,0.01371987222152697,0.632
683090,L,0,3,0,1,76.1,"Lugo, Matthew",R,8,0.0,0.3333333333333333,0.375,0.00225,0.026902940075245636,0.048
683146,L,0,52,5,3,95.3608695652174,"Baty, Brett",L,91,0.09615384615384616,0.057692307692307696,0.5714285714285714,0.032186813186813185,0.030016513486203218,0.464
683227,L,1,36,1,4,88.4125,"Freeman, Cody",R,49,0.027777777777777776,0.1111111111111111,0.7346938775510204,0.01320408163265306,0.022536272536624845,0.375
683357,L,0,19,1,1,93.46666666666665,"Caissie, Owen",L,41,0.05263157894736842,0.05263157894736842,0.4634146341463415,0.01446341463414634,0.02484734307328172,0.241
683679,L,0,13,0,1,91.92,"Rodriguez, Jesus",R,17,0.0,0.07692307692307693,0.7647058823529411,0.0010588235294117646,0.023313697679764763,0.178
683734,L,2,98,6,12,94.11224489795919,"Vaughn, Andrew",R,133,0.061224489795918366,0.12244897959183673,0.7368421052631579,0.027563909774436086,0.027781002421741845,0.62
683737,L,7,131,14,19,92.03623188405797,"Busch, Michael",L,205,0.10687022900763359,0.1450381679389313,0.6390243902439025,0.04093658536585366,0.036915329359514686,0.686
683748,L,2,52,2,3,91.26521739130435,"Mesa Jr., Victor",L,66,0.038461538461538464,0.057692307692307696,0.7878787878787878,0.018242424242424244,0.02354233290487978,0.464
683766,L,4,47,3,5,90.50625,"Koss, Christian",R,68,0.06382978723404255,0.10638297872340426,0.6911764705882353,0.026691176470588232,0.02750112634446843,0.439
683953,L,2,105,4,8,89.01904761904763,"Bazzana, Travis",L,166,0.0380952380952381,0.0761904761904762,0.6325301204819277,0.014722891566265061,0.019600235389080647,0.636
685133,L,0,39,0,4,87.64166666666667,"Meckler, Wade",L,56,0.0,0.10256410256410256,0.6964285714285714,0.0012857142857142854,0.017558364463468003,0.394
686217,L,1,80,1,8,87.60909090909091,"Frelick, Sal",L,98,0.0125,0.1,0.8163265306122449,0.00733673469387755,0.016250528573219136,0.571
686452,L,0,7,0,2,89.8,"Millas, Drew",R,20,0.0,0.2857142857142857,0.35,0.0017999999999999997,0.025384107831947392,0.104
686469,L,2,95,6,18,91.61346153846154,"Pasquantino, Vinnie",L,134,0.06315789473684211,0.18947368421052632,0.7089552238805971,0.028164179104477615,0.028153111223650634,0.613
686475,L,1,58,0,6,85.85833333333333,"Tolbert, Tyler",R,85,0.0,0.10344827586206896,0.6823529411764706,0.0012705882352941175,0.014930757138877405,0.492
686527,L,5,92,9,10,96.69,"Canzone, Dominic",L,145,0.09782608695652174,0.10869565217391304,0.6344827586206897,0.036931034482758626,0.03345914734969914,0.605
686554,L,0,3,0,0,,"Dunn, Oliver",L,4,0.0,0.0,0.75,0.0,0.02679579721810278,0.048
686555,L,2,107,6,14,88.70392156862745,"Collins, Isaac",R,156,0.056074766355140186,0.1308411214953271,0.6858974358974359,0.023730769230769232,0.025313338517561575,0.641
686611,L,6,99,11,10,91.625,"Crews, Dylan",R,142,0.1111111111111111,0.10101010101010101,0.6971830985915493,0.04580985915492957,0.03914032252250631,0.623
686668,L,5,61,6,8,95.01071428571429,"Doyle, Brenton",R,97,0.09836065573770492,0.13114754098360656,0.6288659793814433,0.03705154639175258,0.0326304095424577,0.504
686681,L,3,75,4,11,89.68529411764706,"Massey, Michael",L,101,0.05333333333333334,0.14666666666666667,0.7425742574257426,0.02473267326732673,0.026245079405851704,0.556
686765,L,2,51,4,12,92.80000000000001,"Sogard, Nick",R,74,0.0784313725490196,0.23529411764705882,0.6891891891891891,0.033999999999999996,0.03083004706973401,0.459
686780,L,0,59,1,7,94.15714285714286,"Pagés, Pedro",R,96,0.01694915254237288,0.11864406779661017,0.6145833333333334,0.007302083333333333,0.017806370936194468,0.496
686797,L,3,142,7,26,92.684,"Lee, Brooks",R,208,0.04929577464788732,0.18309859154929578,0.6826923076923077,0.021600961538461534,0.023541939421792144,0.703
686823,L,0,2,0,0,78.35,"Brennan, Will",L,2,0.0,0.0,1.0,0.0,0.027227987495814114,0.032
686894,L,3,22,4,1,98.93636363636364,"Wiemer, Joey",R,44,0.18181818181818182,0.045454545454545456,0.5,0.05268181818181818,0.034721161277322866,0.268
686948,L,7,155,12,10,96.67142857142858,"Baldwin, Drake",L,224,0.07741935483870968,0.06451612903225806,0.6919642857142857,0.031607142857142854,0.03063833659347729,0.721
687093,L,3,128,8,19,92.22537313432836,"Grissom, Vaughn",R,178,0.0625,0.1484375,0.7191011235955056,0.02776404494382022,0.027882622221007784,0.681
687221,L,1,40,3,9,93.78695652173913,"Rushing, Dalton",L,66,0.075,0.225,0.6060606060606061,0.028590909090909087,0.028317715883768385,0.4
687231,L,1,41,0,2,84.67619047619048,"Hernaiz, Darell",R,58,0.0,0.04878048780487805,0.7068965517241379,0.0006206896551724137,0.016966173273292515,0.406
687263,L,8,124,14,32,94.83896103896105,"Neto, Zach",R,192,0.11290322580645161,0.25806451612903225,0.6458333333333334,0.04492708333333333,0.03945159542431417,0.674
687282,L,0,4,0,0,87.9,"Rincones Jr., Gabriel",L,5,0.0,0.0,0.8,0.0,0.026377112886569923,0.062
687363,L,1,48,0,4,86.825,"Scott II, Victor",L,64,0.0,0.08333333333333333,0.75,0.001125,0.016130881710559954,0.444
687394,L,0,0,0,0,,"Brannigan, Jack",R,1,0.0,0.0,0.0,0.0,0.02813558707900792,0.0
687401,L,2,106,4,13,94.62391304347825,"Ortiz, Joey",R,150,0.03773584905660377,0.12264150943396226,0.7066666666666667,0.016893333333333333,0.020956798542613304,0.639
687462,L,1,61,2,5,87.90384615384616,"Horwitz, Spencer",L,90,0.03278688524590164,0.08196721311475409,0.6777777777777778,0.013777777777777778,0.020897352637891897,0.504
687515,L,4,69,7,8,93.08974358974359,"Thomas, Colby",R,104,0.10144927536231885,0.11594202898550725,0.6634615384615384,0.04008653846153846,0.034527956423152165,0.535
687529,L,0,14,1,1,93.075,"McCray, Grant",L,25,0.07142857142857142,0.07142857142857142,0.56,0.023719999999999998,0.02730020573973615,0.189
687551,L,0,29,0,3,84.7,"Gilbert, Drew",L,50,0.0,0.10344827586206896,0.58,0.0010799999999999998,0.01931972162629747,0.326
687597,L,1,55,1,13,89.64722222222223,"Beck, Jordan",R,97,0.01818181818181818,0.23636363636363636,0.5670103092783505,0.008340206185567009,0.018668230999536177,0.478
687605,L,1,10,1,1,92.08571428571429,"Pinckney, Andrew",R,16,0.1,0.1,0.625,0.0370625,0.029410860353435358,0.143
687637,L,0,46,1,4,86.80909090909091,"Beavers, Dylan",L,71,0.021739130434782608,0.08695652173913043,0.647887323943662,0.009112676056338028,0.019880361540868155,0.434
687749,L,2,29,3,3,94.25882352941177,"Bowen, Jase",R,51,0.10344827586206896,0.10344827586206896,0.5686274509803921,0.03488235294117647,0.03033397146106284,0.326
687859,L,2,84,3,10,90.43478260869566,"Johnston, Troy",L,112,0.03571428571428571,0.11904761904761904,0.75,0.017008928571428567,0.021645036282919965,0.583
687952,L,7,46,12,9,97.33928571428571,"Encarnacion-Strand, Christian",R,79,0.2608695652173913,0.1956521739130435,0.5822784810126582,0.08939240506329113,0.05471873450614969,0.434
687957,L,0,15,0,3,81.94,"Harris, Dustin",L,23,0.0,0.2,0.6521739130434783,0.0023478260869565218,0.02297803488059764,0.2
688363,L,0,7,0,0,,"Pauley, Graham",L,10,0.0,0.0,0.7,0.0,0.025196048130454854,0.104
689414,L,1,89,1,15,85.43142857142857,"Hicks, Liam",L,119,0.011235955056179775,0.16853932584269662,0.7478991596638656,0.007100840336134453,0.015571208152056653,0.597
690022,L,0,4,0,0,,"Ritter, Ryan",R,10,0.0,0.0,0.4,0.0,0.026377112886569923,0.062
690924,L,0,29,3,2,87.57857142857142,"Fulford, Braxton",R,60,0.10344827586206896,0.06896551724137931,0.48333333333333334,0.029349999999999998,0.028531294660005337,0.326
690976,L,0,18,0,4,84.81,"Freeland, Alex",R,35,0.0,0.2222222222222222,0.5142857142857142,0.0020571428571428563,0.022117484566269826,0.231
690984,L,1,36,1,7,82.02666666666667,"Halpin, Petey",L,48,0.027777777777777776,0.19444444444444445,0.75,0.014604166666666665,0.023061304424379946,0.375
690993,L,0,20,0,1,86.17999999999999,"Keith, Colt",L,25,0.0,0.05,0.8,0.00072,0.02128169030925594,0.25
691002,L,1,14,2,0,90.96666666666665,"Morales, Yohandy",R,21,0.14285714285714285,0.0,0.6666666666666666,0.05476190476190475,0.03317299853252894,0.189
691011,L,1,27,1,5,84.53571428571429,"Romo, Drew",R,41,0.037037037037037035,0.18518518518518517,0.6585365853658537,0.01621951219512195,0.024437494873664,0.31
691016,L,9,92,9,14,94.69444444444444,"Soderstrom, Tyler",L,145,0.09782608695652174,0.15217391304347827,0.6344827586206897,0.037427586206896554,0.033759691814308934,0.605
691019,L,0,19,1,3,87.95,"Teel, Kyle",L,39,0.05263157894736842,0.15789473684210525,0.48717948717948717,0.016128205128205127,0.025247735723751552,0.241
691023,L,9,114,18,12,95.83030303030303,"Walker, Jordan",R,175,0.15789473684210525,0.10526315789473684,0.6514285714285715,0.06037714285714286,0.04925936500261357,0.655
691026,L,1,96,2,16,91.57962962962964,"Winn, Masyn",R,141,0.020833333333333332,0.16666666666666666,0.6808510638297872,0.010198581560283686,0.017097429836716083,0.615
691176,L,2,62,4,10,89.14642857142857,"Domínguez, Jasson",R,86,0.06451612903225806,0.16129032258064516,0.7209302325581395,0.028837209302325573,0.02849214919249722,0.508
691181,L,0,12,1,6,90.975,"Rodriguez, Emmanuel",L,15,0.08333333333333333,0.5,0.8,0.045533333333333335,0.03103521145472882,0.167
691182,L,0,26,1,7,88.3153846153846,"Amador, Adael",R,37,0.038461538461538464,0.2692307692307692,0.7027027027027027,0.018945945945945945,0.025357323480640345,0.302
691277,L,0,16,1,2,95.26,"De Los Santos, Deyvison",R,21,0.0625,0.125,0.7619047619047619,0.029095238095238094,0.028337618871898482,0.211
691373,L,0,12,0,2,92.58,"Garcia, Jhostynxon",R,17,0.0,0.16666666666666666,0.7058823529411765,0.0021176470588235292,0.02379926374231052,0.167
691406,L,8,130,17,18,96.7896551724138,"Caminero, Junior",R,195,0.13076923076923078,0.13846153846153847,0.6666666666666666,0.05178974358974359,0.044320009954774434,0.684
691458,L,2,62,7,6,88.30882352941177,"Jordan, Blaze",R,76,0.11290322580645161,0.0967741935483871,0.8157894736842105,0.05438157894736842,0.041473714094076373,0.508
691594,L,4,127,4,20,89.80645161290323,"Sanoja, Javier",R,154,0.031496062992125984,0.15748031496062992,0.8246753246753247,0.017272727272727273,0.02075813683623978,0.679
691620,L,0,1,0,0,,"Quero, Jeferson",R,2,0.0,0.0,0.5,0.0,0.027674347946565165,0.016
691718,L,11,135,11,29,93.42615384615384,"Crow-Armstrong, Pete",L,230,0.08148148148148149,0.21481481481481482,0.5869565217391305,0.029769565217391308,0.029266802713273345,0.692
691720,L,5,110,11,17,91.32686567164178,"Karros, Kyle",R,162,0.1,0.15454545454545454,0.6790123456790124,0.0409320987654321,0.03641568287610592,0.647
691723,L,16,105,24,16,97.60454545454544,"Mayo, Coby",R,163,0.22857142857142856,0.1523809523809524,0.6441717791411042,0.08642944785276072,0.06523168029866878,0.636
691728,L,0,5,0,0,90.0,"Veen, Zac",L,11,0.0,0.0,0.45454545454545453,0.0,0.025971311149853463,0.077
691740,L,2,39,2,6,92.44500000000001,"Susac, Daniel",R,50,0.05128205128205128,0.15384615384615385,0.78,0.02516,0.026963386108489647,0.394
691777,L,2,59,7,9,95.18518518518519,"Muncy, Max",R,105,0.11864406779661017,0.15254237288135594,0.5619047619047619,0.039876190476190475,0.03395655851122448,0.496
691781,L,4,74,8,11,93.3142857142857,"House, Brady",R,115,0.10810810810810811,0.14864864864864866,0.6434782608695652,0.041721739130434775,0.03563838746561678,0.552
691783,L,3,38,4,8,87.04074074074073,"Lawlar, Jordan",R,59,0.10526315789473684,0.21052631578947367,0.6440677966101694,0.04142372881355931,0.033288131833221726,0.388
691785,L,2,21,3,3,94.46153846153847,"Mayer, Marcelo",L,26,0.14285714285714285,0.14285714285714285,0.8076923076923077,0.06842307692307692,0.03858049185339618,0.259
691788,L,1,46,4,5,93.18125,"Mack, Joe",L,68,0.08695652173913043,0.10869565217391304,0.6764705882352942,0.03514705882352941,0.03117830123229083,0.434
691858,L,0,11,1,2,91.92,"Serna, Jared",R,18,0.09090909090909091,0.18181818181818182,0.6111111111111112,0.033944444444444444,0.02903555089618822,0.155
691907,L,0,1,0,0,,"Cheng, Tsung-Che",L,5,0.0,0.0,0.2,0.0,0.027674347946565165,0.016
692216,L,0,1,0,0,,"Kayfus, CJ",L,3,0.0,0.0,0.3333333333333333,0.0,0.027674347946565165,0.016
693304,L,1,146,2,13,89.28787878787878,"Gonzales, Nick",R,195,0.0136986301369863,0.08904109589041095,0.7487179487179487,0.0070974358974358965,0.013225052746437455,0.709
693306,L,0,2,0,0,,"Sabato, Aaron",R,3,0.0,0.0,0.6666666666666666,0.0,0.027227987495814114,0.032
693307,L,4,124,8,21,93.31969696969698,"Dingler, Dillon",R,190,0.06451612903225806,0.1693548387096774,0.6526315789473685,0.026199999999999998,0.026831169699676492,0.674
693409,L,0,2,0,0,,"Prieto, César",L,4,0.0,0.0,0.5,0.0,0.027227987495814114,0.032
693459,L,0,3,0,0,88.75,"Fedko, Kyler",R,11,0.0,0.0,0.2727272727272727,0.0,0.02679579721810278,0.048
694025,L,1,16,0,2,90.75,"Reyes, Felix",R,22,0.0,0.125,0.7272727272727273,0.0016363636363636363,0.022556803196345964,0.211
694192,L,9,117,15,10,95.63272727272728,"Chourio, Jackson",R,172,0.1282051282051282,0.08547008547008547,0.6802325581395349,0.05119186046511627,0.04337617457152022,0.661
694197,L,1,33,2,2,95.87777777777778,"Genao, Angel",R,44,0.06060606060606061,0.06060606060606061,0.75,0.026954545454545453,0.02771650779290833,0.355
694203,L,6,68,6,10,93.0375,"Guzman, Denzer",R,107,0.08823529411764706,0.14705882352941177,0.6355140186915887,0.03392523364485981,0.031211336817116735,0.531
694208,L,0,45,3,4,90.92,"Ballesteros, Moisés",L,62,0.06666666666666667,0.08888888888888889,0.7258064516129032,0.028983870967741934,0.02849913731703678,0.429
694212,L,2,56,3,8,93.45652173913044,"Basallo, Samuel",L,99,0.05357142857142857,0.14285714285714285,0.5656565656565656,0.018878787878787877,0.023666787465108585,0.483
694224,L,0,3,0,0,,"Gonzalez, Gabriel",R,6,0.0,0.0,0.5,0.0,0.02679579721810278,0.048
694249,L,3,109,7,25,93.23666666666666,"Carrigg, Cole",R,156,0.06422018348623854,0.22935779816513763,0.6987179487179487,0.028685897435897435,0.02849052097783015,0.645
694362,L,0,25,0,2,91.49166666666667,"Dunn, Blake",R,42,0.0,0.08,0.5952380952380952,0.0008571428571428571,0.020112515249047606,0.294
694371,L,1,21,2,0,88.83636363636364,"Troy, Tommy",R,31,0.09523809523809523,0.0,0.6774193548387096,0.03709677419354838,0.030458857812407297,0.259
694374,L,1,57,6,7,95.03125,"Tawa, Tim",R,91,0.10526315789473684,0.12280701754385964,0.6263736263736264,0.03929670329670329,0.033573053954295405,0.487
694376,L,1,32,4,6,91.61052631578947,"Whitcomb, Shay",R,47,0.125,0.1875,0.6808510638297872,0.051234042553191486,0.03616983246133264,0.348
694377,L,1,40,2,4,90.21764705882353,"Yorke, Nick",R,61,0.05,0.1,0.6557377049180327,0.020032786885245898,0.024894467001503114,0.4
694378,L,0,21,1,3,91.12727272727273,"Gonzalez, Jacob",L,33,0.047619047619047616,0.14285714285714285,0.6363636363636364,0.01906060606060606,0.025782814222385216,0.259
694384,L,2,89,2,16,87.48918918918919,"Schanuel, Nolan",L,119,0.02247191011235955,0.1797752808988764,0.7478991596638656,0.012084033613445379,0.01854774641836989,0.597
694388,L,0,11,1,2,98.26,"Loperfido, Joey",L,14,0.09090909090909091,0.18181818181818182,0.7857142857142857,0.04364285714285714,0.030538121877632444,0.155
694410,L,1,14,3,0,95.39999999999999,"Groover, LuJames",R,21,0.21428571428571427,0.0,0.6666666666666666,0.08214285714285713,0.038353178712709116,0.189
694497,L,0,45,0,3,81.33333333333333,"Carter, Evan",L,77,0.0,0.06666666666666667,0.5844155844155844,0.0007012987012987012,0.01637803491713254,0.429
694514,L,0,9,0,1,89.76,"Thompson, Sterlin",L,15,0.0,0.1111111111111111,0.6,0.0011999999999999997,0.024622249633919926,0.13
694671,L,4,96,8,18,91.348,"Langford, Wyatt",R,156,0.08333333333333333,0.1875,0.6153846153846154,0.03156410256410257,0.030245442762143086,0.615
694673,L,0,5,0,0,76.9,"Ortiz, Abimelec",L,10,0.0,0.0,0.5,0.0,0.025971311149853463,0.077
694728,L,4,53,5,3,89.97727272727273,"Matthews, Brice",R,86,0.09433962264150944,0.05660377358490566,0.6162790697674418,0.03405813953488372,0.03091342141671958,0.469
694876,L,0,2,0,0,86.9,"Ingle, Cooper",L,4,0.0,0.0,0.5,0.0,0.027227987495814114,0.032
695020,L,1,15,2,2,98.12,"Murray, Tanner",R,24,0.13333333333333333,0.13333333333333333,0.625,0.049416666666666664,0.03239180299653967,0.2
695238,L,0,1,0,0,,"Wagner, Will",L,1,0.0,0.0,1.0,0.0,0.027674347946565165,0.016
695257,L,0,18,0,2,91.82857142857142,"Cook, Billy",R,32,0.0,0.1111111111111111,0.5625,0.0011249999999999997,0.021902374676159936,0.231
695336,L,3,27,5,6,94.56842105263158,"Saggese, Thomas",R,56,0.18518518518518517,0.2222222222222222,0.48214285714285715,0.05326785714285714,0.0359352570988232,0.31
695391,L,0,19,1,1,97.28333333333335,"Harris, Brett",R,29,0.05263157894736842,0.05263157894736842,0.6551724137931034,0.020448275862068963,0.02628674007746564,0.241
695490,L,0,31,1,7,91.93125,"Arroyo, Edwin",R,43,0.03225806451612903,0.22580645161290322,0.7209302325581395,0.016302325581395348,0.02410447601938166,0.341
695491,L,5,25,5,1,98.67692307692307,"Báez, Joshua",R,43,0.2,0.04,0.5813953488372093,0.06727906976744186,0.039648376105017896,0.294
695506,L,7,113,8,20,94.24107142857143,"Caglianone, Jac",L,170,0.07079646017699115,0.17699115044247787,0.6647058823529411,0.02917647058823529,0.028815470527231577,0.653
695508,L,1,23,0,2,91.51111111111112,"Cauley, Cam",R,37,0.0,0.08695652173913043,0.6216216216216216,0.0009729729729729728,0.020608597627937993,0.277
695578,L,9,123,18,6,102.38478260869564,"Wood, James",L,217,0.14634146341463414,0.04878048780487805,0.5668202764976958,0.04819354838709677,0.04161716763034632,0.672
695600,L,4,100,9,13,95.06666666666668,"Jensen, Carter",L,170,0.09,0.13,0.5882352941176471,0.03181764705882353,0.030436874566392675,0.625
695657,L,10,118,13,25,92.12166666666667,"Montgomery, Colson",L,197,0.11016949152542373,0.211864406779661,0.5989847715736041,0.040228426395939085,0.036152188423939816,0.663
695670,L,1,33,4,3,94.1421052631579,"Ford, Harry",R,59,0.12121212121212122,0.09090909090909091,0.559322033898305,0.039898305084745754,0.03230945475846328,0.355
695681,L,0,32,3,2,94.81666666666666,"Moore, Christian",R,52,0.09375,0.0625,0.6153846153846154,0.03386538461538462,0.030128560135138944,0.348
695720,L,0,52,2,2,91.83809523809525,"White, Tommy",R,69,0.038461538461538464,0.038461538461538464,0.7536231884057971,0.01718840579710145,0.023052967198122772,0.464
695731,L,1,63,2,4,95.88846153846154,"Montgomery, Braden",R,103,0.031746031746031744,0.06349206349206349,0.6116504854368932,0.01186407766990291,0.019801399332880963,0.512
695734,L,1,127,6,21,91.25588235294117,"Lile, Daylen",L,183,0.047244094488188976,0.16535433070866143,0.6939890710382514,0.02091803278688524,0.02323382560788717,0.679
696030,L,0,36,0,1,85.86923076923077,"Osuna, Alejandro",L,49,0.0,0.027777777777777776,0.7346938775510204,0.00036734693877551013,0.017722497026420765,0.375
696100,L,12,102,14,17,94.80526315789473,"Goodman, Hunter",R,189,0.13725490196078433,0.16666666666666666,0.5396825396825397,0.04421164021164021,0.038257546458813435,0.63
696135,L,0,12,2,1,92.75,"Watson, Kahlil",L,17,0.16666666666666666,0.08333333333333333,0.7058823529411765,0.06870588235294117,0.0348973029579968,0.167
696285,L,3,125,7,18,89.07260273972604,"Young, Jacob",R,169,0.056,0.144,0.7396449704142012,0.025733727810650885,0.026512709194982893,0.676
699013,L,9,52,12,9,100.0848484848485,"Valdez, Esmerlyn",R,111,0.23076923076923078,0.17307692307692307,0.46846846846846846,0.06362162162162162,0.04461124597379285,0.464
699024,L,0,18,0,4,99.66666666666667,"Bernal, Leo",R,30,0.0,0.2222222222222222,0.6,0.0023999999999999994,0.022196605445390705,0.231
699115,L,0,3,0,1,80.85,"Jorge, Carlos",L,5,0.0,0.3333333333333333,0.6,0.0035999999999999995,0.02696722578953135,0.048
699302,L,1,26,1,4,90.80833333333334,"Rodríguez, Héctor",L,41,0.038461538461538464,0.15384615384615385,0.6341463414634146,0.01578048780487805,0.024400324507759353,0.302
699393,L,2,38,2,3,93.5,"Ramírez, Pedro",R,47,0.05263157894736842,0.07894736842105263,0.8085106382978723,0.02561702127659574,0.027159000339297072,0.388
699625,L,1,11,2,2,92.21428571428571,"Crooks, Jimmy",L,21,0.18181818181818182,0.18181818181818182,0.5238095238095238,0.05647619047619048,0.03252638478843056,0.155
699912,L,0,48,3,6,95.8,"Fernandez, Jose",R,70,0.0625,0.125,0.6857142857142857,0.026185714285714284,0.02726897694865519,0.444
700246,L,0,9,0,2,85.86,"Williams, Carson",R,17,0.0,0.2222222222222222,0.5294117647058824,0.0021176470588235292,0.02474194272854908,0.13
700250,L,11,139,14,23,94.31014492753623,"Rice, Ben",L,221,0.10071942446043165,0.16546762589928057,0.6289592760180995,0.038298642533936646,0.035234404708329996,0.698
700337,L,3,65,3,15,88.95882352941176,"Quero, Edgar",R,91,0.046153846153846156,0.23076923076923078,0.7142857142857143,0.021923076923076924,0.0249050817979238,0.52
700652,L,1,1,1,0,102.5,"Piper, Kenny",R,4,1.0,0.0,0.25,0.14375,0.030030905323614344,0.016
700932,L,1,41,3,10,89.16666666666667,"Manzardo, Kyle",L,73,0.07317073170731707,0.24390243902439024,0.5616438356164384,0.026095890410958902,0.027307591401879112,0.406
701162,L,1,52,2,6,91.8423076923077,"Malgeri, Ben",R,85,0.038461538461538464,0.11538461538461539,0.611764705882353,0.014800000000000002,0.021944064506611384,0.464
701305,L,1,16,2,3,86.87777777777778,"Dezenzo, Zach",R,30,0.125,0.1875,0.5333333333333333,0.04013333333333333,0.030661428395708006,0.211
701350,L,1,58,4,5,92.55,"Anthony, Roman",L,83,0.06896551724137931,0.08620689655172414,0.6987951807228916,0.028795180722891563,0.02845979412430666,0.492
701358,L,7,97,10,12,92.35686274509804,"Smith, Cam",R,147,0.10309278350515463,0.12371134020618557,0.6598639455782312,0.040585034013605435,0.03582728359274014,0.618
701398,L,8,113,16,13,98.27704918032786,"Stewart, Sal",R,184,0.1415929203539823,0.11504424778761062,0.6141304347826086,0.05127173913043478,0.043247640153061304,0.653
701538,L,6,128,12,18,94.42535211267605,"Merrill, Jackson",L,183,0.09375,0.140625,0.6994535519125683,0.03947540983606557,0.03585631746679185,0.681
701649,L,0,2,0,0,,"Triantos, James",R,3,0.0,0.0,0.6666666666666666,0.0,0.027227987495814114,0.032
701675,L,2,82,5,5,87.52857142857144,"Church, Nathan",L,107,0.06097560975609756,0.06097560975609756,0.7663551401869159,0.02771028037383177,0.027889987432356902,0.577
701678,L,4,103,11,17,95.48666666666666,"Lee, Hao-Yu",R,146,0.10679611650485436,0.1650485436893204,0.7054794520547946,0.04541780821917808,0.03905625442525042,0.632
701762,L,6,76,8,14,96.6547619047619,"Kurtz, Nick",L,158,0.10526315789473684,0.18421052631578946,0.4810126582278481,0.03070886075949367,0.029573592959279367,0.559
701785,L,1,34,1,8,90.85,"Culpepper, Kaelen",R,49,0.029411764705882353,0.23529411764705882,0.6938775510204082,0.014673469387755102,0.02326631046727818,0.362
701807,L,6,122,11,15,90.6,"Benge, Carson",L,190,0.09016393442622951,0.12295081967213115,0.6421052631578947,0.034710526315789476,0.03254296393003731,0.67
701852,L,0,8,0,1,91.45,"Cavanaugh, Drew",L,19,0.0,0.125,0.42105263157894735,0.0009473684210526314,0.024936973119248473,0.118
702176,L,1,15,1,2,88.7,"Roden, Alan",L,19,0.06666666666666667,0.13333333333333333,0.7894736842105263,0.0321578947368421,0.028940048610574757,0.2
702222,L,1,46,2,2,86.31333333333333,"Crawford, Justin",L,66,0.043478260869565216,0.043478260869565216,0.696969696969697,0.01796969696969697,0.02372397439006166,0.434
702284,L,3,155,6,24,91.03,"Young, Cole",L,218,0.03870967741935484,0.15483870967741936,0.7110091743119266,0.017807339449541285,0.020689641113578485,0.721
702332,L,4,126,6,18,89.77368421052633,"Durbin, Caleb",R,165,0.047619047619047616,0.14285714285714285,0.7636363636363637,0.02287272727272727,0.024570423984430705,0.677
702616,L,1,56,3,6,89.73030303030303,"Holliday, Jackson",L,91,0.05357142857142857,0.10714285714285714,0.6153846153846154,0.02014285714285714,0.02427702779948685,0.483
703155,L,0,10,0,1,96.775,"Montes, Lazaro",L,15,0.0,0.1,0.6666666666666666,0.0012,0.024287646067721075,0.143
703197,L,0,15,0,0,89.63333333333333,"Arroyo, Michael",R,22,0.0,0.0,0.6818181818181818,0.0,0.022508469663206337,0.2
703492,L,0,8,0,0,88.16666666666667,"Morabito, Nick",R,17,0.0,0.0,0.47058823529411764,0.0,0.02482551801088934,0.118
703520,L,0,46,0,3,85.62105263157895,"Bateman, Brett",L,63,0.0,0.06521739130434782,0.7301587301587301,0.000857142857142857,0.01629777166197214,0.434
703601,L,1,50,1,9,88.8391304347826,"Clark, Max",L,67,0.02,0.18,0.746268656716418,0.011000000000000001,0.020346683861277047,0.455
703607,L,7,81,12,6,94.94117647058823,"Bolte, Henry",R,148,0.14814814814814814,0.07407407407407407,0.5472972972972973,0.047351351351351344,0.03917443038439669,0.574
800050,L,3,128,7,13,92.73859649122808,"DeLauter, Chase",L,179,0.0546875,0.1015625,0.7150837988826816,0.023793296089385473,0.02517913363926498,0.681
800325,L,0,56,0,3,89.46470588235294,"Lara, Luis",R,72,0.0,0.05357142857142857,0.7777777777777778,0.0007499999999999999,0.014914958833969611,0.483
800543,L,0,10,0,3,89.26,"De Paula, Josue",L,13,0.0,0.3,0.7692307692307693,0.004153846153846154,0.024709624089699095,0.143
801126,L,0,11,0,3,90.94000000000001,"Rodden, Brock",R,18,0.0,0.2727272727272727,0.6111111111111112,0.0029999999999999996,0.024241341193527815,0.155
801501,L,0,1,0,0,,"Furman, Nate",L,1,0.0,0.0,1.0,0.0,0.027674347946565165,0.016
802139,L,6,160,17,16,94.17303370786516,"Wetherholt, JJ",L,220,0.10625,0.1,0.7272727272727273,0.04574090909090909,0.04093945763311786,0.727
802415,L,0,186,0,13,82.69285714285715,"Simpson, Chandler",L,213,0.0,0.06989247311827956,0.8732394366197183,0.0010985915492957743,0.007692980702884102,0.756
803011,L,0,74,1,4,85.64,"Antonacci, Sam",L,115,0.013513513513513514,0.05405405405405406,0.6434782608695652,0.005626086956521738,0.01570496760838122,0.552
804606,L,1,63,3,16,91.59722222222223,"Griffin, Konnor",R,91,0.047619047619047616,0.25396825396825395,0.6923076923076923,0.022120879120879115,0.025054883002893165,0.512
804668,L,6,48,7,8,95.35600000000001,"Flores Jr., Rafael",R,78,0.14583333333333334,0.16666666666666666,0.6153846153846154,0.05344871794871795,0.039385867465545704,0.444
805249,L,0,12,0,1,84.05714285714285,"Kemp, Otto",R,22,0.0,0.08333333333333333,0.5454545454545454,0.000818181818181818,0.02358268620220357,0.167
805300,L,1,79,1,14,91.434375,"Marsee, Jakob",L,148,0.012658227848101266,0.17721518987341772,0.5337837837837838,0.005587837837837837,0.015320679236904059,0.568
805346,L,0,6,2,0,93.13333333333333,"Ross, Ben",R,7,0.3333333333333333,0.0,0.8571428571428571,0.16428571428571426,0.04051287137052668,0.091
805347,L,0,15,1,3,93.37142857142858,"Jarvis, Jim",L,23,0.06666666666666667,0.2,0.6521739130434783,0.02734782608695652,0.027978034880597642,0.2
805367,L,7,127,7,27,92.63538461538462,"Meidroth, Chase",R,184,0.05511811023622047,0.2125984251968504,0.6902173913043478,0.024516304347826087,0.02567757153430154,0.679
805672,L,0,1,0,0,74.7,"Price, Collin",R,3,0.0,0.0,0.3333333333333333,0.0,0.027674347946565165,0.016
805779,L,2,97,1,8,89.41458333333333,"Wilson, Jacob",R,116,0.010309278350515464,0.08247422680412371,0.8362068965517241,0.006198275862068965,0.014581961677459648,0.618
805805,L,0,16,0,1,82.875,"Jenkins, Walker",L,25,0.0,0.0625,0.64,0.0007199999999999999,0.022363884536058885,0.211
805808,L,3,144,6,30,91.49240506329113,"McGonigle, Kevin",L,208,0.041666666666666664,0.20833333333333334,0.6923076923076923,0.019182692307692307,0.0218158966521969,0.706
805811,L,6,86,9,14,97.8695652173913,"Eldridge, Bryce",L,143,0.10465116279069768,0.16279069767441862,0.6013986013986014,0.03795104895104895,0.033917297496785515,0.589
805904,L,0,2,0,1,113.9,"Cole, Zach",L,6,0.0,0.5,0.3333333333333333,0.0029999999999999996,0.0273247616893625,0.032
805999,L,2,86,8,9,92.0170731707317,"Ewing, A.J.",L,140,0.09302325581395349,0.10465116279069768,0.6142857142857143,0.03401428571428571,0.031598382165541415,0.589
806068,L,3,46,3,6,87.07619047619048,"Emerson, Colt",L,81,0.06521739130434782,0.13043478260869565,0.5679012345679012,0.022629629629629628,0.025746209317956965,0.434
806146,L,2,19,3,1,95.71111111111111,"Lombard Jr., George",R,30,0.15789473684210525,0.05263157894736842,0.6333333333333333,0.05809999999999999,0.03534221803468956,0.241
806198,L,1,47,1,7,89.77272727272727,"Pratt, Cooper",R,70,0.02127659574468085,0.14893617021276595,0.6714285714285714,0.010014285714285712,0.02017576311506452,0.439
806367,L,0,31,0,3,87.83333333333333,"Hill, Turner",L,43,0.0,0.0967741935483871,0.7209302325581395,0.001255813953488372,0.018978741288995765,0.341
806956,L,0,5,0,0,95.43333333333334,"Salas, Ethan",L,7,0.0,0.0,0.7142857142857143,0.0,0.025971311149853463,0.077
807712,L,2,149,6,18,91.52911392405063,"Keaschall, Luke",R,203,0.040268456375838924,0.12080536912751678,0.7339901477832512,0.018591133004926107,0.021331167667341937,0.713
807713,L,2,70,2,11,90.9375,"Shaw, Matt",R,98,0.02857142857142857,0.15714285714285714,0.7142857142857143,0.013755102040816324,0.020392248981520138,0.538
807726,L,0,16,0,3,91.0875,"Peck, John",R,26,0.0,0.1875,0.6153846153846154,0.002076923076923077,0.022649552552253215,0.211
807727,L,1,38,1,4,89.07000000000001,"McAdoo, Charles",R,60,0.02631578947368421,0.10526315789473684,0.6333333333333333,0.01078333333333333,0.02140716215721573,0.388
807747,L,0,3,0,0,,"Nishida, Rikuu",L,4,0.0,0.0,0.75,0.0,0.02679579721810278,0.048
807799,L,0,23,1,5,94.28333333333335,"Yoshida, Masataka",L,30,0.043478260869565216,0.21739130434782608,0.7666666666666667,0.022166666666666668,0.026481548892455523,0.277
808959,L,7,75,14,11,98.66046511627906,"Murakami, Munetaka",L,169,0.18666666666666668,0.14666666666666667,0.4437869822485207,0.048804733727810655,0.03961844632834277,0.556
808975,L,0,9,0,1,85.75,"Kim, Hyeseong",L,15,0.0,0.1111111111111111,0.6,0.0011999999999999997,0.024622249633919926,0.13
808982,L,2,148,2,25,87.52112676056338,"Lee, Jung Hoo",L,178,0.013513513513513514,0.16891891891891891,0.8314606741573034,0.00898876404494382,0.014511886074000769,0.712
810938,L,1,98,3,12,91.8232558139535,"Williamson, Ben",R,134,0.030612244897959183,0.12244897959183673,0.7313432835820896,0.014485074626865671,0.019668813532742475,0.62
811965,L,1,28,1,2,91.1846153846154,"Kuroda-Grauer, Joshua",R,32,0.03571428571428571,0.07142857142857142,0.875,0.019093749999999996,0.025258638917505398,0.318
813841,L,3,48,4,3,92.74799999999999,"Cox, Jonah",R,91,0.08333333333333333,0.0625,0.5274725274725275,0.025868131868131868,0.027127829207507448,0.444
814154,L,0,6,0,1,89.86666666666667,"Bandura, Scott",L,12,0.0,0.16666666666666666,0.5,0.0014999999999999998,0.02571417007182538,0.091
814430,L,0,0,0,0,,"Callahan, Brett",L,1,0.0,0.0,0.0,0.0,0.02813558707900792,0.0
814439,L,0,55,2,9,87.03939393939395,"Waldschmidt, Ryan",R,86,0.03636363636363636,0.16363636363636364,0.6395348837209303,0.01525581395348837,0.02197569558419422,0.478
815589,L,0,8,0,0,90.86666666666667,"Davidson, Bo",L,12,0.0,0.0,0.6666666666666666,0.0,0.02482551801088934,0.118
815873,L,0,1,0,0,98.6,"Keys, Sean",L,3,0.0,0.0,0.3333333333333333,0.0,0.027674347946565165,0.016
823550,L,0,9,0,1,96.89999999999999,"Song, Sung-Mun",L,13,0.0,0.1111111111111111,0.6923076923076923,0.0013846153846153843,0.024646329901478456,0.13
828599,L,0,12,2,3,95.2,"Spence, Lucas",L,19,0.16666666666666666,0.25,0.631578947368421,0.06336842105263157,0.03400772607461186,0.167
