pitcher,stand,hr,bbe,barrels,pull_air,air_ev,name,bats,pa,barrel_rate,pull_air_rate,bbe_per_pa,xhr_pa_raw,talent_hr_pa,regression_w
434378,R,0,9,0,5,97.4,"Lawlar, Jordan",R,10,0.0,0.5555555555555556,0.9,0.009000000000000001,0.02925679092017091,0.048
445276,R,3,52,6,9,92.60625,"Castellanos, Nick",R,80,0.11538461538461539,0.17307692307692307,0.65,0.04515,0.033604885706518546,0.224
453286,R,6,90,9,15,93.85333333333332,"Tovar, Ezequiel",R,133,0.1,0.16666666666666666,0.6766917293233082,0.040939849624060144,0.03382637018547302,0.333
455119,R,3,37,5,6,96.068,"Realmuto, J.T.",R,43,0.13513513513513514,0.16216216216216217,0.8604651162790697,0.06937209302325581,0.036936870625680955,0.171
471911,R,2,22,4,3,93.36363636363636,"Young, Jacob",R,28,0.18181818181818182,0.13636363636363635,0.7857142857142857,0.08407142857142857,0.036129232240018475,0.109
472610,R,0,26,1,8,92.66470588235293,"Davis, Henry",R,31,0.038461538461538464,0.3076923076923077,0.8387096774193549,0.023193548387096776,0.02937653272804281,0.126
476594,R,0,33,3,7,92.31176470588235,"Ruiz, Esteury",R,52,0.09090909090909091,0.21212121212121213,0.6346153846153846,0.03559615384615384,0.031094866482795205,0.155
489446,R,1,56,3,6,94.80740740740741,"Okamoto, Kazuma",R,93,0.05357142857142857,0.10714285714285714,0.6021505376344086,0.019709677419354834,0.027763878895746497,0.237
500743,R,1,10,1,1,97.35,"Schneider, Davis",R,11,0.1,0.1,0.9090909090909091,0.053909090909090907,0.03151381259475375,0.053
500779,R,7,132,11,28,90.28783783783784,"Slater, Austin",R,160,0.08333333333333333,0.21212121212121213,0.825,0.04268125,0.035520700268949684,0.423
518585,R,4,61,7,11,93.5969696969697,"Chapman, Matt",R,112,0.11475409836065574,0.18032786885245902,0.5446428571428571,0.037705357142857145,0.032151702363595804,0.253
518876,R,9,204,20,37,93.49708737864079,"Alonso, Pete",R,281,0.09803921568627451,0.18137254901960784,0.7259786476868327,0.04329537366548042,0.03718955654080809,0.531
518886,R,1,62,3,8,92.35882352941177,"Muncy, Max",R,95,0.04838709677419355,0.12903225806451613,0.6526315789473685,0.019673684210526315,0.027554966549441874,0.256
519141,R,4,57,6,8,93.3741935483871,"Correa, Carlos",R,76,0.10526315789473684,0.14035087719298245,0.75,0.04728947368421052,0.03436301048064263,0.241
519242,R,9,302,19,50,91.67818181818181,"Perez, Salvador",R,488,0.06291390728476821,0.16556291390728478,0.6188524590163934,0.024231557377049174,0.026486439443529363,0.627
527048,R,8,306,11,58,91.99513888888889,"Clarke, Denzel",R,427,0.03594771241830065,0.1895424836601307,0.7166276346604216,0.0172576112412178,0.022076877620833227,0.63
529017,R,0,2,0,0,92.3,"Franklin, Christian",R,5,0.0,0.0,0.4,0.0,0.029936997164353312,0.011
542888,R,2,47,2,6,90.52222222222223,"Arozarena, Randy",R,74,0.0425531914893617,0.1276595744680851,0.6351351351351351,0.016999999999999998,0.027522173937939657,0.207
543037,R,7,153,16,18,94.33855421686748,"Díaz, Yandy",R,208,0.10457516339869281,0.11764705882352941,0.7355769230769231,0.045788461538461535,0.03739990420209284,0.459
543056,R,1,36,1,7,89.88947368421053,"De La Cruz, Elly",R,49,0.027777777777777776,0.19444444444444445,0.7346938775510204,0.01430612244897959,0.027609045796646147,0.167
543135,R,12,175,13,22,93.31948051948052,"Bohm, Alec",R,274,0.07428571428571429,0.12571428571428572,0.6386861313868614,0.028726277372262774,0.029508822602981093,0.493
543238,R,1,26,1,9,91.28571428571429,"Straw, Myles",R,32,0.038461538461538464,0.34615384615384615,0.8125,0.02303125,0.029356048465593705,0.126
543243,R,6,177,11,30,92.06708860759494,"McLain, Matt",R,240,0.062146892655367235,0.1694915254237288,0.7375,0.02860416666666667,0.02944389631347984,0.496
543309,R,1,12,2,5,95.83000000000001,"Kreidler, Ryan",R,14,0.16666666666666666,0.4166666666666667,0.8571428571428571,0.08857142857142856,0.03391349284775753,0.062
543510,R,1,8,1,1,97.825,"Albies, Ozzie",R,8,0.125,0.125,1.0,0.074125,0.03213581640378885,0.043
544150,R,3,103,8,15,95.29807692307692,"Jung, Josh",R,139,0.07766990291262135,0.14563106796116504,0.7410071942446043,0.03503597122302157,0.032004376395348144,0.364
545121,R,0,6,0,1,91.275,"Keaschall, Luke",R,9,0.0,0.16666666666666666,0.6666666666666666,0.0019999999999999996,0.029357706902754317,0.032
547179,R,7,213,14,29,93.932,"Ramírez, Agustín",R,277,0.06572769953051644,0.13615023474178403,0.7689530685920578,0.030945848375451265,0.030636130249067233,0.542
547184,R,1,13,1,2,91.07142857142857,"Clement, Ernie",R,21,0.07692307692307693,0.15384615384615385,0.6190476190476191,0.029095238095238098,0.030190526316841437,0.067
547973,R,3,84,6,14,92.77000000000001,"Myers, Dane",R,149,0.07142857142857142,0.16666666666666666,0.5637583892617449,0.02484563758389261,0.028543814549088192,0.318
548384,R,4,81,8,13,92.60666666666667,"Yorke, Nick",R,130,0.09876543209876543,0.16049382716049382,0.6230769230769231,0.03718461538461538,0.032415660268452676,0.31
552640,R,2,79,3,12,89.659375,"Rafaela, Ceddanne",R,103,0.0379746835443038,0.1518987341772152,0.7669902912621359,0.018844660194174755,0.026784793973946362,0.305
554430,R,8,166,9,24,87.97671232876712,"Acuña Jr., Ronald",R,266,0.05421686746987952,0.14457831325301204,0.6240601503759399,0.02107894736842105,0.025860227592688433,0.48
571510,R,14,287,25,47,92.78896551724138,"Ruiz, Keibert",R,386,0.08710801393728224,0.16376306620209058,0.7435233160621761,0.03943264248704663,0.03590086055180875,0.615
571578,R,11,199,18,35,93.0490566037736,"Keaschall, Luke",R,262,0.09045226130653267,0.17587939698492464,0.7595419847328244,0.04190839694656489,0.03638075059704146,0.525
571771,R,0,2,0,0,88.65,"Saggese, Thomas",R,2,0.0,0.0,1.0,0.0,0.029936997164353312,0.011
571882,R,0,12,1,2,97.35,"Koss, Christian",R,16,0.08333333333333333,0.16666666666666666,0.75,0.0381875,0.03076449731204324,0.062
571912,R,0,1,0,0,79.2,"Adell, Jo",R,1,0.0,0.0,1.0,0.0,0.030102394938742002,0.006
571927,R,12,160,23,20,93.4843137254902,"Herrera, Iván",R,223,0.14375,0.125,0.7174887892376681,0.06091928251121075,0.04469299613442948,0.471
571945,R,14,175,18,25,94.39767441860465,"Swanson, Dansby",R,214,0.10285714285714286,0.14285714285714285,0.8177570093457944,0.05046728971962616,0.04022622305590671,0.493
571948,R,4,71,5,5,92.29375,"Ruiz, Keibert",R,92,0.07042253521126761,0.07042253521126761,0.7717391304347826,0.03222826086956521,0.030823665361161087,0.283
572143,R,1,20,0,1,97.76666666666667,"Ortiz, Joey",R,36,0.0,0.05,0.5555555555555556,0.0005,0.027292667419561514,0.1
572955,R,3,82,9,4,91.11632653061224,"Rafaela, Ceddanne",R,110,0.10975609756097561,0.04878048780487805,0.7454545454545455,0.0477,0.03572493696149734,0.313
573009,R,2,44,6,7,98.38947368421053,"Hernández, Teoscar",R,57,0.13636363636363635,0.1590909090909091,0.7719298245614035,0.06273684210526315,0.03664711846671376,0.196
573124,R,4,89,9,22,92.10333333333332,"Rutschman, Adley",R,135,0.10112359550561797,0.24719101123595505,0.6592592592592592,0.04126666666666665,0.03390805508269752,0.331
573204,R,6,68,9,19,93.68717948717949,"Young, Jacob",R,119,0.1323529411764706,0.27941176470588236,0.5714285714285714,0.04636134453781512,0.03468187464711182,0.274
579328,R,6,151,12,23,94.93243243243244,"Altuve, Jose",R,223,0.07947019867549669,0.152317880794702,0.6771300448430493,0.032798206278026903,0.0314231499453002,0.456
592094,R,4,53,4,7,95.45714285714286,"Tovar, Ezequiel",R,75,0.07547169811320754,0.1320754716981132,0.7066666666666667,0.03234666666666666,0.030742089344401872,0.227
592155,R,3,58,5,8,94.47428571428571,"Jones, Jahmai",R,82,0.08620689655172414,0.13793103448275862,0.7073170731707317,0.036817073170731705,0.03186522574712076,0.244
592288,R,0,13,1,2,93.51666666666667,"Fermín, José",R,20,0.07692307692307693,0.15384615384615385,0.65,0.03055,0.030288515460685506,0.067
592332,R,15,222,20,36,93.35847457627118,"Clarke, Denzel",R,327,0.09009009009009009,0.16216216216216217,0.6788990825688074,0.03714984709480122,0.034069153081985507,0.552
592454,R,1,14,2,1,102.55714285714285,"Alonso, Pete",R,19,0.14285714285714285,0.07142857142857142,0.7368421052631579,0.0614736842105263,0.03252146939618387,0.072
592662,R,20,343,33,42,92.42292682926829,"Judge, Aaron",R,510,0.09620991253644315,0.12244897959183673,0.6725490196078432,0.03868823529411764,0.03579081871853662,0.656
592773,R,5,88,9,10,96.11463414634146,"Caminero, Junior",R,142,0.10227272727272728,0.11363636363636363,0.6197183098591549,0.0377112676056338,0.03271315310898536,0.328
592779,R,2,42,2,2,87.21538461538461,"Walker, Christian",R,59,0.047619047619047616,0.047619047619047616,0.711864406779661,0.020101694915254237,0.02834596698357198,0.189
592791,R,13,127,18,19,96.41111111111111,"Neto, Zach",R,177,0.14173228346456693,0.14960629921259844,0.7175141242937854,0.06040677966101695,0.04273678990508617,0.414
592826,R,0,4,0,1,74.80000000000001,"Pages, Andy",R,4,0.0,0.25,1.0,0.0045,0.029709421108219034,0.022
592836,R,2,26,3,1,89.96153846153847,"Wiemer, Joey",R,40,0.11538461538461539,0.038461538461538464,0.65,0.043574999999999996,0.0319489489510306,0.126
592866,R,2,36,2,6,93.18125,"Clement, Ernie",R,64,0.05555555555555555,0.16666666666666666,0.5625,0.01965625,0.028500733721816215,0.167
593958,R,13,404,29,55,90.79773755656109,"Rojas, Miguel",R,553,0.07178217821782178,0.13613861386138615,0.7305605786618445,0.03194394213381555,0.03142788716776333,0.692
593974,R,4,138,7,21,90.72253521126761,"Vierling, Matt",R,170,0.050724637681159424,0.15217391304347827,0.8117647058823529,0.025900000000000003,0.028373375735573282,0.434
594027,R,1,67,3,4,86.86923076923077,"Keaschall, Luke",R,88,0.04477611940298507,0.05970149253731343,0.7613636363636364,0.02042045454545454,0.02759799165367513,0.271
594580,R,3,75,5,13,92.01463414634146,"Story, Trevor",R,122,0.06666666666666667,0.17333333333333334,0.6147540983606558,0.025483606557377046,0.02886197637535522,0.294
594798,R,7,171,13,26,92.20625,"Ward, Taylor",R,267,0.07602339181286549,0.15204678362573099,0.6404494382022472,0.029749063670411982,0.03001602100157479,0.487
594835,R,0,13,0,3,85.95714285714287,"Meidroth, Chase",R,16,0.0,0.23076923076923078,0.8125,0.003375,0.02845807504617773,0.067
595014,R,2,54,5,5,90.16250000000001,"Lawlar, Jordan",R,84,0.09259259259259259,0.09259259259259259,0.6428571428571429,0.03529761904761904,0.031429935523434746,0.231
595345,R,5,85,6,13,92.71249999999999,"Peraza, Oswald",R,136,0.07058823529411765,0.15294117647058825,0.625,0.027088235294117642,0.029249182958159634,0.321
595978,R,0,10,0,2,91.78,"Farmer, Kyle",R,11,0.0,0.2,0.9090909090909091,0.0032727272727272726,0.02884874082441882,0.053
596001,R,3,81,4,12,92.95,"Turner, Trea",R,115,0.04938271604938271,0.14814814814814814,0.7043478260869566,0.021878260869565215,0.027665412315506073,0.31
596117,R,0,9,1,3,92.17142857142858,"Gelof, Zack",R,11,0.1111111111111111,0.3333333333333333,0.8181818181818182,0.05718181818181819,0.0315511632145432,0.048
596133,R,1,73,5,8,94.30277777777778,"Davis, Henry",R,112,0.0684931506849315,0.1095890410958904,0.6517857142857143,0.026955357142857142,0.02931333816340266,0.289
596142,R,0,7,0,2,89.1,"Bogaerts, Xander",R,8,0.0,0.2857142857142857,0.875,0.0045,0.029304991892579155,0.037
601713,R,2,39,3,6,93.19090909090909,"Báez, Javier",R,61,0.07692307692307693,0.15384615384615385,0.639344262295082,0.030049180327868855,0.03023037222237072,0.178
605130,R,4,53,5,11,91.95185185185184,"Clement, Ernie",R,83,0.09433962264150944,0.20754716981132076,0.6385542168674698,0.03702409638554217,0.03180605404440359,0.227
605135,R,2,140,3,18,91.1015873015873,"Jung, Josh",R,192,0.02142857142857143,0.12857142857142856,0.7291666666666666,0.010671874999999997,0.021695612449725944,0.438
605154,R,0,4,0,2,90.43333333333334,"Cook, Billy",R,5,0.0,0.5,0.8,0.0072,0.029768116760392947,0.022
605156,R,0,0,0,0,,"Okamoto, Kazuma",R,2,0.0,0.0,0.0,0.0,0.03026963046617946,0.0
605218,R,1,7,1,1,92.775,"Doyle, Brenton",R,13,0.14285714285714285,0.14285714285714285,0.5384615384615384,0.045615384615384606,0.03084407046106949,0.037
605242,R,0,20,3,4,90.46153846153847,"Loftin, Nick",R,34,0.15,0.2,0.5882352941176471,0.05285294117647059,0.03252796153720857,0.1
605280,R,2,111,5,16,91.18181818181819,"Winn, Masyn",R,160,0.04504504504504504,0.14414414414414414,0.69375,0.019768749999999995,0.026264139979080076,0.381
605288,R,3,156,11,15,93.26119402985074,"Laureano, Ramón",R,186,0.07051282051282051,0.09615384615384616,0.8387096774193549,0.035456989247311825,0.032678047043133776,0.464
605335,R,0,8,1,0,93.575,"Loftin, Nick",R,13,0.125,0.0,0.6153846153846154,0.04423076923076923,0.0308637214774386,0.043
605400,R,15,200,20,29,93.23838383838384,"Burger, Jake",R,287,0.1,0.145,0.6968641114982579,0.04188850174216028,0.03638482587459042,0.526
605441,R,0,1,0,0,72.6,"Pages, Andy",R,2,0.0,0.0,0.5,0.0,0.030102394938742002,0.006
605447,R,1,43,2,7,91.71739130434783,"Peña, Jeremy",R,71,0.046511627906976744,0.16279069767441862,0.6056338028169014,0.01797183098591549,0.027898305902720487,0.193
605452,R,3,20,4,1,98.41428571428571,"Pages, Andy",R,27,0.2,0.05,0.7407407407407407,0.08585185185185185,0.0358278526047467,0.1
605483,R,0,76,2,12,85.10571428571428,"Mateo, Jorge",R,121,0.02631578947368421,0.15789473684210525,0.628099173553719,0.011289256198347107,0.02463483185541673,0.297
605488,R,25,316,31,64,92.9247311827957,"Okamoto, Kazuma",R,443,0.0981012658227848,0.20253164556962025,0.7133182844243793,0.04283747178329571,0.038276561627890615,0.637
605540,R,2,58,2,11,94.71111111111111,"Díaz, Yandy",R,83,0.034482758620689655,0.1896551724137931,0.6987951807228916,0.016240963855421685,0.026850879779524203,0.244
606115,R,0,2,0,0,,"Meidroth, Chase",R,2,0.0,0.0,1.0,0.0,0.029936997164353312,0.011
606303,R,2,10,2,2,92.8,"Witt Jr., Bobby",R,17,0.2,0.2,0.5882352941176471,0.06976470588235294,0.032348318645978064,0.053
606965,R,0,11,1,1,101.125,"Pagés, Pedro",R,14,0.09090909090909091,0.09090909090909091,0.7857142857142857,0.04235714285714286,0.030965769923250647,0.058
606996,R,1,90,8,9,94.56756756756756,"Torres, Gleyber",R,145,0.08888888888888889,0.1,0.6206896551724138,0.03284137931034483,0.03112688008090125,0.333
607067,R,14,183,23,22,93.6798076923077,"Soler, Jorge",R,241,0.12568306010928962,0.12021857923497267,0.7593360995850622,0.05651867219917011,0.04350261844727392,0.504
607074,R,4,150,9,28,93.02954545454546,"Contreras, William",R,249,0.06,0.18666666666666668,0.6024096385542169,0.022807228915662652,0.02687762976139909,0.455
607192,R,3,61,4,8,93.15862068965517,"Arenado, Nolan",R,111,0.06557377049180328,0.13114754098360656,0.5495495495495496,0.022018018018018018,0.028181048062287974,0.253
607200,R,16,208,18,35,92.94601769911505,"Ramírez, Agustín",R,279,0.08653846153846154,0.16826923076923078,0.7455197132616488,0.03935483870967742,0.035140051380219604,0.536
607259,R,9,248,16,41,90.35511811023622,"Contreras, William",R,303,0.06451612903225806,0.16532258064516128,0.8184818481848185,0.0327986798679868,0.031735060960684645,0.579
607455,R,2,56,5,8,94.58529411764707,"Rutschman, Adley",R,89,0.08928571428571429,0.14285714285714285,0.6292134831460674,0.03392134831460674,0.031136139786145253,0.237
607481,R,4,32,6,2,97.67142857142858,"Thomas, Lane",R,44,0.1875,0.0625,0.7272727272727273,0.07922727272727273,0.037659463260306746,0.151
607536,R,26,344,40,49,94.29105263157895,"Ramírez, Agustín",R,448,0.11627906976744186,0.14244186046511628,0.7678571428571429,0.05330803571428571,0.045394079713027835,0.656
607625,R,9,213,16,33,93.03584905660377,"Riley, Austin",R,277,0.07511737089201878,0.15492957746478872,0.7689530685920578,0.03535740072202166,0.03302712426896416,0.542
608032,R,0,1,0,0,,"Riley, Austin",R,1,0.0,0.0,1.0,0.0,0.030102394938742002,0.006
608331,R,4,220,4,22,89.82371134020619,"Adames, Willy",R,331,0.01818181818181818,0.1,0.6646525679758308,0.008145015105740179,0.018101092017937852,0.55
608337,R,3,44,3,7,96.22608695652173,"Rodríguez, Julio",R,67,0.06818181818181818,0.1590909090909091,0.6567164179104478,0.027626865671641788,0.029750515952966704,0.196
608344,R,1,13,1,3,96.78571428571429,"Monasterio, Andruw",R,20,0.07692307692307693,0.23076923076923078,0.65,0.031450000000000006,0.030349137222343538,0.067
608348,R,2,8,2,1,103.23333333333333,"Bericoto, Victor",R,8,0.25,0.125,1.0,0.146,0.03519432704208672,0.043
608371,R,1,18,1,2,95.45714285714284,"Sanoja, Javier",R,27,0.05555555555555555,0.1111111111111111,0.6666666666666666,0.022629629629629628,0.029575084935584018,0.091
608372,R,10,232,25,38,95.52121212121212,"Clement, Ernie",R,284,0.10775862068965517,0.16379310344827586,0.8169014084507042,0.05302464788732394,0.04308313542177538,0.563
608379,R,18,251,19,45,94.36911764705883,"Acuña Jr., Ronald",R,333,0.07569721115537849,0.17928286852589642,0.7537537537537538,0.035240240240240236,0.03316434752717541,0.582
608566,R,5,79,7,10,89.30857142857144,"Schmitt, Casey",R,101,0.08860759493670886,0.12658227848101267,0.7821782178217822,0.04163366336633663,0.03373587988360192,0.305
608650,R,0,23,2,3,96.63076923076923,"Lee, Brooks",R,39,0.08695652173913043,0.13043478260869565,0.5897435897435898,0.03087179487179487,0.0303378559899684,0.113
608718,R,4,165,7,21,90.10675675675675,"Meyers, Jake",R,230,0.04242424242424243,0.12727272727272726,0.717391304347826,0.019143478260869564,0.024948427237552986,0.478
608723,R,1,23,2,5,94.88000000000001,"Sosa, Lenyn",R,27,0.08695652173913043,0.21739130434782608,0.8518518518518519,0.04592592592592592,0.032043496454229554,0.113
615698,R,6,159,7,23,89.78800000000001,"Clarke, Denzel",R,198,0.0440251572327044,0.14465408805031446,0.803030303030303,0.022419191919191915,0.02658756636891981,0.469
620443,R,0,5,1,1,100.95,"Bart, Joey",R,5,0.2,0.2,1.0,0.1186,0.032656937750877316,0.027
621016,R,0,35,1,6,90.175,"Díaz, Yandy",R,54,0.02857142857142857,0.17142857142857143,0.6481481481481481,0.012648148148148148,0.02740101706556971,0.163
621053,R,3,25,2,4,89.725,"García, Adolis",R,45,0.08,0.16,0.5555555555555556,0.027155555555555558,0.029889865233176542,0.122
621074,R,0,53,2,5,90.44166666666666,"Ward, Taylor",R,88,0.03773584905660377,0.09433962264150944,0.6022727272727273,0.014090909090909091,0.026589492127598646,0.227
621097,R,5,66,5,13,92.95454545454545,"Hoskins, Rhys",R,97,0.07575757575757576,0.19696969696969696,0.6804123711340206,0.032051546391752575,0.030747705470601513,0.268
621107,R,1,4,1,0,104.7,"Jansen, Danny",R,7,0.25,0.0,0.5714285714285714,0.08214285714285713,0.031397309306976796,0.022
621111,R,12,198,20,8,93.91428571428571,"Adames, Willy",R,278,0.10101010101010101,0.04040404040404041,0.7122302158273381,0.04188489208633093,0.03635381512435404,0.524
621112,R,2,113,7,15,90.59565217391304,"Robles, Victor",R,162,0.061946902654867256,0.13274336283185842,0.6975308641975309,0.02651234567901234,0.02882057524109453,0.386
621121,R,2,51,2,7,93.94583333333333,"Contreras, Willson",R,77,0.0392156862745098,0.13725490196078433,0.6623376623376623,0.016571428571428567,0.02724535212577991,0.221
621139,R,0,4,1,1,102.0,"García, Adolis",R,5,0.25,0.25,0.8,0.1186,0.032189855890827734,0.022
621237,R,3,86,5,17,91.28181818181818,"Langford, Wyatt",R,155,0.05813953488372093,0.19767441860465115,0.5548387096774193,0.020522580645161288,0.027118328644346518,0.323
621242,R,2,19,2,4,91.625,"Lawlar, Jordan",R,39,0.10526315789473684,0.21052631578947367,0.48717948717948717,0.03133333333333333,0.030371190036410232,0.095
621345,R,6,71,8,11,92.06216216216217,"Stephenson, Tyler",R,95,0.11267605633802817,0.15492957746478872,0.7473684210526316,0.050505263157894734,0.03599365405626625,0.283
621366,R,3,46,4,11,92.95,"Caballero, José",R,55,0.08695652173913043,0.2391304347826087,0.8363636363636363,0.04541818181818181,0.033352963927206485,0.204
621381,R,10,75,9,16,90.94090909090909,"Farmer, Kyle",R,107,0.12,0.21333333333333335,0.7009345794392523,0.05105607476635513,0.03638329055446642,0.294
621383,R,4,74,3,17,89.75434782608696,"Jung, Josh",R,101,0.04054054054054054,0.22972972972972974,0.7326732673267327,0.020108910891089106,0.027309420826192508,0.291
621389,R,0,5,0,0,,"Perkins, Blake",R,5,0.0,0.0,1.0,0.0,0.029451532345471907,0.027
622088,R,3,82,5,10,88.98095238095237,"Suzuki, Seiya",R,131,0.06097560975609756,0.12195121951219512,0.6259541984732825,0.023320610687022902,0.028094746413160995,0.313
622491,R,8,175,11,20,92.95348837209302,"Judge, Aaron",R,253,0.06285714285714286,0.11428571428571428,0.691699604743083,0.02642292490118577,0.02837336715949243,0.493
622554,R,6,84,6,11,92.24047619047619,"Contreras, William",R,133,0.07142857142857142,0.13095238095238096,0.631578947368421,0.027428571428571424,0.02936565713603145,0.318
622608,R,2,120,6,15,90.09814814814816,"Lopez, Otto",R,163,0.05,0.125,0.7361963190184049,0.022822085889570548,0.027290612635535894,0.4
622663,R,5,78,4,9,91.02432432432433,"Springer, George",R,119,0.05128205128205128,0.11538461538461539,0.6554621848739496,0.020689075630252098,0.027373183655317698,0.302
622694,R,2,14,2,3,93.125,"Ward, Taylor",R,24,0.14285714285714285,0.21428571428571427,0.5833333333333334,0.05016666666666666,0.0317054990579672,0.072
622761,R,0,6,0,2,84.66,"Norby, Connor",R,8,0.0,0.3333333333333333,0.75,0.0045,0.02943835206404464,0.032
623149,R,5,65,8,12,92.485,"Torkelson, Spencer",R,97,0.12307692307692308,0.18461538461538463,0.6701030927835051,0.04964948453608247,0.0354112244030925,0.265
623168,R,1,16,2,2,96.69090909090909,"Tovar, Ezequiel",R,16,0.125,0.125,1.0,0.074125,0.033849660632205625,0.082
623211,R,4,95,6,21,91.53255813953488,"Davis, Henry",R,146,0.06315789473684211,0.22105263157894736,0.6506849315068494,0.026219178082191784,0.028870383278983718,0.345
623352,R,0,63,5,12,90.10333333333332,"Rodríguez, Endy",R,119,0.07936507936507936,0.19047619047619047,0.5294117647058824,0.02597478991596638,0.029156153286494586,0.259
623381,R,1,3,1,2,96.23333333333333,"Ramos, Heliot",R,5,0.3333333333333333,0.6666666666666666,0.6,0.12219999999999999,0.03177668570443881,0.016
623437,R,3,49,4,4,92.82631578947368,"Ward, Taylor",R,68,0.08163265306122448,0.08163265306122448,0.7205882352941176,0.03488235294117646,0.03125663221847139,0.214
623454,R,7,119,11,8,95.12083333333334,"Machado, Manny",R,208,0.09243697478991597,0.06722689075630252,0.5721153846153846,0.031100961538461536,0.03060049467220477,0.398
623465,R,3,39,5,2,97.0409090909091,"Karros, Kyle",R,58,0.1282051282051282,0.05128205128205128,0.6724137931034483,0.05018965517241379,0.03381703212619379,0.178
623474,R,4,81,6,18,91.3913043478261,"Sanoja, Javier",R,126,0.07407407407407407,0.2222222222222222,0.6428571428571429,0.029952380952380946,0.030171173720517853,0.31
624133,R,6,299,13,47,89.18775510204082,"Altuve, Jose",R,433,0.043478260869565216,0.15719063545150502,0.6905311778290993,0.019217090069284064,0.023370445542021376,0.624
624428,R,0,4,0,2,81.5,"Witt Jr., Bobby",R,6,0.0,0.5,0.6666666666666666,0.005999999999999999,0.02974202980387121,0.022
624431,R,2,29,3,6,93.55882352941177,"Doyle, Brenton",R,31,0.10344827586206896,0.20689655172413793,0.9354838709677419,0.05912903225806451,0.03427404506888121,0.139
624512,R,0,3,0,1,88.3,"Williamson, Ben",R,3,0.0,0.3333333333333333,1.0,0.005999999999999999,0.029871767671651926,0.016
624522,R,0,23,2,4,96.49285714285715,"Waldschmidt, Ryan",R,34,0.08695652173913043,0.17391304347826086,0.6764705882352942,0.03594117647058823,0.030912219422344,0.113
625643,R,5,118,7,10,90.25737704918032,"Perez, Salvador",R,150,0.059322033898305086,0.0847457627118644,0.7866666666666666,0.028033333333333327,0.029384116836394747,0.396
628452,R,2,64,5,15,93.18275862068967,"Muncy, Max",R,108,0.078125,0.234375,0.5925925925925926,0.02912037037037037,0.029968185195147566,0.262
628708,R,0,1,0,0,69.8,"Tromp, Chadwick",R,4,0.0,0.0,0.25,0.0,0.030102394938742002,0.006
640448,R,6,99,13,11,95.97173913043478,"Laureano, Ramón",R,146,0.13131313131313133,0.1111111111111111,0.678082191780822,0.05255479452054795,0.03817726932418118,0.355
640451,R,1,6,2,0,100.4,"House, Brady",R,7,0.3333333333333333,0.0,0.8571428571428571,0.16428571428571426,0.03459272994422897,0.032
640454,R,0,13,0,2,95.26,"Moore, Christian",R,24,0.0,0.15384615384615385,0.5416666666666666,0.0014999999999999998,0.02833177970939017,0.067
640455,R,20,324,39,61,93.61451612903225,"Gonzales, Nick",R,459,0.12037037037037036,0.1882716049382716,0.7058823529411765,0.05124836601307189,0.04375596046061031,0.643
640902,R,1,4,1,1,101.19999999999999,"Kelly, Carson",R,4,0.25,0.25,1.0,0.14825,0.032834421108219033,0.022
641302,R,2,121,5,21,92.49649122807018,"Turner, Trea",R,178,0.04132231404958678,0.17355371900826447,0.6797752808988764,0.018275280898876402,0.02544798163679849,0.402
641312,R,1,27,2,3,96.90833333333335,"Bregman, Alex",R,42,0.07407407407407407,0.1111111111111111,0.6428571428571429,0.028666666666666663,0.0300605482314604,0.13
641329,R,2,69,5,15,94.3425,"Winn, Masyn",R,117,0.07246376811594203,0.21739130434782608,0.5897435897435898,0.026880341880341878,0.029330430014682298,0.277
641386,R,0,3,1,1,91.0,"Lee, Hao-Yu",R,5,0.3333333333333333,0.3333333333333333,0.6,0.11859999999999998,0.031717669310996184,0.016
641401,R,3,29,4,3,94.5,"Arozarena, Randy",R,38,0.13793103448275862,0.10344827586206896,0.7631578947368421,0.06194736842105263,0.034665106067573344,0.139
641585,R,1,8,1,1,90.125,"Rodríguez, Julio",R,9,0.125,0.125,0.8888888888888888,0.06588888888888889,0.031785343590550075,0.043
641656,R,0,8,0,1,97.3,"Young, Jacob",R,13,0.0,0.125,0.6153846153846154,0.0013846153846153845,0.029040480888240565,0.043
641743,R,19,369,37,70,92.75300546448086,"Rengifo, Luis",R,517,0.1002710027100271,0.1897018970189702,0.7137330754352031,0.043588007736943914,0.03922132666456213,0.672
641745,R,3,46,4,6,90.35833333333333,"Jung, Josh",R,69,0.08695652173913043,0.13043478260869565,0.6666666666666666,0.03489855072463768,0.03121180007630812,0.204
641755,R,3,86,6,18,87.36444444444444,"India, Jonathan",R,123,0.06976744186046512,0.20930232558139536,0.6991869918699187,0.030682926829268296,0.030403252598606677,0.323
641778,R,20,277,32,45,92.3314465408805,"Langeliers, Shea",R,357,0.11552346570397112,0.1624548736462094,0.7759103641456583,0.053809523809523814,0.04453779338982582,0.606
641793,R,8,184,16,30,94.80909090909091,"Realmuto, J.T.",R,238,0.08695652173913043,0.16304347826086957,0.773109243697479,0.04092436974789916,0.035655542630565244,0.505
641816,R,8,194,14,20,94.08681318681319,"Caballero, José",R,276,0.07216494845360824,0.10309278350515463,0.7028985507246377,0.030471014492753617,0.030374091699215254,0.519
641835,R,5,102,8,11,94.07846153846154,"Jansen, Danny",R,156,0.0784313725490196,0.10784313725490197,0.6538461538461539,0.030756410256410252,0.030445699752007623,0.362
641927,R,8,173,16,26,93.1067415730337,"Mayo, Coby",R,246,0.09248554913294797,0.15028901734104047,0.7032520325203252,0.03930081300813008,0.0346956774343309,0.49
641941,R,2,58,5,17,94.715625,"Story, Trevor",R,83,0.08620689655172414,0.29310344827586204,0.6987951807228916,0.03832530120481928,0.03223277711677235,0.244
642048,R,1,23,2,5,94.11666666666667,"Slater, Austin",R,39,0.08695652173913043,0.21739130434782608,0.5897435897435898,0.03179487179487179,0.03044244106007071,0.113
642100,R,4,64,10,5,93.38157894736842,"Ramírez, José",R,102,0.15625,0.078125,0.6274509803921569,0.05725490196078431,0.03734773446476434,0.262
642121,R,6,66,11,10,94.64999999999999,"Winn, Masyn",R,96,0.16666666666666666,0.15151515151515152,0.6875,0.06776041666666667,0.04032813408094432,0.268
642152,R,0,9,0,1,90.36,"Judge, Aaron",R,15,0.0,0.1111111111111111,0.6,0.0011999999999999997,0.02888536234874234,0.048
642207,R,1,49,3,10,90.5391304347826,"Triolo, Jared",R,85,0.061224489795918366,0.20408163265306123,0.5764705882352941,0.022411764705882353,0.028588253076421564,0.214
642215,R,2,14,1,2,90.60000000000001,"Monasterio, Andruw",R,14,0.07142857142857142,0.14285714285714285,1.0,0.043642857142857136,0.031234708679960324,0.072
642232,R,2,124,6,25,89.38970588235294,"Ramírez, Agustín",R,167,0.04838709677419355,0.20161290322580644,0.7425149700598802,0.02335329341317365,0.027448492984032354,0.408
642376,R,2,30,2,4,94.55384615384615,"Adell, Jo",R,53,0.06666666666666667,0.13333333333333333,0.5660377358490566,0.023056603773584903,0.029239198081523095,0.143
642397,R,2,107,3,16,90.68,"Robert Jr., Luis",R,183,0.028037383177570093,0.14953271028037382,0.5846994535519126,0.010999999999999998,0.023085482522342514,0.373
642528,R,1,100,2,12,90.03611111111111,"Smith, Will",R,128,0.02,0.12,0.78125,0.010671874999999999,0.02327043208540108,0.357
642546,R,3,41,3,5,88.64782608695653,"Vaughn, Andrew",R,60,0.07317073170731707,0.12195121951219512,0.6833333333333333,0.03025,0.030265988614987794,0.186
642547,R,6,182,8,30,90.78470588235294,"Davis, Henry",R,269,0.04395604395604396,0.16483516483516483,0.6765799256505576,0.019107806691449812,0.024657884811481127,0.503
642585,R,1,4,0,2,96.73333333333333,"Pratt, Cooper",R,6,0.0,0.5,0.6666666666666666,0.005999999999999999,0.02974202980387121,0.022
642701,R,4,83,4,10,91.32432432432432,"Alvarez, Francisco",R,113,0.04819277108433735,0.12048192771084337,0.7345132743362832,0.021946902654867255,0.027643066175917434,0.316
642759,R,0,5,0,0,96.63333333333333,"Riley, Austin",R,8,0.0,0.0,0.625,0.0,0.029451532345471907,0.027
643361,R,0,1,0,1,93.4,"Sanoja, Javier",R,1,0.0,1.0,1.0,0.018,0.030201842452554157,0.006
643377,R,5,126,10,16,92.12264150943396,"Winn, Masyn",R,183,0.07936507936507936,0.12698412698412698,0.6885245901639344,0.03299453551912568,0.031391650193863196,0.412
643410,R,2,43,2,6,88.956,"Clement, Ernie",R,59,0.046511627906976744,0.13953488372093023,0.7288135593220338,0.02132203389830508,0.028544309154885296,0.193
643511,R,1,104,3,4,91.22777777777777,"Muncy, Max",R,132,0.028846153846153848,0.038461538461538464,0.7878787878787878,0.013613636363636364,0.024170252344121426,0.366
644433,R,1,2,0,1,96.8,"Valencia, Eduardo",R,2,0.0,0.5,1.0,0.009,0.03003589826325441,0.011
645261,R,6,275,8,32,90.6895652173913,"Doyle, Brenton",R,361,0.02909090909090909,0.11636363636363636,0.7617728531855956,0.014337950138504155,0.020640592905496583,0.604
645302,R,0,4,0,2,99.6,"Dingler, Dillon",R,5,0.0,0.5,0.8,0.0072,0.029768116760392947,0.022
646241,R,2,61,4,7,95.15757575757576,"Bogaerts, Xander",R,96,0.06557377049180328,0.11475409836065574,0.6354166666666666,0.02527083333333333,0.029004374760355334,0.253
646242,R,0,1,0,0,,"Lara, Luis",R,2,0.0,0.0,0.5,0.0,0.030102394938742002,0.006
647315,R,0,12,1,3,92.58,"Langford, Wyatt",R,15,0.08333333333333333,0.25,0.8,0.04193333333333333,0.030998611895376574,0.062
647336,R,3,121,9,21,93.54354838709678,"Torres, Gleyber",R,189,0.0743801652892562,0.17355371900826447,0.6402116402116402,0.029380952380952383,0.029912387780755945,0.402
650556,R,4,64,5,14,95.05,"Trout, Mike",R,125,0.078125,0.21875,0.512,0.025016,0.02889162903242747,0.262
650633,R,7,185,12,20,89.66309523809524,"Torres, Gleyber",R,282,0.06486486486486487,0.10810810810810811,0.6560283687943262,0.02574468085106383,0.02797616285303866,0.507
650644,R,6,162,15,39,91.79894736842105,"Acuña Jr., Ronald",R,223,0.09259259259259259,0.24074074074074073,0.726457399103139,0.04182511210762331,0.035743279664758126,0.474
650911,R,18,450,40,53,94.55082872928178,"Langford, Wyatt",R,665,0.08888888888888889,0.11777777777777777,0.6766917293233082,0.03602105263157894,0.034377789155750516,0.714
650960,R,0,28,0,4,91.675,"Crews, Dylan",R,43,0.0,0.14285714285714285,0.6511627906976745,0.001674418604651163,0.026420275023281422,0.135
655316,R,1,2,1,0,97.85,"Goldschmidt, Paul",R,3,0.5,0.0,0.6666666666666666,0.19166666666666665,0.03204322427058042,0.011
655889,R,0,10,0,2,89.95,"Lee, Hao-Yu",R,20,0.0,0.2,0.5,0.0018,0.02877122886269633,0.053
656212,R,3,32,3,5,95.64666666666668,"Realmuto, J.T.",R,40,0.09375,0.15625,0.8,0.045375,0.03254968624486935,0.151
656222,R,2,48,4,7,91.49600000000001,"Realmuto, J.T.",R,62,0.08333333333333333,0.14583333333333334,0.7741935483870968,0.039129032258064515,0.03213476768552368,0.211
656234,R,4,74,5,15,91.65294117647058,"Schmitt, Casey",R,115,0.06756756756756757,0.20270270270270271,0.6434782608695652,0.027347826086956517,0.029418396119476713,0.291
656240,R,1,62,3,6,92.32857142857144,"O'Hoppe, Logan",R,89,0.04838709677419355,0.0967741935483871,0.6966292134831461,0.020595505617977527,0.027791135670359127,0.256
656271,R,3,103,9,17,91.78196721311475,"Contreras, Willson",R,180,0.08737864077669903,0.1650485436893204,0.5722222222222222,0.030449999999999998,0.030335277328312024,0.364
656288,R,3,102,6,11,92.21395348837208,"Acuña, Luisangel",R,162,0.058823529411764705,0.10784313725490197,0.6296296296296297,0.02251851851851852,0.027466036782982952,0.362
656302,R,3,158,7,34,90.43142857142857,"Rooker, Brent",R,288,0.04430379746835443,0.21518987341772153,0.5486111111111112,0.016100694444444445,0.02364628167495422,0.467
656427,R,6,107,10,24,94.078125,"Machado, Manny",R,178,0.09345794392523364,0.22429906542056074,0.601123595505618,0.03473033707865168,0.03193268136351231,0.373
656457,R,1,13,2,2,98.25555555555555,"Ortiz, Joey",R,14,0.15384615384615385,0.15384615384615385,0.9285714285714286,0.08471428571428573,0.03393688703729542,0.067
656464,R,5,79,8,11,92.228125,"Betts, Mookie",R,119,0.10126582278481013,0.13924050632911392,0.6638655462184874,0.04031932773109244,0.033334982141577624,0.305
656492,R,16,381,30,52,91.325,"Turner, Trea",R,524,0.07874015748031496,0.13648293963254593,0.7270992366412213,0.03470610687022901,0.033282638505293324,0.679
656529,R,0,53,2,3,89.25454545454546,"Gonzales, Nick",R,90,0.03773584905660377,0.05660377358490566,0.5888888888888889,0.013377777777777777,0.026427277708731867,0.227
656546,R,3,71,11,12,91.31951219512194,"Wilson, Jacob",R,137,0.15492957746478872,0.16901408450704225,0.5182481751824818,0.04774452554744525,0.03521272827801161,0.283
656550,R,9,192,16,33,94.80686274509803,"Perez, Salvador",R,265,0.08333333333333333,0.171875,0.7245283018867924,0.03695849056603773,0.03372194535642889,0.516
656557,R,2,5,2,0,103.3,"Bregman, Alex",R,6,0.4,0.0,0.8333333333333334,0.19166666666666665,0.034631712525652086,0.027
656577,R,1,5,1,0,94.7,"Dingler, Dillon",R,6,0.2,0.0,0.8333333333333334,0.09583333333333333,0.032041622435561995,0.027
656605,R,4,124,7,19,93.62222222222222,"Bichette, Bo",R,182,0.056451612903225805,0.1532258064516129,0.6813186813186813,0.02399450549450549,0.027710040017207182,0.408
656638,R,5,69,7,7,93.47647058823529,"Acuña Jr., Ronald",R,121,0.10144927536231885,0.10144927536231885,0.5702479338842975,0.034305785123966946,0.03138808296171093,0.277
656641,R,4,96,10,16,93.6468085106383,"Bohm, Alec",R,177,0.10416666666666667,0.16666666666666666,0.5423728813559322,0.034112994350282484,0.03160645268673703,0.348
656686,R,1,9,1,1,96.7,"Turner, Trea",R,14,0.1111111111111111,0.1111111111111111,0.6428571428571429,0.04235714285714286,0.03084522629432057,0.048
656716,R,0,4,0,1,92.1,"Kelly, Carson",R,9,0.0,0.25,0.4444444444444444,0.0019999999999999996,0.02965507328213208,0.022
656730,R,0,81,5,7,93.61702127659575,"Vargas, Miguel",R,129,0.06172839506172839,0.08641975308641975,0.627906976744186,0.023263565891472864,0.02809533456368431,0.31
656756,R,3,49,5,5,90.33684210526316,"Narváez, Carlos",R,64,0.10204081632653061,0.10204081632653061,0.765625,0.046328125,0.03370572754983538,0.214
656786,R,0,10,0,1,93.51666666666667,"Díaz, Yandy",R,13,0.0,0.1,0.7692307692307693,0.0013846153846153847,0.028749366514518194,0.053
656794,R,3,147,10,16,92.64933333333333,"Ortiz, Joey",R,223,0.06802721088435375,0.10884353741496598,0.6591928251121076,0.027076233183856505,0.028834066550272812,0.45
656848,R,2,60,7,6,95.75357142857142,"Karros, Kyle",R,111,0.11666666666666667,0.1,0.5405405405405406,0.037234234234234234,0.03201078140819315,0.25
656849,R,9,332,19,43,93.09548387096774,"Yorke, Nick",R,470,0.0572289156626506,0.12951807228915663,0.7063829787234043,0.024891489361702126,0.02678224209374494,0.648
656876,R,4,199,12,27,91.7804347826087,"Herrera, Iván",R,277,0.06030150753768844,0.135678391959799,0.7184115523465704,0.026664259927797827,0.028376573112253483,0.525
656945,R,4,103,7,14,92.352,"Moreno, Gabriel",R,174,0.06796116504854369,0.13592233009708737,0.5919540229885057,0.02458045977011494,0.02819901356973195,0.364
656986,R,3,45,2,7,91.28,"Judge, Aaron",R,73,0.044444444444444446,0.15555555555555556,0.6164383561643836,0.01747945205479452,0.027711594783902473,0.2
657044,R,1,77,4,15,91.69642857142857,"Pages, Andy",R,106,0.05194805194805195,0.19480519480519481,0.7264150943396226,0.024245283018867924,0.028464670336051098,0.3
657097,R,6,73,10,15,95.36749999999999,"House, Brady",R,113,0.136986301369863,0.2054794520547945,0.6460176991150443,0.05327433628318584,0.03690735190745007,0.289
657265,R,1,30,1,8,94.0529411764706,"Bregman, Alex",R,34,0.03333333333333333,0.26666666666666666,0.8823529411764706,0.021147058823529408,0.02896640594580088,0.143
657277,R,5,194,9,16,91.52261904761905,"Caballero, José",R,272,0.04639175257731959,0.08247422680412371,0.7132352941176471,0.02008455882352941,0.02498646496170323,0.519
657376,R,0,1,0,0,66.2,"Martin, Austin",R,3,0.0,0.0,0.3333333333333333,0.0,0.030102394938742002,0.006
657424,R,4,57,7,7,90.31212121212121,"Goldschmidt, Paul",R,73,0.12280701754385964,0.12280701754385964,0.7808219178082192,0.05686301369863013,0.036665507446135955,0.241
657514,R,3,97,5,12,92.03750000000001,"Lopez, Otto",R,135,0.05154639175257732,0.12371134020618557,0.7185185185185186,0.022896296296296297,0.027687632579974884,0.35
657571,R,4,49,5,6,91.92142857142858,"Semien, Marcus",R,68,0.10204081632653061,0.12244897959183673,0.7205882352941176,0.043867647058823525,0.03317924973709457,0.214
657612,R,7,84,6,0,99.12173913043479,"Adames, Willy",R,104,0.07142857142857142,0.0,0.8076923076923077,0.033173076923076916,0.03119345433882865,0.318
657649,R,0,17,1,2,91.175,"Meidroth, Chase",R,27,0.058823529411764705,0.11764705882352941,0.6296296296296297,0.022629629629629628,0.029610341053888354,0.086
657746,R,7,169,17,23,91.72560975609755,"Ward, Taylor",R,261,0.10059171597633136,0.13609467455621302,0.6475095785440613,0.03903831417624521,0.034515783895982075,0.484
657756,R,1,36,2,6,90.95625,"Laureano, Ramón",R,53,0.05555555555555555,0.16666666666666666,0.6792452830188679,0.023735849056603774,0.029180666897916843,0.167
660271,R,1,86,3,6,91.05625,"Hoskins, Rhys",R,149,0.03488372093023256,0.06976744186046512,0.5771812080536913,0.012302013422818793,0.02446055127170947,0.323
660604,R,2,29,0,6,90.59375,"Bregman, Alex",R,51,0.0,0.20689655172413793,0.5686274509803921,0.0021176470588235292,0.02636337439530232,0.139
660710,R,1,11,1,4,89.27142857142857,"Call, Alex",R,12,0.09090909090909091,0.36363636363636365,0.9166666666666666,0.05391666666666666,0.031631501660971915,0.058
660761,R,4,106,5,23,89.6438596491228,"Clarke, Denzel",R,157,0.04716981132075472,0.2169811320754717,0.6751592356687898,0.02094904458598726,0.026815147587506825,0.371
660787,R,3,48,5,4,92.68947368421053,"Trout, Mike",R,63,0.10416666666666667,0.08333333333333333,0.7619047619047619,0.04677777777777777,0.03374502990020015,0.211
660825,R,8,109,9,17,92.85344827586206,"Arias, Gabriel",R,152,0.08256880733944955,0.1559633027522936,0.7171052631578947,0.036059210526315784,0.032453243706853714,0.377
660844,R,1,6,2,1,97.57499999999999,"Contreras, William",R,7,0.3333333333333333,0.16666666666666666,0.8571428571428571,0.16685714285714284,0.03467567925298473,0.032
660853,R,6,93,6,18,94.7265306122449,"Goodman, Hunter",R,145,0.06451612903225806,0.1935483870967742,0.6413793103448275,0.026027586206896547,0.0288245384657644,0.341
661395,R,1,58,3,4,96.25,"Jansen, Danny",R,107,0.05172413793103448,0.06896551724137931,0.5420560747663551,0.016794392523364482,0.026985748950703537,0.244
661527,R,0,4,0,1,98.1,"Straw, Myles",R,4,0.0,0.25,1.0,0.0045,0.029709421108219034,0.022
661563,R,5,43,4,6,95.0909090909091,"Fortes, Nick",R,67,0.09302325581395349,0.13953488372093023,0.6417910447761194,0.03594029850746268,0.031363077666965014,0.193
662144,R,0,2,0,0,,"Caballero, José",R,3,0.0,0.0,0.6666666666666666,0.0,0.029936997164353312,0.011
662253,R,4,59,4,7,90.49285714285715,"Hoskins, Rhys",R,109,0.06779661016949153,0.11864406779661017,0.5412844036697247,0.02225688073394495,0.028291587645251276,0.247
663158,R,0,46,0,11,91.36923076923077,"Perez, Salvador",R,61,0.0,0.2391304347826087,0.7540983606557377,0.0032459016393442622,0.024769225483726277,0.204
663362,R,2,70,2,8,91.92692307692307,"Trout, Mike",R,87,0.02857142857142857,0.11428571428571428,0.8045977011494253,0.014873563218390805,0.025958731636798633,0.28
663372,R,10,187,18,29,92.40674157303371,"Springer, George",R,249,0.0962566844919786,0.15508021390374332,0.751004016064257,0.04366265060240964,0.03709386688436759,0.51
663423,R,4,93,11,9,93.8075,"Steer, Spencer",R,116,0.11827956989247312,0.0967741935483871,0.8017241379310345,0.05592241379310345,0.03900849072040631,0.341
663432,R,0,8,0,3,92.2,"Hedges, Austin",R,16,0.0,0.375,0.5,0.0033749999999999995,0.029125178105916506,0.043
663436,R,6,178,9,22,93.05764705882352,"Ramírez, Agustín",R,257,0.05056179775280899,0.12359550561797752,0.6926070038910506,0.021677042801556416,0.02599733827538923,0.497
663460,R,3,107,9,13,93.58627450980391,"Jeffers, Ryan",R,169,0.08411214953271028,0.12149532710280374,0.6331360946745562,0.03200591715976331,0.030916956864135807,0.373
663465,R,1,17,3,4,94.75833333333333,"Rojas, Miguel",R,25,0.17647058823529413,0.23529411764705882,0.68,0.07188,0.03386037301478326,0.086
663485,R,0,24,1,5,97.65384615384616,"Alonso, Pete",R,34,0.041666666666666664,0.20833333333333334,0.7058823529411765,0.019558823529411764,0.02900953553244208,0.118
663494,R,0,4,0,1,87.3,"Ortiz, Joey",R,5,0.0,0.25,0.8,0.0036,0.029689855890827732,0.022
663542,R,1,127,5,14,89.28064516129032,"Lockridge, Brandon",R,169,0.03937007874015748,0.11023622047244094,0.7514792899408284,0.018502958579881653,0.025401984441554632,0.414
663554,R,12,174,22,28,95.41326530612245,"Moreno, Gabriel",R,242,0.12643678160919541,0.16091954022988506,0.71900826446281,0.05435537190082645,0.04210838473066696,0.492
663556,R,6,261,21,43,93.71496062992125,"Ortiz, Joey",R,377,0.08045977011494253,0.16475095785440613,0.6923076923076923,0.034082228116710876,0.03252606581037152,0.592
663558,R,4,98,5,20,89.54,"Steer, Spencer",R,161,0.05102040816326531,0.20408163265306123,0.6086956521739131,0.020093167701863354,0.026682244311852198,0.353
663559,R,3,31,3,8,93.11111111111111,"Heim, Jonah",R,41,0.0967741935483871,0.25806451612903225,0.7560975609756098,0.045585365853658535,0.03251980959893705,0.147
663567,R,10,204,17,26,90.99816513761468,"Winn, Masyn",R,296,0.08333333333333333,0.12745098039215685,0.6891891891891891,0.03460472972972972,0.03257265194994054,0.531
663568,R,4,78,7,6,93.4151515151515,"Hoskins, Rhys",R,99,0.08974358974358974,0.07692307692307693,0.7878787878787878,0.04174747474747475,0.03373967641168733,0.302
663574,R,6,63,7,8,91.96486486486486,"Durbin, Caleb",R,95,0.1111111111111111,0.12698412698412698,0.6631578947368421,0.04388421052631578,0.03379933640769628,0.259
663623,R,8,121,11,15,93.17796610169492,"Bregman, Alex",R,188,0.09090909090909091,0.12396694214876033,0.6436170212765957,0.03507978723404255,0.032203281525685884,0.402
663687,R,6,101,8,11,93.21923076923076,"Guerrero Jr., Vladimir",R,186,0.07920792079207921,0.10891089108910891,0.543010752688172,0.025795698924731183,0.02866156254558773,0.359
663738,R,9,171,13,20,93.47727272727273,"Caratini, Victor",R,225,0.07602339181286549,0.11695906432748537,0.76,0.03482222222222222,0.03248755978322593,0.487
663765,R,2,57,5,8,96.79677419354839,"Hill, Derek",R,80,0.08771929824561403,0.14035087719298245,0.7125,0.03773749999999999,0.03206570035406035,0.241
663767,R,3,74,5,7,91.08378378378379,"Bregman, Alex",R,118,0.06756756756756757,0.0945945945945946,0.6271186440677966,0.02543220338983051,0.028860301317951812,0.291
663776,R,4,158,10,25,91.44285714285714,"Meidroth, Chase",R,232,0.06329113924050633,0.15822784810126583,0.6810344827586207,0.02672413793103448,0.02861227005034246,0.467
663795,R,1,12,2,1,96.85000000000001,"Caminero, Junior",R,14,0.16666666666666666,0.08333333333333333,0.8571428571428571,0.08342857142857142,0.03359206427632896,0.062
663855,R,3,77,2,8,87.50769230769231,"Vaughn, Andrew",R,132,0.025974025974025976,0.1038961038961039,0.5833333333333334,0.009803030303030305,0.02413761407488574,0.3
663878,R,2,53,5,7,88.72399999999999,"Keaschall, Luke",R,82,0.09433962264150944,0.1320754716981132,0.6463414634146342,0.036597560975609754,0.031709030968324545,0.227
663884,R,0,2,0,0,74.0,"Adames, Willy",R,3,0.0,0.0,0.6666666666666666,0.0,0.029936997164353312,0.011
663893,R,2,34,3,4,98.05,"Langeliers, Shea",R,70,0.08823529411764706,0.11764705882352941,0.4857142857142857,0.02567142857142857,0.029539075024957354,0.159
663903,R,9,186,20,25,94.64999999999999,"Story, Trevor",R,255,0.10752688172043011,0.13440860215053763,0.7294117647058823,0.046862745098039206,0.03870219691843605,0.508
663941,R,1,36,5,4,93.79523809523809,"Call, Alex",R,45,0.1388888888888889,0.1111111111111111,0.8,0.06548888888888889,0.036139506869964366,0.167
663947,R,5,128,6,14,93.28571428571429,"Castellanos, Nick",R,172,0.046875,0.109375,0.7441860465116279,0.02152325581395349,0.026634773467851786,0.416
663967,R,1,1,0,1,98.1,"Pages, Andy",R,1,0.0,1.0,1.0,0.018,0.030201842452554157,0.006
663969,R,8,172,13,20,91.05641025641025,"Tovar, Ezequiel",R,239,0.0755813953488372,0.11627906976744186,0.7196652719665272,0.03278242677824267,0.031497474118664895,0.489
663978,R,5,80,11,12,93.288,"Hays, Austin",R,109,0.1375,0.15,0.7339449541284404,0.0600091743119266,0.03942025934179397,0.308
663992,R,4,57,4,9,90.95757575757575,"Mangum, Jake",R,89,0.07017543859649122,0.15789473684210525,0.6404494382022472,0.027662921348314603,0.02964270042517399,0.241
664059,R,0,2,0,0,,"Allen, Nick",R,3,0.0,0.0,0.6666666666666666,0.0,0.029936997164353312,0.011
664062,R,0,4,0,0,99.1,"Vargas, Miguel",R,7,0.0,0.0,0.5714285714285714,0.0,0.029611595021262514,0.022
664074,R,0,2,0,0,82.3,"Karros, Kyle",R,4,0.0,0.0,0.5,0.0,0.029936997164353312,0.011
664076,R,4,59,4,10,94.71428571428571,"Pagés, Pedro",R,108,0.06779661016949153,0.1694915254237288,0.5462962962962963,0.02296296296296296,0.02846589246329338,0.247
664126,R,1,38,3,6,92.16,"Doyle, Brenton",R,78,0.07894736842105263,0.15789473684210525,0.48717948717948717,0.023499999999999997,0.029089603137212393,0.174
664129,R,1,53,3,9,90.14,"Siri, Jose",R,69,0.05660377358490566,0.16981132075471697,0.7681159420289855,0.027347826086956517,0.029605014019403426,0.227
664141,R,5,99,6,21,90.21481481481482,"Caballero, José",R,130,0.06060606060606061,0.21212121212121213,0.7615384615384615,0.02944615384615384,0.029977429084880044,0.355
664192,R,1,7,2,0,100.19999999999999,"Altuve, Jose",R,13,0.2857142857142857,0.0,0.5384615384615384,0.08846153846153844,0.03244793718258327,0.037
664199,R,3,93,11,14,92.40444444444444,"Smith, Will",R,124,0.11827956989247312,0.15053763440860216,0.75,0.05304032258064516,0.03802667942825019,0.341
664208,R,2,47,3,6,94.14347826086957,"Young, Jacob",R,77,0.06382978723404255,0.1276595744680851,0.6103896103896104,0.023805194805194805,0.028931179029764133,0.207
664238,R,0,3,0,0,,"House, Brady",R,5,0.0,0.0,0.6,0.0,0.02977340701591422,0.016
664285,R,12,423,24,54,94.58235294117647,"France, Ty",R,581,0.05673758865248227,0.1276595744680851,0.7280550774526678,0.02542512908777969,0.026871248902227383,0.701
664299,R,7,85,11,20,95.04067796610168,"Trout, Mike",R,136,0.12941176470588237,0.23529411764705882,0.625,0.049154411764705884,0.03632701314683888,0.321
664353,R,4,59,5,10,93.82608695652173,"Bichette, Bo",R,77,0.0847457627118644,0.1694915254237288,0.7662337662337663,0.039675324675324676,0.03259153824165882,0.247
664702,R,0,12,0,1,88.46666666666665,"Dean, Justin",R,13,0.0,0.08333333333333333,0.9230769230769231,0.0013846153846153845,0.028464317023581702,0.062
664731,R,0,1,0,0,,"O'Hoppe, Logan",R,1,0.0,0.0,1.0,0.0,0.030102394938742002,0.006
664744,R,0,3,0,1,96.15,"Whitcomb, Shay",R,3,0.0,0.3333333333333333,1.0,0.005999999999999999,0.029871767671651926,0.016
664774,R,1,5,1,1,98.63333333333333,"Grissom, Vaughn",R,5,0.2,0.2,1.0,0.1186,0.032656937750877316,0.027
664849,R,1,16,1,1,96.11428571428571,"Taylor, Tyrone",R,34,0.0625,0.0625,0.47058823529411764,0.017441176470588234,0.02922240973184548,0.082
664854,R,1,13,0,2,94.43333333333334,"Keaschall, Luke",R,21,0.0,0.15384615384615385,0.6190476190476191,0.0017142857142857142,0.02834621346216589,0.067
664875,R,5,58,5,8,90.62758620689655,"Alvarez, Francisco",R,100,0.08620689655172414,0.13793103448275862,0.58,0.030189999999999998,0.0302502247223206,0.244
664954,R,1,18,3,3,97.03999999999999,"Haggerty, Sam",R,19,0.16666666666666666,0.16666666666666666,0.9473684210526315,0.09363157894736841,0.036029807600833,0.091
664991,R,2,66,5,9,92.46,"Martin, Austin",R,109,0.07575757575757576,0.13636363636363635,0.6055045871559633,0.027862385321100917,0.029623784207743753,0.268
665152,R,8,96,11,20,95.32545454545453,"Arenado, Nolan",R,149,0.11458333333333333,0.20833333333333334,0.6442953020134228,0.04486577181208053,0.03534654919518852,0.348
665622,R,4,102,8,16,93.60600000000001,"Clement, Ernie",R,172,0.0784313725490196,0.1568627450980392,0.5930232558139535,0.028418604651162787,0.029600110490535132,0.362
665645,R,0,5,0,1,108.25,"Vaughn, Andrew",R,12,0.0,0.2,0.4166666666666667,0.0015,0.02949207288601245,0.027
665660,R,4,72,6,13,95.04047619047618,"Kirk, Alejandro",R,119,0.08333333333333333,0.18055555555555555,0.6050420168067226,0.03095798319327731,0.030466302673921704,0.286
665665,R,3,43,5,2,98.61428571428571,"Young, Jacob",R,51,0.11627906976744186,0.046511627906976744,0.8431372549019608,0.05707843137254902,0.03543904050642112,0.193
665795,R,7,85,10,14,93.60434782608696,"Neto, Zach",R,141,0.11764705882352941,0.16470588235294117,0.6028368794326241,0.042567375886524816,0.03421419031798835,0.321
665871,R,3,143,3,13,92.75185185185185,"Díaz, Yandy",R,182,0.02097902097902098,0.09090909090909091,0.7857142857142857,0.010763736263736263,0.021633894023611724,0.443
666126,R,1,23,2,3,87.72,"Chapman, Matt",R,32,0.08695652173913043,0.13043478260869565,0.71875,0.037625,0.031102997457696072,0.113
666129,R,0,24,2,3,88.47,"Bell, Josh",R,40,0.08333333333333333,0.125,0.6,0.0301,0.03024967394074658,0.118
666142,R,6,55,9,8,93.4939393939394,"Albies, Ozzie",R,101,0.16363636363636364,0.14545454545454545,0.5445544554455446,0.05266336633663366,0.0355107175847964,0.234
666157,R,16,258,26,31,93.50469798657718,"Paredes, Isaac",R,372,0.10077519379844961,0.12015503875968993,0.6935483870967742,0.04168817204301075,0.03699562071006639,0.589
666171,R,2,88,3,10,91.590625,"Paredes, Isaac",R,166,0.03409090909090909,0.11363636363636363,0.5301204819277109,0.011475903614457831,0.024098555977554444,0.328
666200,R,14,339,23,46,90.49107142857143,"Jung, Josh",R,555,0.06784660766961652,0.13569321533923304,0.6108108108108108,0.025320720720720717,0.027037105603538777,0.653
666201,R,1,7,1,2,97.36666666666667,"Clement, Ernie",R,13,0.14285714285714285,0.2857142857142857,0.5384615384615384,0.04699999999999999,0.030895900983488246,0.037
666277,R,7,85,11,15,94.41818181818181,"DeLuca, Jonny",R,131,0.12941176470588237,0.17647058823529413,0.648854961832061,0.050343511450381684,0.03670842247998017,0.321
666374,R,0,19,1,4,99.57000000000001,"Rosario, Amed",R,32,0.05263157894736842,0.21052631578947367,0.59375,0.020218749999999997,0.029309998662875893,0.095
666619,R,0,12,0,3,96.41666666666667,"Fortes, Nick",R,13,0.0,0.25,0.9230769230769231,0.004153846153846154,0.028637393946658627,0.062
666661,R,2,77,4,7,92.071875,"Smith, Will",R,123,0.05194805194805195,0.09090909090909091,0.6260162601626016,0.019723577235772356,0.02710991801971507,0.3
666711,R,0,19,0,1,84.44285714285715,"Machado, Manny",R,28,0.0,0.05263157894736842,0.6785714285714286,0.0006428571428571428,0.027440943565962755,0.095
666745,R,1,15,1,3,91.07142857142857,"Tawa, Tim",R,21,0.06666666666666667,0.2,0.7142857142857143,0.02995238095238095,0.03024522665742573,0.077
666808,R,3,79,5,9,93.41379310344827,"Schmitt, Casey",R,133,0.06329113924050633,0.11392405063291139,0.5939849624060151,0.022834586466165412,0.02800179851250722,0.305
666974,R,0,77,2,5,95.76842105263158,"Buxton, Byron",R,122,0.025974025974025976,0.06493506493506493,0.6311475409836066,0.010163934426229508,0.02424574488222558,0.3
667297,R,3,92,6,9,91.75952380952381,"Langeliers, Shea",R,137,0.06521739130434782,0.09782608695652174,0.6715328467153284,0.026364963503649634,0.028948934287676725,0.338
667463,R,3,60,6,8,96.12068965517241,"Doyle, Brenton",R,87,0.1,0.13333333333333333,0.6896551724137931,0.04131034482758621,0.03302980905653115,0.25
667652,R,2,13,2,1,96.43333333333334,"Crews, Dylan",R,24,0.15384615384615385,0.07692307692307693,0.5416666666666666,0.04866666666666667,0.03150880907035735,0.067
667755,R,5,195,15,35,92.62826086956521,"Smith, Cam",R,313,0.07692307692307693,0.1794871794871795,0.6230031948881789,0.029568690095846648,0.029905141473606397,0.52
668390,R,5,85,7,19,93.244,"García, Adolis",R,121,0.08235294117647059,0.2235294117647059,0.7024793388429752,0.03609090909090908,0.032136833043922924,0.321
668670,R,0,3,0,0,,"Matos, Luis",R,7,0.0,0.0,0.42857142857142855,0.0,0.02977340701591422,0.016
668674,R,1,65,0,6,86.83181818181818,"Riley, Austin",R,98,0.0,0.09230769230769231,0.6632653061224489,0.0011020408163265306,0.022531290354993985,0.265
668678,R,10,166,17,26,94.03736263736263,"Rojas, Miguel",R,220,0.10240963855421686,0.1566265060240964,0.7545454545454545,0.046559090909090904,0.0380848051295416,0.48
668716,R,0,6,0,0,97.3,"Suárez, Eugenio",R,11,0.0,0.0,0.5454545454545454,0.0,0.02929319077372206,0.032
668820,R,3,34,3,7,94.01875,"Wilson, Jacob",R,44,0.08823529411764706,0.20588235294117646,0.7727272727272727,0.04206818181818182,0.03214416666229198,0.159
668831,R,0,9,0,2,89.06,"Marte, Noelvi",R,27,0.0,0.2222222222222222,0.3333333333333333,0.001333333333333333,0.028891711555091546,0.048
668834,R,1,18,1,6,89.38181818181819,"Mead, Curtis",R,26,0.05555555555555555,0.3333333333333333,0.6923076923076923,0.026269230769230767,0.02990595776645685,0.091
668873,R,5,47,6,7,96.02857142857142,"Judge, Aaron",R,89,0.1276595744680851,0.14893617021276595,0.5280898876404494,0.04017977528089887,0.03232151067010815,0.207
668881,R,2,35,2,5,92.19583333333333,"Alexander, Blaze",R,47,0.05714285714285714,0.14285714285714285,0.7446808510638298,0.026382978723404255,0.02963691971735559,0.163
668909,R,14,182,21,15,95.84642857142858,"Rodríguez, Julio",R,302,0.11538461538461539,0.08241758241758242,0.6026490066225165,0.040877483443708604,0.03560286041620792,0.503
668933,R,0,38,3,3,93.3375,"Durbin, Caleb",R,71,0.07894736842105263,0.07894736842105263,0.5352112676056338,0.02505633802816901,0.029360891417351948,0.174
668941,R,3,98,6,16,94.3125,"Díaz, Yandy",R,144,0.061224489795918366,0.16326530612244897,0.6805555555555556,0.02595833333333333,0.028749820685535856,0.353
668942,R,0,3,0,0,84.56666666666666,"Bregman, Alex",R,3,0.0,0.0,1.0,0.0,0.02977340701591422,0.016
668964,R,3,83,2,20,93.98333333333333,"Ozuna, Marcell",R,106,0.024096385542168676,0.24096385542168675,0.7830188679245284,0.014245283018867922,0.025212517013225633,0.316
668970,R,2,24,3,2,88.71875,"Dunn, Blake",R,40,0.125,0.08333333333333333,0.6,0.044024999999999995,0.031887909234864224,0.118
668984,R,4,129,8,21,88.759375,"Arias, Gabriel",R,171,0.06201550387596899,0.16279069767441862,0.7543859649122807,0.02911111111111111,0.02978597675484024,0.417
669020,R,6,92,9,10,92.82352941176471,"Sosa, Edmundo",R,134,0.09782608695652174,0.10869565217391304,0.6865671641791045,0.03996268656716418,0.03354816414739488,0.338
669022,R,17,365,31,58,92.83235294117647,"Bohm, Alec",R,560,0.08493150684931507,0.1589041095890411,0.6517857142857143,0.033694642857142854,0.03256344610416412,0.67
669060,R,3,58,2,7,92.27857142857144,"Short, Zack",R,80,0.034482758620689655,0.1206896551724138,0.725,0.01595,0.026779972621480262,0.244
669062,R,2,58,4,9,90.48620689655172,"Goldschmidt, Paul",R,132,0.06896551724137931,0.15517241379310345,0.4393939393939394,0.018651515151515148,0.027438325053362106,0.244
669084,R,4,88,6,12,93.23023255813953,"Hays, Austin",R,142,0.06818181818181818,0.13636363636363635,0.6197183098591549,0.025816901408450697,0.02880754032782076,0.328
669093,R,1,31,3,5,92.85,"Torkelson, Spencer",R,59,0.0967741935483871,0.16129032258064516,0.5254237288135594,0.03076271186440678,0.030342073704781578,0.147
669145,R,0,6,0,1,100.6,"Contreras, William",R,8,0.0,0.16666666666666666,0.75,0.00225,0.02936577141888335,0.032
669160,R,5,176,18,20,93.71494252873563,"Caminero, Junior",R,251,0.10227272727272728,0.11363636363636363,0.701195219123506,0.04266932270916335,0.03639981539529509,0.494
669165,R,2,65,4,10,94.4125,"Semien, Marcus",R,114,0.06153846153846154,0.15384615384615385,0.5701754385964912,0.02175438596491228,0.028010483965843266,0.265
669169,R,1,10,1,5,96.7,"Mayo, Coby",R,11,0.1,0.5,0.9090909090909091,0.06045454545454544,0.03185831020240925,0.053
669194,R,8,127,13,13,93.9,"Pages, Andy",R,179,0.10236220472440945,0.10236220472440945,0.7094972067039106,0.04306703910614525,0.03556367247684934,0.414
669199,R,7,102,7,12,91.37916666666666,"Sosa, Lenyn",R,154,0.06862745098039216,0.11764705882352941,0.6623376623376623,0.027538961038961036,0.029281941524419607,0.362
669203,R,3,16,4,3,94.95454545454545,"Perez, Salvador",R,20,0.25,0.1875,0.8,0.11769999999999999,0.03740680348934848,0.082
669211,R,1,47,3,9,91.33333333333333,"Monasterio, Andruw",R,65,0.06382978723404255,0.19148936170212766,0.7230769230769231,0.029030769230769228,0.030013126157526236,0.207
669212,R,1,31,1,4,93.97692307692309,"Ortiz, Joey",R,44,0.03225806451612903,0.12903225806451613,0.7045454545454546,0.014704545454545455,0.02798281702845124,0.147
669270,R,2,76,4,8,93.3851851851852,"Rosario, Amed",R,105,0.05263157894736842,0.10526315789473684,0.7238095238095238,0.02327619047619047,0.02819345296915148,0.297
669276,R,3,103,7,28,92.35873015873017,"Collins, Isaac",R,160,0.06796116504854369,0.27184466019417475,0.64375,0.028306249999999998,0.029555043229372094,0.364
669298,R,1,11,2,1,90.5125,"Madrigal, Nick",R,14,0.18181818181818182,0.09090909090909091,0.7857142857142857,0.08342857142857142,0.03333114015511303,0.058
669302,R,15,236,29,33,93.1032258064516,"Arias, Gabriel",R,341,0.1228813559322034,0.13983050847457626,0.6920821114369502,0.05064222873900294,0.041827162178646626,0.567
669310,R,2,21,4,4,93.925,"Grichuk, Randal",R,25,0.19047619047619047,0.19047619047619047,0.84,0.09487999999999999,0.03701996758165325,0.104
669330,R,4,84,7,23,94.14399999999999,"Jeffers, Ryan",R,125,0.08333333333333333,0.27380952380952384,0.672,0.035512,0.03193765713603145,0.318
669358,R,4,228,11,27,93.37027027027027,"Keaschall, Luke",R,308,0.04824561403508772,0.11842105263157894,0.7402597402597403,0.022113636363636363,0.025711869055934786,0.559
669371,R,2,25,2,4,89.55714285714285,"Hoerner, Nico",R,40,0.08,0.16,0.625,0.03055,0.03030382187274294,0.122
669372,R,6,165,10,18,91.63717948717948,"Okamoto, Kazuma",R,239,0.06060606060606061,0.10909090909090909,0.6903765690376569,0.025414225941422588,0.027947480476078347,0.478
669373,R,10,311,22,36,91.45096774193549,"Machado, Manny",R,476,0.0707395498392283,0.1157556270096463,0.6533613445378151,0.027936974789915962,0.028792123510338424,0.633
669387,R,2,153,7,18,93.35223880597016,"Torrens, Luis",R,212,0.0457516339869281,0.11764705882352941,0.7216981132075472,0.020514150943396224,0.025787383117873645,0.459
669432,R,18,379,30,54,92.59949494949495,"Lee, Brooks",R,526,0.079155672823219,0.1424802110817942,0.720532319391635,0.03464258555133079,0.03323447836827669,0.678
669438,R,6,71,12,14,93.77380952380952,"Pagés, Pedro",R,101,0.16901408450704225,0.19718309859154928,0.7029702970297029,0.0708118811881188,0.041737757164417286,0.283
669456,R,4,81,9,10,95.77692307692308,"Altuve, Jose",R,109,0.1111111111111111,0.12345679012345678,0.7431192660550459,0.049128440366972476,0.03612236457332212,0.31
669461,R,20,344,32,70,94.56871794871796,"DeLuca, Jonny",R,506,0.09302325581395349,0.20348837209302326,0.6798418972332015,0.03885375494071146,0.0359050098922081,0.656
669467,R,5,216,8,29,88.78085106382979,"Bichette, Bo",R,293,0.037037037037037035,0.13425925925925927,0.7372013651877133,0.017481228668941976,0.023294138576777194,0.545
669620,R,4,103,7,14,91.8377358490566,"Refsnyder, Rob",R,128,0.06796116504854369,0.13592233009708737,0.8046875,0.033414062499999994,0.03141407039368305,0.364
669622,R,1,53,5,5,89.00333333333333,"Goodman, Hunter",R,81,0.09433962264150944,0.09433962264150944,0.654320987654321,0.036604938271604937,0.03171070906569684,0.227
669684,R,1,46,5,4,90.71333333333334,"Perkins, Blake",R,74,0.10869565217391304,0.08695652173913043,0.6216216216216216,0.03982432432432432,0.03221439116297001,0.204
669704,R,0,2,0,0,74.3,"Mead, Curtis",R,4,0.0,0.0,0.5,0.0,0.029936997164353312,0.011
669711,R,5,107,6,16,89.2109090909091,"Myers, Dane",R,162,0.056074766355140186,0.14953271028037382,0.6604938271604939,0.023074074074074077,0.02758696658480219,0.373
669713,R,1,74,1,10,92.74857142857142,"Guzman, Denzer",R,106,0.013513513513513514,0.13513513513513514,0.6981132075471698,0.007122641509433962,0.02352601951027723,0.291
669724,R,3,56,4,5,90.26,"Hayes, Ke'Bryan",R,71,0.07142857142857142,0.08928571428571429,0.7887323943661971,0.033661971830985904,0.03107459282393014,0.237
669854,R,4,40,4,7,92.87,"Sanoja, Javier",R,55,0.1,0.175,0.7272727272727273,0.04410909090909091,0.03278589600125427,0.182
669920,R,2,22,3,3,87.5,"Alexander, Blaze",R,33,0.13636363636363635,0.13636363636363635,0.6666666666666666,0.053909090909090907,0.032844225167882685,0.109
669923,R,9,257,20,25,94.00825688073394,"Arias, Gabriel",R,355,0.07782101167315175,0.09727626459143969,0.723943661971831,0.03366197183098592,0.032264668751660605,0.588
669947,R,4,72,6,10,90.47941176470589,"Hoerner, Nico",R,103,0.08333333333333333,0.1388888888888889,0.6990291262135923,0.03524271844660194,0.031690512746300165,0.286
670032,R,0,4,0,0,96.15,"Dezenzo, Zach",R,5,0.0,0.0,0.8,0.0,0.029611595021262514,0.022
670036,R,5,104,9,15,93.58545454545454,"Arozarena, Randy",R,156,0.08653846153846154,0.14423076923076922,0.6666666666666666,0.034903846153846146,0.031966667196874306,0.366
670059,R,0,69,5,11,91.9962962962963,"Arozarena, Randy",R,107,0.07246376811594203,0.15942028985507245,0.6448598130841121,0.028719626168224297,0.02984011120289068,0.277
670062,R,7,53,4,15,90.06969696969698,"Vaughn, Andrew",R,85,0.07547169811320754,0.2830188679245283,0.6235294117647059,0.030235294117647058,0.03026182005213561,0.227
670090,R,0,11,0,2,93.54285714285713,"Dubón, Mauricio",R,22,0.0,0.18181818181818182,0.5,0.0016363636363636363,0.028620594156608913,0.058
670097,R,0,1,0,0,,"Bohm, Alec",R,1,0.0,0.0,1.0,0.0,0.030102394938742002,0.006
670103,R,2,38,3,7,95.0375,"Williams, Alika",R,53,0.07894736842105263,0.18421052631578946,0.7169811320754716,0.03492452830188678,0.031081034676073396,0.174
670167,R,2,90,4,10,92.26111111111112,"Acuña Jr., Ronald",R,128,0.044444444444444446,0.1111111111111111,0.703125,0.019374999999999996,0.02663808697745297,0.333
670183,R,1,19,1,6,96.40666666666667,"Torkelson, Spencer",R,28,0.05263157894736842,0.3157894736842105,0.6785714285714286,0.024392857142857143,0.02970853150566125,0.095
670245,R,7,113,12,17,90.16181818181818,"Stewart, Sal",R,155,0.10619469026548672,0.1504424778761062,0.7290322580645161,0.04649032258064515,0.03652539227141709,0.386
670280,R,2,82,6,14,92.95625,"Chapman, Matt",R,127,0.07317073170731707,0.17073170731707318,0.6456692913385826,0.029149606299212597,0.029919088551327237,0.313
670329,R,5,77,5,12,95.24516129032257,"Langford, Wyatt",R,108,0.06493506493506493,0.15584415584415584,0.7129629629629629,0.028620370370370362,0.02977549417288257,0.3
670871,R,0,1,0,0,81.4,"Riley, Austin",R,1,0.0,0.0,1.0,0.0,0.030102394938742002,0.006
670912,R,2,11,3,1,99.16666666666667,"Altuve, Jose",R,17,0.2727272727272727,0.09090909090909091,0.6470588235294118,0.10252941176470587,0.034431188551434906,0.058
670950,R,6,130,8,22,93.00714285714285,"Adames, Willy",R,188,0.06153846153846154,0.16923076923076924,0.6914893617021277,0.02657446808510638,0.02872004624185849,0.419
670970,R,3,123,5,14,93.42807017543859,"Vierling, Matt",R,215,0.04065040650406504,0.11382113821138211,0.5720930232558139,0.014544186046511625,0.023886034216611327,0.406
670990,R,1,105,3,14,89.09302325581395,"Alvarez, Francisco",R,181,0.02857142857142857,0.13333333333333333,0.580110497237569,0.010922651933701656,0.023141796270003425,0.368
671083,R,0,3,0,0,95.45,"Perkins, Blake",R,4,0.0,0.0,0.75,0.0,0.02977340701591422,0.016
671096,R,17,379,29,47,92.72291666666666,"Durbin, Caleb",R,535,0.07651715039577836,0.12401055408970976,0.708411214953271,0.03274953271028037,0.03195099531504215,0.678
671106,R,1,38,4,5,98.42142857142858,"Crews, Dylan",R,52,0.10526315789473684,0.13157894736842105,0.7307692307692307,0.04596153846153845,0.033004917180966806,0.174
671109,R,0,7,2,0,95.65714285714286,"Goodman, Hunter",R,8,0.2857142857142857,0.0,0.875,0.14375,0.03451755873749894,0.037
671111,R,2,40,3,10,91.8625,"Burger, Jake",R,59,0.075,0.25,0.6779661016949152,0.032288135593220336,0.03063663139836871,0.182
671131,R,0,3,0,0,,"Griffin, Konnor",R,5,0.0,0.0,0.6,0.0,0.02977340701591422,0.016
671162,R,3,51,4,3,93.7925925925926,"Brannigan, Jack",R,70,0.0784313725490196,0.058823529411764705,0.7285714285714285,0.033628571428571424,0.031011214834499763,0.221
671212,R,1,28,1,4,91.03,"Herrera, Iván",R,38,0.03571428571428571,0.14285714285714285,0.7368421052631579,0.01702631578947368,0.028486876567392145,0.135
671345,R,1,46,1,8,93.07368421052632,"Robles, Victor",R,57,0.021739130434782608,0.17391304347826086,0.8070175438596491,0.012614035087719298,0.026676013707731813,0.204
671382,R,1,15,1,2,90.5,"Díaz, Elias",R,22,0.06666666666666667,0.13333333333333333,0.6818181818181818,0.02777272727272727,0.030077560989760062,0.077
671737,R,6,200,8,36,94.20952380952382,"Ward, Taylor",R,308,0.04,0.18,0.6493506493506493,0.017038961038961038,0.02330612024132766,0.526
671922,R,2,67,6,9,94.49428571428572,"Arozarena, Randy",R,125,0.08955223880597014,0.13432835820895522,0.536,0.028895999999999995,0.029897026250657092,0.271
671936,R,4,49,3,8,91.5851851851852,"Goldschmidt, Paul",R,69,0.061224489795918366,0.16326530612244897,0.7101449275362319,0.02708695652173913,0.0295886216309062,0.214
672021,R,0,5,0,1,83.9,"Hedges, Austin",R,9,0.0,0.2,0.5555555555555556,0.002,0.02950558639952596,0.027
672282,R,15,333,25,53,92.29431818181818,"Paredes, Isaac",R,533,0.07507507507507508,0.15915915915915915,0.624765478424015,0.028759849906191366,0.029289597471099466,0.649
672335,R,3,71,9,8,95.77586206896552,"Happ, Ian",R,105,0.1267605633802817,0.11267605633802817,0.6761904761904762,0.05065714285714285,0.03603661604290616,0.283
672442,R,1,22,0,3,85.175,"Straw, Myles",R,37,0.0,0.13636363636363635,0.5945945945945946,0.0014594594594594592,0.027131889069407975,0.109
672456,R,5,191,10,32,92.45974025974026,"Pagés, Pedro",R,263,0.05235602094240838,0.16753926701570682,0.7262357414448669,0.024053231939163495,0.027069274351192805,0.515
672578,R,0,7,1,0,96.22,"Straw, Myles",R,8,0.14285714285714285,0.0,0.875,0.071875,0.03182705071610857,0.037
672582,R,2,25,3,3,97.7909090909091,"Hays, Austin",R,34,0.12,0.12,0.7352941176470589,0.0523235294117647,0.03295913033759229,0.122
672629,R,0,13,1,4,87.41428571428571,"Wilson, Jacob",R,25,0.07692307692307693,0.3076923076923077,0.52,0.025880000000000004,0.029973955875193276,0.067
672782,R,1,90,7,15,90.3843137254902,"Winn, Masyn",R,142,0.07777777777777778,0.16666666666666666,0.6338028169014085,0.03024647887323944,0.030261913268532788,0.333
672841,R,0,30,2,6,90.08333333333333,"Suzuki, Seiya",R,48,0.06666666666666667,0.2,0.625,0.02620833333333333,0.029689445161487155,0.143
673380,R,2,25,2,4,93.95714285714287,"Gonzales, Nick",R,37,0.08,0.16,0.6756756756756757,0.03302702702702703,0.03060589833945355,0.122
673513,R,5,72,5,12,92.51081081081081,"Winn, Masyn",R,125,0.06944444444444445,0.16666666666666666,0.576,0.024727999999999997,0.02868630747584247,0.286
673540,R,7,72,14,12,94.61020408163265,"Walker, Jordan",R,134,0.19444444444444445,0.16666666666666666,0.5373134328358209,0.0616865671641791,0.03924589809417936,0.286
673929,R,3,27,8,5,95.88888888888889,"Lockridge, Brandon",R,43,0.2962962962962963,0.18518518518518517,0.627906976744186,0.10906976744186045,0.04054790920213785,0.13
674003,R,4,99,11,18,93.17,"Leonard, Eddys",R,124,0.1111111111111111,0.18181818181818182,0.7983870967741935,0.05362096774193548,0.03855558885435095,0.355
674073,R,0,18,1,3,94.73333333333333,"Valdez, Esmerlyn",R,25,0.05555555555555555,0.16666666666666666,0.72,0.02516,0.02980511860561769,0.091
674370,R,1,31,2,6,92.03999999999999,"Tolbert, Tyler",R,43,0.06451612903225806,0.1935483870967742,0.7209302325581395,0.029255813953488367,0.030120681120713,0.147
674444,R,4,66,6,6,92.68125,"Lewis, Royce",R,99,0.09090909090909091,0.09090909090909091,0.6666666666666666,0.03593939393939394,0.03179078651996871,0.268
674841,R,4,217,13,25,93.153125,"Adames, Willy",R,348,0.059907834101382486,0.1152073732718894,0.6235632183908046,0.022772988505747122,0.026171969747252968,0.547
675512,R,2,135,6,17,94.1,"Alonso, Pete",R,191,0.044444444444444446,0.1259259259259259,0.7068062827225131,0.019664921465968585,0.025724755180374793,0.429
675540,R,5,28,5,4,97.70588235294117,"Witt Jr., Bobby",R,42,0.17857142857142858,0.14285714285714285,0.6666666666666666,0.07016666666666665,0.03564038533932197,0.135
675627,R,1,11,1,2,93.95,"Groover, LuJames",R,14,0.09090909090909091,0.18181818181818182,0.7857142857142857,0.04364285714285714,0.03103981629572634,0.058
675660,R,14,234,22,28,92.7496,"Durbin, Caleb",R,359,0.09401709401709402,0.11965811965811966,0.6518105849582173,0.03664066852367688,0.03387065197693887,0.565
675848,R,0,106,0,13,89.36200000000001,"Hernández, Heriberto",R,158,0.0,0.12264150943396226,0.6708860759493671,0.001481012658227848,0.019599723166728863,0.371
675911,R,3,34,1,6,92.04761904761905,"Tovar, Ezequiel",R,58,0.029411764705882353,0.17647058823529413,0.5862068965517241,0.011775862068965515,0.027331368197463225,0.159
675916,R,0,15,0,1,90.36666666666666,"Hill, Derek",R,23,0.0,0.06666666666666667,0.6521739130434783,0.0007826086956521738,0.028001398022292744,0.077
675919,R,0,7,0,1,89.425,"Ramos, Heliot",R,10,0.0,0.14285714285714285,0.7,0.0017999999999999997,0.02920392237386258,0.037
675920,R,0,9,0,1,80.2,"Vargas, Ildemaro",R,10,0.0,0.1111111111111111,0.9,0.0017999999999999997,0.028913933777313768,0.048
675989,R,3,24,4,6,92.18666666666667,"Monasterio, Andruw",R,43,0.16666666666666666,0.25,0.5581395348837209,0.055999999999999994,0.03329673276427599,0.118
676051,R,0,17,1,0,97.30000000000001,"Myers, Dane",R,20,0.058823529411764705,0.0,0.85,0.028749999999999998,0.030138494842194427,0.086
676083,R,9,155,12,21,92.59565217391305,"Meidroth, Chase",R,200,0.07741935483870968,0.13548387096774195,0.775,0.03639,0.03310144323555911,0.463
676105,R,1,8,1,1,92.35,"Bregman, Alex",R,11,0.125,0.125,0.7272727272727273,0.053909090909090907,0.03127556495311186,0.043
676106,R,8,177,14,27,92.20561797752808,"Arias, Gabriel",R,244,0.07909604519774012,0.15254237288135594,0.7254098360655737,0.03498360655737705,0.032606811889546325,0.496
676130,R,2,6,1,2,93.26,"Caballero, José",R,10,0.16666666666666666,0.3333333333333333,0.6,0.061099999999999995,0.031264158515657545,0.032
676254,R,3,77,4,6,89.04,"Stanton, Giancarlo",R,98,0.05194805194805195,0.07792207792207792,0.7857142857142857,0.02457142857142857,0.028562387096935028,0.3
676263,R,4,77,6,9,93.98684210526316,"Perdomo, Geraldo",R,146,0.07792207792207792,0.11688311688311688,0.5273972602739726,0.024739726027397255,0.028612810848334204,0.3
676272,R,1,10,1,1,95.08,"Young, Jacob",R,18,0.1,0.1,0.5555555555555556,0.03294444444444444,0.030410410149246038,0.053
676282,R,14,307,23,45,92.44857142857143,"Rivas, Leo",R,516,0.0749185667752443,0.1465798045602606,0.5949612403100775,0.027199612403100773,0.02833432133811959,0.63
676395,R,1,30,2,7,89.32857142857142,"Turner, Trea",R,42,0.06666666666666667,0.23333333333333334,0.7142857142857143,0.03038095238095238,0.030285533596861303,0.143
676428,R,1,54,1,9,92.62727272727273,"Castellanos, Nick",R,74,0.018518518518518517,0.16666666666666666,0.7297297297297297,0.009959459459459457,0.025582667926167146,0.231
676440,R,7,243,15,31,92.00322580645161,"Arozarena, Randy",R,322,0.06172839506172839,0.12757201646090535,0.7546583850931677,0.028518633540372672,0.029263738615184068,0.574
676454,R,0,9,0,2,90.56,"Peck, John",R,17,0.0,0.2222222222222222,0.5294117647058824,0.0021176470588235292,0.028929059827733937,0.048
676467,R,4,22,1,3,93.80714285714285,"Freeman, Tyler",R,34,0.045454545454545456,0.13636363636363635,0.6470588235294118,0.0185,0.02898778952431833,0.109
676477,R,2,58,1,8,91.736,"Suárez, Eugenio",R,87,0.017241379310344827,0.13793103448275862,0.6666666666666666,0.008264367816091953,0.02490700343380519,0.244
676508,R,0,7,1,1,85.33333333333333,"Arenado, Nolan",R,12,0.14285714285714285,0.14285714285714285,0.5833333333333334,0.049416666666666664,0.030986364441598763,0.037
676510,R,0,32,0,5,92.15333333333334,"Mateo, Jorge",R,38,0.0,0.15625,0.8421052631578947,0.0023684210526315787,0.026058127158474116,0.151
676534,R,0,66,2,3,87.90370370370371,"Tovar, Ezequiel",R,123,0.030303030303030304,0.045454545454545456,0.5365853658536586,0.00978861788617886,0.024774724652032953,0.268
676568,R,1,19,2,4,92.12,"Story, Trevor",R,25,0.10526315789473684,0.21052631578947367,0.76,0.04887999999999999,0.0320464999191573,0.095
676571,R,2,59,8,9,95.5741935483871,"Happ, Ian",R,82,0.13559322033898305,0.15254237288135594,0.7195121951219512,0.05807317073170731,0.037133265929217715,0.247
676596,R,0,5,0,0,,"Freeland, Alex",R,6,0.0,0.0,0.8333333333333334,0.0,0.029451532345471907,0.027
676604,R,5,60,5,8,93.7896551724138,"Fortes, Nick",R,95,0.08333333333333333,0.13333333333333333,0.631578947368421,0.031778947368421046,0.030646959691739854,0.25
676617,R,2,76,4,7,91.33076923076923,"Caminero, Junior",R,126,0.05263157894736842,0.09210526315789473,0.6031746031746031,0.019253968253968252,0.026999355746929257,0.297
676620,R,2,35,5,5,95.1,"Sanoja, Javier",R,45,0.14285714285714285,0.14285714285714285,0.7777777777777778,0.06588888888888889,0.036068114395457734,0.163
676661,R,1,20,1,2,95.2,"Sanoja, Javier",R,25,0.05,0.1,0.8,0.02444,0.02968666741956151,0.1
676664,R,4,70,7,11,92.04523809523809,"Bart, Joey",R,96,0.1,0.15714285714285714,0.7291666666666666,0.04398958333333333,0.034111217268982544,0.28
676680,R,2,31,4,5,92.37619047619049,"Volpe, Anthony",R,43,0.12903225806451613,0.16129032258064516,0.7209302325581395,0.0555813953488372,0.03398842056742302,0.147
676684,R,2,42,3,3,89.18,"Fermin, Freddy",R,57,0.07142857142857142,0.07142857142857142,0.7368421052631579,0.031210526315789466,0.030447637789078646,0.189
676694,R,0,1,0,0,,"Vierling, Matt",R,1,0.0,0.0,1.0,0.0,0.030102394938742002,0.006
676702,R,0,3,0,1,106.7,"Goodman, Hunter",R,5,0.0,0.3333333333333333,0.6,0.0035999999999999995,0.029832423409356844,0.016
676742,R,0,26,1,12,90.10714285714286,"Díaz, Yandy",R,59,0.038461538461538464,0.46153846153846156,0.4406779661016949,0.01340677966101695,0.0281413094907706,0.126
676755,R,1,57,8,8,94.84285714285714,"Robert Jr., Luis",R,84,0.14035087719298245,0.14035087719298245,0.6785714285714286,0.05647619047619047,0.036572474012890974,0.241
676760,R,8,90,7,16,92.37727272727273,"Báez, Javier",R,126,0.07777777777777778,0.17777777777777778,0.7142857142857143,0.03423015873015873,0.03158980655417255,0.333
676775,R,1,72,2,12,90.89999999999999,"Judge, Aaron",R,104,0.027777777777777776,0.16666666666666666,0.6923076923076923,0.013134615384615383,0.025373911871446865,0.286
676879,R,6,142,9,13,95.35333333333332,"Hays, Austin",R,240,0.06338028169014084,0.09154929577464789,0.5916666666666667,0.0225375,0.026859808956249384,0.441
676910,R,1,6,1,2,98.275,"Loftin, Nick",R,8,0.16666666666666666,0.3333333333333333,0.75,0.076375,0.031756900451141414,0.032
676917,R,7,178,16,10,93.62105263157895,"Swanson, Dansby",R,287,0.0898876404494382,0.056179775280898875,0.6202090592334495,0.032682926829268294,0.03146953759643033,0.497
676962,R,2,87,7,13,91.7025,"House, Brady",R,122,0.08045977011494253,0.14942528735632185,0.7131147540983607,0.03490983606557377,0.031781607571600076,0.326
676974,R,7,138,14,9,92.4125,"Tovar, Ezequiel",R,200,0.10144927536231885,0.06521739130434782,0.69,0.04106,0.03495224366010158,0.434
676979,R,5,72,9,14,92.01914893617021,"Steer, Spencer",R,118,0.125,0.19444444444444445,0.6101694915254238,0.045991525423728814,0.0347616004540507,0.286
677020,R,1,41,1,11,87.992,"Goldschmidt, Paul",R,65,0.024390243902439025,0.2682926829268293,0.6307692307692307,0.011892307692307692,0.026860262892746234,0.186
677053,R,2,33,4,7,95.08947368421053,"Ritter, Ryan",R,51,0.12121212121212122,0.21212121212121213,0.6470588235294118,0.04756862745098039,0.03294975675959932,0.155
677161,R,0,34,2,7,88.65294117647058,"France, Ty",R,50,0.058823529411764705,0.20588235294117646,0.68,0.02552,0.02951501627996403,0.159
677588,R,0,2,0,0,,"Murphy, Sean",R,3,0.0,0.0,0.6666666666666666,0.0,0.029936997164353312,0.011
677865,R,2,113,8,15,93.64905660377357,"Caminero, Junior",R,158,0.07079646017699115,0.13274336283185842,0.7151898734177216,0.030822784810126583,0.03048296302886214,0.386
677944,R,10,173,17,26,94.55882352941177,"Arozarena, Randy",R,230,0.09826589595375723,0.15028901734104047,0.7521739130434782,0.04453478260869565,0.037260767351888525,0.49
677952,R,6,207,9,18,93.22,"Steer, Spencer",R,293,0.043478260869565216,0.08695652173913043,0.7064846416382252,0.0187679180887372,0.02411755175266383,0.535
677955,R,2,49,1,14,92.62857142857142,"Norby, Connor",R,80,0.02040816326530612,0.2857142857142857,0.6125,0.0103375,0.026004676785643242,0.214
677958,R,6,188,11,26,92.0068493150685,"Suárez, Eugenio",R,279,0.05851063829787234,0.13829787234042554,0.6738351254480287,0.024347670250896056,0.027244281225762938,0.511
677960,R,15,291,28,37,94.89153846153846,"Rivas, Leo",R,432,0.09621993127147767,0.12714776632302405,0.6736111111111112,0.038810185185185184,0.035546278923144776,0.618
677961,R,0,33,3,0,94.14999999999999,"Judge, Aaron",R,55,0.09090909090909091,0.0,0.6,0.03136363636363636,0.030439124337616443,0.155
677976,R,1,85,2,16,92.61315789473684,"Díaz, Yandy",R,120,0.023529411764705882,0.18823529411764706,0.7083333333333334,0.011983333333333335,0.024404214404700517,0.321
678020,R,4,60,5,7,93.10370370370372,"Laureano, Ramón",R,83,0.08333333333333333,0.11666666666666667,0.7228915662650602,0.036156626506024095,0.03174137947614061,0.25
678022,R,11,164,16,23,91.67029702970298,"Alvarez, Francisco",R,247,0.0975609756097561,0.1402439024390244,0.6639676113360324,0.03892307692307692,0.03439511075377011,0.477
678061,R,2,32,2,3,92.73636363636363,"Jeffers, Ryan",R,40,0.0625,0.09375,0.8,0.030100000000000002,0.03024402586751086,0.151
678368,R,3,22,3,1,97.29230769230769,"Kemp, Otto",R,32,0.13636363636363635,0.045454545454545456,0.6875,0.05446874999999999,0.03290517813817972,0.109
678391,R,1,13,3,1,95.66666666666667,"Bichette, Bo",R,14,0.23076923076923078,0.07692307692307693,0.9285714285714286,0.1245,0.03661675380265442,0.067
678394,R,2,150,7,24,94.70363636363636,"Smith, Cam",R,219,0.04666666666666667,0.16,0.684931506849315,0.02035159817351598,0.02576143396951424,0.455
678576,R,0,6,0,0,69.94999999999999,"Vaughn, Andrew",R,7,0.0,0.0,0.8571428571428571,0.0,0.02929319077372206,0.032
678606,R,7,104,10,12,90.62407407407407,"Martínez, Angel",R,152,0.09615384615384616,0.11538461538461539,0.6842105263157895,0.03925,0.03355821649264895,0.366
678868,R,1,15,1,2,92.86666666666667,"Valdez, Esmerlyn",R,21,0.06666666666666667,0.13333333333333333,0.7142857142857143,0.029095238095238094,0.03017929259149166,0.077
678906,R,2,91,7,6,91.18536585365854,"Trout, Mike",R,145,0.07692307692307693,0.06593406593406594,0.6275862068965518,0.02850344827586207,0.029676558217770297,0.336
679358,R,0,50,1,17,91.91111111111111,"Alonso, Pete",R,84,0.02,0.34,0.5952380952380952,0.010488095238095237,0.02596929672094376,0.217
679775,R,3,39,3,7,93.345,"Jung, Josh",R,57,0.07692307692307693,0.1794871794871795,0.6842105263157895,0.03247368421052632,0.030662133187775473,0.178
679883,R,4,73,5,10,93.11176470588236,"Lockridge, Brandon",R,123,0.0684931506849315,0.136986301369863,0.5934959349593496,0.024837398373983736,0.02870222753048662,0.289
679885,R,0,12,0,0,87.60000000000001,"Durbin, Caleb",R,28,0.0,0.0,0.42857142857142855,0.0,0.02837777856204324,0.062
679922,R,0,3,0,0,92.2,"Hernaiz, Darell",R,4,0.0,0.0,0.75,0.0,0.02977340701591422,0.016
680474,R,0,4,0,2,85.86666666666667,"Dunn, Blake",R,5,0.0,0.5,0.8,0.0072,0.029768116760392947,0.022
680570,R,6,125,12,18,93.67166666666667,"Pages, Andy",R,178,0.096,0.144,0.702247191011236,0.04058426966292135,0.03449694161238515,0.41
680573,R,5,108,11,15,91.40338983050847,"Witt Jr., Bobby",R,138,0.10185185185185185,0.1388888888888889,0.782608695652174,0.04778985507246376,0.03683971469353607,0.375
680604,R,1,35,3,3,95.81052631578947,"Waldschmidt, Ryan",R,56,0.08571428571428572,0.08571428571428572,0.625,0.03176785714285714,0.030513527832150243,0.163
680686,R,0,7,0,1,92.60000000000001,"Saggese, Thomas",R,7,0.0,0.14285714285714285,1.0,0.0025714285714285713,0.029232799379210174,0.037
680689,R,2,4,2,0,106.35,"Acuña Jr., Ronald",R,8,0.5,0.0,0.5,0.14375,0.03273659502126251,0.022
680694,R,8,174,18,12,93.41578947368421,"Lewis, Royce",R,261,0.10344827586206896,0.06896551724137931,0.6666666666666666,0.040482758620689646,0.035289642609921755,0.492
680702,R,1,8,1,3,94.25714285714285,"Rojas, Miguel",R,15,0.125,0.375,0.5333333333333333,0.041933333333333336,0.030765958247760475,0.043
680704,R,2,17,2,3,91.05,"Myers, Dane",R,23,0.11764705882352941,0.17647058823529413,0.7391304347826086,0.05234782608695652,0.03217485546898763,0.086
680723,R,0,36,5,7,96.264,"Stevens, Chad",R,46,0.1388888888888889,0.19444444444444445,0.782608695652174,0.0652391304347826,0.03609788046094665,0.167
680728,R,0,4,1,1,100.13333333333333,"Crews, Dylan",R,5,0.25,0.25,0.8,0.1186,0.032189855890827734,0.022
680730,R,5,76,6,10,94.19250000000001,"Bart, Joey",R,103,0.07894736842105263,0.13157894736842105,0.7378640776699029,0.03524271844660194,0.031746015960367385,0.297
680732,R,6,185,13,37,92.63396226415095,"Contreras, William",R,294,0.07027027027027027,0.2,0.6292517006802721,0.02769047619047619,0.02896238788808328,0.507
680736,R,14,315,28,38,91.83465909090908,"Ramírez, José",R,422,0.08888888888888889,0.12063492063492064,0.7464454976303317,0.039772511848341234,0.03631691861846422,0.636
680742,R,5,62,6,4,91.57307692307693,"Jung, Josh",R,106,0.0967741935483871,0.06451612903225806,0.5849056603773585,0.03322641509433962,0.03102715380066677,0.256
680744,R,4,58,6,7,90.59375,"Rafaela, Ceddanne",R,90,0.10344827586206896,0.1206896551724138,0.6444444444444445,0.039733333333333336,0.0325759109968304,0.244
680755,R,4,98,7,14,91.165625,"Hernaiz, Darell",R,149,0.07142857142857142,0.14285714285714285,0.6577181208053692,0.02870469798657718,0.029717963620852033,0.353
680767,R,0,82,2,12,92.11749999999999,"Sanoja, Javier",R,123,0.024390243902439025,0.14634146341463414,0.6666666666666666,0.011105691056910567,0.02427175629991973,0.313
680802,R,4,30,6,4,97.91666666666667,"Adell, Jo",R,51,0.2,0.13333333333333333,0.5882352941176471,0.06905882352941176,0.03581094376092693,0.143
680880,R,0,4,0,1,94.75,"Acuña Jr., Ronald",R,5,0.0,0.25,0.8,0.0036,0.029689855890827732,0.022
680899,R,1,28,2,4,92.00833333333333,"Ramírez, Agustín",R,41,0.07142857142857142,0.14285714285714285,0.6829268292682927,0.029804878048780487,0.03020706764076037,0.135
680916,R,2,31,2,6,90.8529411764706,"Keaschall, Luke",R,55,0.06451612903225806,0.1935483870967742,0.5636363636363636,0.02287272727272727,0.029182881655767053,0.147
680951,R,0,5,0,1,83.5,"Gelof, Zack",R,6,0.0,0.2,0.8333333333333334,0.003,0.029532613426552987,0.027
681006,R,2,11,2,3,100.31666666666666,"Vargas, Miguel",R,17,0.18181818181818182,0.2727272727272727,0.6470588235294118,0.0708235294117647,0.03260519532691997,0.058
681035,R,1,99,6,15,90.7578947368421,"Buxton, Byron",R,178,0.06060606060606061,0.15151515151515152,0.5561797752808989,0.02089887640449438,0.026944524186226688,0.355
681084,R,0,4,0,2,89.30000000000001,"Hernández, Heriberto",R,5,0.0,0.5,0.8,0.0072,0.029768116760392947,0.022
681151,R,2,20,4,6,94.90666666666667,"Arozarena, Randy",R,26,0.2,0.3,0.7692307692307693,0.09261538461538461,0.036504205881099976,0.1
681168,R,3,24,3,7,94.24117647058823,"Joe, Connor",R,30,0.125,0.2916666666666667,0.8,0.061700000000000005,0.03396732099957011,0.118
681190,R,7,192,21,27,93.15247524752475,"Torkelson, Spencer",R,243,0.109375,0.140625,0.7901234567901234,0.051691358024691346,0.04132600598025011,0.516
681217,R,4,81,11,9,91.56818181818181,"Smith, Cam",R,139,0.13580246913580246,0.1111111111111111,0.5827338129496403,0.046669064748201435,0.0353591100709449,0.31
681252,R,1,20,3,6,91.55384615384615,"Keaschall, Luke",R,25,0.15,0.3,0.8,0.07332,0.034574667419561514,0.1
681293,R,6,133,13,24,89.90416666666667,"Beck, Jordan",R,203,0.09774436090225563,0.18045112781954886,0.6551724137931034,0.03895073891625615,0.03395840817819287,0.425
681320,R,1,23,2,2,93.16363636363636,"Rocchio, Brayan",R,39,0.08695652173913043,0.08695652173913043,0.5897435897435898,0.03041025641025641,0.030285563454917244,0.113
681343,R,0,14,0,1,83.42,"Contreras, William",R,23,0.0,0.07142857142857142,0.6086956521739131,0.000782608695652174,0.028141701060058935,0.072
681347,R,7,129,7,20,89.96363636363637,"O'Hoppe, Logan",R,180,0.05426356589147287,0.15503875968992248,0.7166666666666667,0.024361111111111108,0.027802967046102377,0.417
681402,R,4,61,11,12,97.11621621621622,"Swanson, Dansby",R,82,0.18032786885245902,0.19672131147540983,0.7439024390243902,0.07976829268292683,0.04279833750029394,0.253
681432,R,0,2,0,0,,"Marchán, Rafael",R,3,0.0,0.0,0.6666666666666666,0.0,0.029936997164353312,0.011
681517,R,6,193,17,27,93.27551020408163,"Bichette, Bo",R,273,0.08808290155440414,0.13989637305699482,0.706959706959707,0.03758608058608058,0.03405535398666449,0.517
681520,R,0,0,0,0,,"Domínguez, Jasson",R,1,0.0,0.0,0.0,0.0,0.03026963046617946,0.0
681544,R,0,21,0,2,81.61666666666666,"Tawa, Tim",R,33,0.0,0.09523809523809523,0.6363636363636364,0.0010909090909090907,0.027221107337419868,0.104
681676,R,0,26,1,5,96.14615384615385,"Fry, David",R,41,0.038461538461538464,0.19230769230769232,0.6341463414634146,0.016219512195121952,0.02849631456789065,0.126
681751,R,1,22,1,3,93.84,"Sosa, Lenyn",R,30,0.045454545454545456,0.13636363636363635,0.7333333333333333,0.020966666666666665,0.029256436389004797,0.109
681799,R,2,46,2,8,94.27272727272727,"Hedges, Austin",R,63,0.043478260869565216,0.17391304347826086,0.7301587301587301,0.020539682539682535,0.02828919858733495,0.204
681806,R,1,10,1,4,94.98333333333333,"Adell, Jo",R,14,0.1,0.4,0.7142857142857143,0.04621428571428571,0.031108822847658736,0.053
681810,R,1,65,5,7,91.62857142857143,"Smith, Will",R,114,0.07692307692307693,0.1076923076923077,0.5701754385964912,0.026324561403508775,0.029222979490368867,0.265
681867,R,0,62,3,5,86.60454545454546,"Fry, David",R,87,0.04838709677419355,0.08064516129032258,0.7126436781609196,0.02086206896551724,0.027859428759398227,0.256
681870,R,2,53,5,12,93.8945945945946,"Rodríguez, Julio",R,129,0.09433962264150944,0.22641509433962265,0.4108527131782946,0.02396124031007752,0.02883467476543524,0.227
681892,R,2,73,5,7,90.57931034482759,"Rutschman, Adley",R,112,0.0684931506849315,0.0958904109589041,0.6517857142857143,0.026794642857142854,0.029266966057247948,0.289
681895,R,1,63,1,11,94.348,"Wiemer, Joey",R,102,0.015873015873015872,0.1746031746031746,0.6176470588235294,0.007578431372549019,0.024386726997460455,0.259
681911,R,2,69,3,17,90.4974358974359,"Perdomo, Geraldo",R,131,0.043478260869565216,0.2463768115942029,0.5267175572519084,0.015503816793893128,0.026177898966630236,0.277
681916,R,3,61,4,11,93.26774193548388,"Davis, Henry",R,94,0.06557377049180328,0.18032786885245902,0.648936170212766,0.02657446808510638,0.029334340402920295,0.253
681973,R,0,2,0,1,97.65,"Raleigh, Cal",R,3,0.0,0.5,0.6666666666666666,0.005999999999999999,0.03000293123028738,0.011
681982,R,1,98,5,14,91.55945945945946,"Pereira, Everson",R,143,0.05102040816326531,0.14285714285714285,0.6853146853146853,0.021867132867132866,0.027307598938457994,0.353
682052,R,20,278,22,52,89.89677419354838,"Albies, Ozzie",R,404,0.07913669064748201,0.18705035971223022,0.6881188118811881,0.033628712871287124,0.032308549480633456,0.607
682120,R,3,86,6,21,95.11463414634146,"Rivas, Leo",R,133,0.06976744186046512,0.2441860465116279,0.6466165413533834,0.02878195488721804,0.0297886526474175,0.323
682227,R,6,115,11,18,93.365,"Ozuna, Marcell",R,167,0.09565217391304348,0.1565217391304348,0.688622754491018,0.03981437125748503,0.03399046162211213,0.39
682243,R,10,140,14,22,91.85000000000001,"Matthews, Brice",R,220,0.1,0.15714285714285714,0.6363636363636364,0.03839090909090909,0.03382268986449867,0.438
682254,R,5,97,7,9,94.48444444444445,"Semien, Marcus",R,181,0.07216494845360824,0.09278350515463918,0.5359116022099447,0.023132596685082864,0.027770380369549964,0.35
682274,R,2,13,2,4,91.6375,"Keaschall, Luke",R,27,0.15384615384615385,0.3076923076923077,0.48148148148148145,0.045259259259259256,0.03127929458177551,0.067
682445,R,0,17,2,3,92.98333333333333,"Matthews, Brice",R,24,0.11764705882352941,0.17647058823529413,0.7083333333333334,0.050166666666666665,0.03198663359007937,0.086
682608,R,6,85,8,16,92.62448979591838,"Griffin, Konnor",R,126,0.09411764705882353,0.18823529411764706,0.6746031746031746,0.03879365079365079,0.03300375019385894,0.321
682610,R,2,9,2,1,98.53999999999999,"Soler, Jorge",R,15,0.2222222222222222,0.1111111111111111,0.6,0.07786666666666665,0.03253615599953599,0.048
682668,R,1,5,0,1,93.75,"Volpe, Anthony",R,5,0.0,0.2,1.0,0.0036,0.029548829642769205,0.027
682769,R,0,3,0,1,104.4,"Gelof, Zack",R,6,0.0,0.3333333333333333,0.5,0.0029999999999999996,0.029822587343783073,0.016
682825,R,1,37,1,7,94.42105263157895,"Karros, Kyle",R,78,0.02702702702702703,0.1891891891891892,0.47435897435897434,0.008987179487179487,0.02664082546054352,0.171
682842,R,1,72,3,6,90.75416666666666,"Vargas, Miguel",R,124,0.041666666666666664,0.08333333333333333,0.5806451612903226,0.01478225806451613,0.02584466692284708,0.286
682982,R,3,16,3,4,94.275,"Pratt, Cooper",R,32,0.1875,0.25,0.5,0.05615625,0.03238282389751175,0.082
682989,R,1,46,1,3,90.92380952380952,"Norby, Connor",R,76,0.021739130434782608,0.06521739130434782,0.6052631578947368,0.008276315789473684,0.02579311508950483,0.204
682995,R,4,41,3,2,94.61,"Robert Jr., Luis",R,62,0.07317073170731707,0.04878048780487805,0.6612903225806451,0.028403225806451608,0.02992337439808515,0.186
682997,R,0,5,0,0,98.7,"Espinal, Santiago",R,7,0.0,0.0,0.7142857142857143,0.0,0.029451532345471907,0.027
683000,R,2,41,4,3,95.33333333333333,"Acuña, Luisangel",R,83,0.0975609756097561,0.07317073170731707,0.4939759036144578,0.028361445783132527,0.029915623353035003,0.186
683003,R,5,112,9,17,93.27777777777777,"Buxton, Byron",R,171,0.08035714285714286,0.15178571428571427,0.6549707602339181,0.03205263157894737,0.03095352130395345,0.384
683004,R,5,97,5,16,92.10370370370372,"O'Neill, Tyler",R,154,0.05154639175257732,0.16494845360824742,0.6298701298701299,0.020538961038961034,0.02686213972812824,0.35
683155,R,1,8,2,2,96.86,"Karros, Kyle",R,12,0.25,0.25,0.6666666666666666,0.09883333333333333,0.03318723484350516,0.043
683175,R,2,34,3,9,92.12857142857143,"Story, Trevor",R,62,0.08823529411764706,0.2647058823529412,0.5483870967741935,0.03043548387096774,0.03029598100712713,0.159
683232,R,1,24,4,5,98.66363636363636,"Lewis, Royce",R,38,0.16666666666666666,0.20833333333333334,0.631578947368421,0.06289473684210525,0.0341078782751119,0.118
683352,R,3,93,6,20,92.402,"Velázquez, Nelson",R,141,0.06451612903225806,0.21505376344086022,0.6595744680851063,0.027021276595744676,0.02916304837844893,0.341
683363,R,5,61,6,11,93.05526315789473,"Genao, Angel",R,79,0.09836065573770492,0.18032786885245902,0.7721518987341772,0.046177215189873416,0.03429603157881569,0.253
683409,R,1,23,2,6,87.86666666666667,"Grissom, Vaughn",R,39,0.08695652173913043,0.2608695652173913,0.5897435897435898,0.03225641025641025,0.030494733595121865,0.113
683618,R,0,81,0,7,89.28275862068965,"Arenado, Nolan",R,131,0.0,0.08641975308641975,0.6183206106870229,0.0009618320610687021,0.021174106823214054,0.31
683627,R,1,37,3,9,89.06818181818181,"Goodman, Hunter",R,58,0.08108108108108109,0.24324324324324326,0.6379310344827587,0.03253448275862069,0.030655803437701697,0.171
683734,R,3,14,2,3,92.7,"Ramos, Heliot",R,18,0.14285714285714285,0.21428571428571427,0.7777777777777778,0.06688888888888887,0.03291225736266364,0.072
683742,R,2,29,4,4,93.95625,"Gonzales, Nick",R,43,0.13793103448275862,0.13793103448275862,0.6744186046511628,0.05516279069767441,0.033723705330836656,0.139
683766,R,0,6,0,0,88.95,"Taylor, Tyrone",R,6,0.0,0.0,1.0,0.0,0.02929319077372206,0.032
683769,R,0,95,5,13,88.77906976744185,"Saggese, Thomas",R,131,0.05263157894736842,0.1368421052631579,0.7251908396946565,0.02373282442748091,0.028011461107356323,0.345
684007,R,24,362,32,54,93.17526315789473,"House, Brady",R,514,0.08839779005524862,0.14917127071823205,0.7042801556420234,0.037688715953307396,0.03522481302400291,0.668
684049,R,1,19,1,6,94.98333333333333,"Freeman, Tyler",R,35,0.05263157894736842,0.3157894736842105,0.5428571428571428,0.019514285714285713,0.029242738253687093,0.095
684320,R,0,15,1,2,89.52222222222223,"Díaz, Yandy",R,22,0.06666666666666667,0.13333333333333333,0.6818181818181818,0.02777272727272727,0.030077560989760062,0.077
684442,R,2,41,6,8,92.59310344827585,"Langeliers, Shea",R,62,0.14634146341463414,0.1951219512195122,0.6612903225806451,0.05796774193548387,0.0354081941324305,0.186
684516,R,0,5,0,3,80.225,"Norby, Connor",R,7,0.0,0.6,0.7142857142857143,0.0077142857142857135,0.029660026553966115,0.027
684665,R,0,24,0,5,91.53636363636363,"Chourio, Jackson",R,42,0.0,0.20833333333333334,0.5714285714285714,0.0021428571428571425,0.02696059831049448,0.118
684974,R,2,33,4,8,90.92105263157895,"Tovar, Ezequiel",R,71,0.12121212121212122,0.24242424242424243,0.4647887323943662,0.0344225352112676,0.03091303824358748,0.155
685005,R,0,13,1,0,97.03999999999999,"Teodosio, Bryce",R,19,0.07692307692307693,0.0,0.6842105263157895,0.030263157894736846,0.03026919448986467,0.067
685112,R,1,23,1,5,91.0076923076923,"Perez, Salvador",R,31,0.043478260869565216,0.21739130434782608,0.7419354838709677,0.021451612903225805,0.029270544732445794,0.113
685126,R,3,69,6,12,94.53947368421052,"Collins, Isaac",R,99,0.08695652173913043,0.17391304347826086,0.696969696969697,0.03703030303030303,0.03214306985141852,0.277
685299,R,8,155,17,24,95.70989010989011,"Diaz, Yainer",R,203,0.10967741935483871,0.15483870967741936,0.7635467980295566,0.0502807881773399,0.03952852433253727,0.463
685464,R,0,10,0,0,90.73333333333333,"Flores Jr., Rafael",R,21,0.0,0.0,0.47619047619047616,0.0,0.02867649202059107,0.053
685801,R,0,33,1,3,89.89375,"Lewis, Royce",R,47,0.030303030303030304,0.09090909090909091,0.7021276595744681,0.013382978723404255,0.02765338864687626,0.155
686218,R,8,134,12,20,93.07014925373134,"Arenado, Nolan",R,218,0.08955223880597014,0.14925373134328357,0.6146788990825688,0.03330275229357797,0.0315640200358336,0.427
686228,R,0,8,0,1,96.7,"DeLuca, Jonny",R,9,0.0,0.125,0.8888888888888888,0.0019999999999999996,0.029066667467618632,0.043
686475,R,3,11,3,2,97.01428571428572,"Volpe, Anthony",R,14,0.2727272727272727,0.18181818181818182,0.7857142857142857,0.12578571428571425,0.035770556759451094,0.058
686560,R,0,33,0,5,88.3,"Arozarena, Randy",R,58,0.0,0.15151515151515152,0.5689655172413793,0.0015517241379310344,0.02582037737307055,0.155
686563,R,0,6,1,0,92.7,"Witt Jr., Bobby",R,11,0.16666666666666666,0.0,0.5454545454545454,0.05227272727272726,0.030979407782519713,0.032
686580,R,2,44,1,9,92.4952380952381,"Hayes, Ke'Bryan",R,66,0.022727272727272728,0.20454545454545456,0.6666666666666666,0.011166666666666667,0.02651726257698945,0.196
686610,R,3,12,3,2,96.65714285714286,"Bregman, Alex",R,21,0.25,0.16666666666666666,0.5714285714285714,0.08385714285714285,0.033618849990614666,0.062
686613,R,4,125,4,13,88.56750000000001,"Soler, Jorge",R,190,0.032,0.104,0.6578947368421053,0.013336842105263157,0.023329963105148187,0.41
686628,R,0,3,0,0,93.43333333333334,"House, Brady",R,3,0.0,0.0,1.0,0.0,0.02977340701591422,0.016
686678,R,0,9,0,1,99.325,"Alonso, Pete",R,13,0.0,0.1111111111111111,0.6923076923076923,0.0013846153846153843,0.02889415355753355,0.048
686730,R,2,8,2,1,97.46666666666665,"Shaw, Matt",R,11,0.25,0.125,0.7272727272727273,0.10618181818181818,0.033499936326419406,0.043
686747,R,0,0,0,0,,"Caballero, José",R,1,0.0,0.0,0.0,0.0,0.03026963046617946,0.0
686751,R,3,46,4,10,93.44285714285714,"Suzuki, Seiya",R,87,0.08695652173913043,0.21739130434782608,0.5287356321839081,0.02850574712643678,0.029910609963399976,0.204
686753,R,1,31,2,10,92.44761904761906,"Mead, Curtis",R,39,0.06451612903225806,0.3225806451612903,0.7948717948717948,0.0341025641025641,0.03083276289616962,0.147
686780,R,0,1,0,1,92.0,"Turner, Trea",R,1,0.0,1.0,1.0,0.018,0.030201842452554157,0.006
686790,R,1,87,2,7,92.06875,"Bogaerts, Xander",R,133,0.022988505747126436,0.08045977011494253,0.6541353383458647,0.009593984962406014,0.023532622380680247,0.326
686796,R,0,5,1,0,101.1,"Realmuto, J.T.",R,7,0.2,0.0,0.7142857142857143,0.08214285714285714,0.031671609565549125,0.027
686799,R,5,98,11,9,93.23714285714286,"Altuve, Jose",R,137,0.11224489795918367,0.09183673469387756,0.7153284671532847,0.04735036496350365,0.03629089658394122,0.353
686894,R,1,10,1,5,91.65,"Yorke, Nick",R,12,0.1,0.5,0.8333333333333334,0.05541666666666666,0.03159315868725773,0.053
686930,R,8,63,8,9,94.03846153846153,"Pereira, Everson",R,109,0.12698412698412698,0.14285714285714285,0.5779816513761468,0.0436880733944954,0.03374848604018729,0.259
686934,R,2,29,3,3,88.7909090909091,"Pages, Andy",R,43,0.10344827586206896,0.10344827586206896,0.6744186046511628,0.04137209302325581,0.03181016354826183,0.139
686973,R,2,78,3,4,92.56129032258065,"Wilson, Jacob",R,136,0.038461538461538464,0.05128205128205128,0.5735294117647058,0.013213235294117647,0.02511304587927705,0.302
686993,R,7,68,6,10,93.73548387096774,"Clement, Ernie",R,97,0.08823529411764706,0.14705882352941177,0.7010309278350515,0.03742268041237113,0.032230950612715886,0.274
687060,R,0,1,1,0,104.0,"House, Brady",R,3,1.0,0.0,0.3333333333333333,0.19166666666666665,0.031161326798778834,0.006
687064,R,9,187,14,27,92.67816091954023,"Acuña, Luisangel",R,265,0.0748663101604278,0.1443850267379679,0.7056603773584905,0.03221132075471697,0.03125899309276397,0.51
687075,R,10,122,12,16,92.86984126984127,"Pereira, Everson",R,195,0.09836065573770492,0.13114754098360656,0.6256410256410256,0.03686153846153846,0.032932586676225145,0.404
687134,R,1,15,1,2,94.84285714285714,"Bregman, Alex",R,20,0.06666666666666667,0.13333333333333333,0.75,0.030549999999999997,0.030291197353396426,0.077
687209,R,3,26,2,2,91.51428571428572,"Davis, Henry",R,35,0.07692307692307693,0.07692307692307693,0.7428571428571429,0.03388571428571429,0.030726029394858613,0.126
687223,R,0,28,1,4,89.65882352941176,"Turner, Trea",R,41,0.03571428571428571,0.14285714285714285,0.6829268292682927,0.01578048780487805,0.028319168954081195,0.135
687239,R,1,24,2,6,94.0076923076923,"Torkelson, Spencer",R,36,0.08333333333333333,0.25,0.6666666666666666,0.03494444444444444,0.030819608581269455,0.118
687273,R,2,107,2,19,91.02037037037037,"Kirk, Alejandro",R,152,0.018691588785046728,0.17757009345794392,0.7039473684210527,0.00981578947368421,0.02264398243064987,0.373
687287,R,1,8,1,2,90.13333333333333,"Young, Jacob",R,10,0.125,0.25,0.8,0.0611,0.03158156108463991,0.043
687309,R,0,16,0,3,87.28,"Tovar, Ezequiel",R,27,0.0,0.1875,0.5925925925925926,0.0019999999999999996,0.02796190553016481,0.082
687312,R,2,60,4,12,92.44166666666666,"Bericoto, Victor",R,96,0.06666666666666667,0.2,0.625,0.02620833333333333,0.029254306182967926,0.25
687330,R,2,102,4,16,89.54102564102564,"Walker, Jordan",R,156,0.0392156862745098,0.1568627450980392,0.6538461538461539,0.016589743589743588,0.025321586276830316,0.362
687377,R,3,70,6,3,93.19642857142857,"Griffin, Konnor",R,95,0.08571428571428572,0.04285714285714286,0.7368421052631579,0.03688421052631578,0.03212171288301763,0.28
687396,R,4,125,4,19,90.62028985507247,"Chapman, Matt",R,211,0.032,0.152,0.5924170616113744,0.01252132701421801,0.02299573560881821,0.41
687473,R,6,121,11,11,89.25522388059701,"Hayes, Ke'Bryan",R,164,0.09090909090909091,0.09090909090909091,0.7378048780487805,0.03977439024390244,0.034090480742274075,0.402
687531,R,0,12,0,3,95.95,"Alexander, Blaze",R,17,0.0,0.25,0.7058823529411765,0.003176470588235294,0.028576307973807946,0.062
687562,R,12,267,27,27,94.27925925925926,"Correa, Carlos",R,342,0.10112359550561797,0.10112359550561797,0.7807017543859649,0.0468157894736842,0.04015290665187021,0.597
687570,R,10,253,14,34,93.06744186046512,"Pham, Tommy",R,384,0.05533596837944664,0.13438735177865613,0.6588541666666666,0.022557291666666663,0.02576334474729554,0.584
687606,R,2,56,8,10,91.98157894736842,"Pagés, Pedro",R,76,0.14285714285714285,0.17857142857142858,0.7368421052631579,0.06289473684210525,0.038011181131653374,0.237
687721,R,0,1,0,0,,"Springer, George",R,1,0.0,0.0,1.0,0.0,0.030102394938742002,0.006
687765,R,1,18,0,3,97.08333333333333,"Grichuk, Randal",R,20,0.0,0.16666666666666666,0.9,0.0026999999999999997,0.027763300423799507,0.091
687792,R,3,17,5,3,96.89999999999999,"Torres, Gleyber",R,26,0.29411764705882354,0.17647058823529413,0.6538461538461539,0.11265384615384613,0.037378928266638,0.086
687849,R,1,28,6,6,96.3125,"Perez, Salvador",R,38,0.21428571428571427,0.21428571428571427,0.7368421052631579,0.0936315789473684,0.038799123530954896,0.135
687859,R,0,4,0,0,84.15,"Hernández, Enrique",R,5,0.0,0.0,0.8,0.0,0.029611595021262514,0.022
687911,R,7,117,8,16,90.125,"Neto, Zach",R,164,0.06837606837606838,0.13675213675213677,0.7134146341463414,0.029804878048780483,0.030086546180537438,0.394
687924,R,0,6,0,0,78.2,"Suzuki, Seiya",R,8,0.0,0.0,0.75,0.0,0.02929319077372206,0.032
687931,R,5,94,8,25,94.59322033898304,"Riley, Austin",R,128,0.0851063829787234,0.26595744680851063,0.734375,0.039453125,0.03342017238654125,0.343
687941,R,0,61,2,7,92.56190476190476,"Lee, Hao-Yu",R,85,0.03278688524590164,0.11475409836065574,0.7176470588235294,0.015011764705882351,0.026407681041373966,0.253
687985,R,0,0,0,0,,"Bichette, Bo",R,3,0.0,0.0,0.0,0.0,0.03026963046617946,0.0
688107,R,13,225,20,45,91.33858267716535,"Lee, Brooks",R,323,0.08888888888888889,0.2,0.6965944272445821,0.03811145510835913,0.03462619971183483,0.556
688158,R,1,56,1,6,92.23478260869565,"Torres, Gleyber",R,94,0.017857142857142856,0.10714285714285714,0.5957446808510638,0.007265957446808509,0.02481113178361686,0.237
688297,R,6,67,8,10,95.36129032258064,"Fortes, Nick",R,95,0.11940298507462686,0.14925373134328357,0.7052631578947368,0.050315789473684196,0.035707252545138235,0.271
688497,R,1,11,1,1,91.48571428571428,"Riley, Austin",R,15,0.09090909090909091,0.09090909090909091,0.7333333333333333,0.03953333333333333,0.03080314214962811,0.058
688642,R,6,162,15,25,92.4054945054945,"Ramírez, Agustín",R,207,0.09259259259259259,0.15432098765432098,0.782608695652174,0.04384057971014492,0.036697974844899936,0.474
688692,R,0,5,0,3,93.9,"Hicklen, Brewer",R,12,0.0,0.6,0.4166666666666667,0.0045,0.029573153967093528,0.027
688883,R,1,29,3,6,96.06428571428572,"Arozarena, Randy",R,49,0.10344827586206896,0.20689655172413793,0.5918367346938775,0.03740816326530612,0.03126014458663244,0.139
689017,R,3,18,4,3,96.00714285714285,"Tawa, Tim",R,22,0.2222222222222222,0.16666666666666666,0.8181818181818182,0.107,0.03724511860561769,0.091
689147,R,2,90,4,13,88.27555555555556,"Bader, Harrison",R,141,0.044444444444444446,0.14444444444444443,0.6382978723404256,0.017971631205673758,0.026170297379344225,0.333
689149,R,0,23,0,4,92.56,"Dubón, Mauricio",R,35,0.0,0.17391304347826086,0.6571428571428571,0.0020571428571428568,0.027073141722298466,0.113
689225,R,2,42,2,10,93.5952380952381,"Acuña, Luisangel",R,58,0.047619047619047616,0.23809523809523808,0.7241379310344828,0.022931034482758617,0.028881247442289027,0.189
689254,R,4,78,7,12,91.6,"Muncy, Max",R,126,0.08974358974358974,0.15384615384615385,0.6190476190476191,0.03365873015873016,0.031294242001136646,0.302
689266,R,4,74,4,19,90.68717948717949,"Rocchio, Brayan",R,108,0.05405405405405406,0.25675675675675674,0.6851851851851852,0.02446296296296296,0.02857792418571481,0.291
689296,R,1,75,4,13,90.12,"Lewis, Royce",R,123,0.05333333333333334,0.17333333333333334,0.6097560975609756,0.02060162601626016,0.027426099745614958,0.294
689441,R,2,36,3,6,94.2578947368421,"Ramírez, Agustín",R,43,0.08333333333333333,0.16666666666666666,0.8372093023255814,0.042627906976744186,0.032329343217940246,0.167
689520,R,1,28,2,2,93.60000000000001,"Witt Jr., Bobby",R,44,0.07142857142857142,0.07142857142857142,0.6363636363636364,0.02695454545454545,0.029823369022305653,0.135
689546,R,1,37,1,3,90.84,"Witt Jr., Bobby",R,51,0.02702702702702703,0.08108108108108109,0.7254901960784313,0.012333333333333332,0.02721136782140846,0.171
689690,R,1,7,0,1,83.55000000000001,"Arozarena, Randy",R,9,0.0,0.14285714285714285,0.7777777777777778,0.002,0.029211409004878622,0.037
689818,R,2,43,2,12,93.78571428571429,"Buxton, Byron",R,66,0.046511627906976744,0.27906976744186046,0.6515151515151515,0.020696969696969693,0.028423781080188337,0.193
689981,R,1,5,1,1,82.56666666666666,"Young, Jacob",R,7,0.2,0.2,0.7142857142857143,0.08471428571428571,0.0317411076350472,0.027
690155,R,0,9,0,1,82.47999999999999,"Caminero, Junior",R,15,0.0,0.1111111111111111,0.6,0.0011999999999999997,0.02888536234874234,0.048
690279,R,3,38,4,6,92.675,"Young, Jacob",R,57,0.10526315789473684,0.15789473684210525,0.6666666666666666,0.04224561403508771,0.03235718723507172,0.174
690440,R,1,15,1,4,93.3625,"Kirk, Alejandro",R,22,0.06666666666666667,0.26666666666666666,0.6818181818181818,0.029409090909090906,0.030203435115634187,0.077
690829,R,0,16,1,2,85.8375,"Franklin, Christian",R,29,0.0625,0.125,0.5517241379310345,0.02106896551724138,0.029518555776470227,0.082
690925,R,4,72,3,8,95.10606060606061,"Swanson, Dansby",R,103,0.041666666666666664,0.1111111111111111,0.6990291262135923,0.018145631067961163,0.02680563063811709,0.286
690928,R,4,63,3,16,92.0875,"Davis, Henry",R,100,0.047619047619047616,0.25396825396825395,0.63,0.02013,0.027640837382355152,0.259
690953,R,0,28,2,6,86.97222222222223,"Ward, Taylor",R,46,0.07142857142857142,0.21428571428571427,0.6086956521739131,0.02734782608695652,0.029876310645899448,0.135
690978,R,0,47,1,2,93.32857142857142,"Alonso, Pete",R,74,0.02127659574468085,0.0425531914893617,0.6351351351351351,0.008256756756756755,0.025711898905197664,0.207
690986,R,19,223,24,35,93.42,"Vilade, Ryan",R,359,0.10762331838565023,0.15695067264573992,0.6211699164345403,0.040194986072423396,0.035761824759460846,0.553
690990,R,0,1,0,0,,"Young, Jacob",R,4,0.0,0.0,0.25,0.0,0.030102394938742002,0.006
690997,R,4,182,9,21,92.03636363636363,"Davis, Henry",R,293,0.04945054945054945,0.11538461538461539,0.621160409556314,0.01895221843003413,0.02457966087894617,0.503
691008,R,1,13,1,1,95.77499999999999,"Perez, Salvador",R,22,0.07692307692307693,0.07692307692307693,0.5909090909090909,0.02695454545454546,0.030046334584566806,0.067
691384,R,3,23,3,2,93.55384615384615,"Norby, Connor",R,37,0.13043478260869565,0.08695652173913043,0.6216216216216216,0.047594594594594586,0.032232557436393985,0.113
691548,R,1,5,1,0,104.9,"Hernández, Heriberto",R,6,0.2,0.0,0.8333333333333334,0.09583333333333333,0.032041622435561995,0.027
691587,R,13,198,21,28,92.2041237113402,"Karros, Kyle",R,295,0.10606060606060606,0.1414141414141414,0.6711864406779661,0.04264067796610169,0.03674970296613872,0.524
691594,R,1,9,2,2,97.89999999999999,"White, Eli",R,10,0.2222222222222222,0.2222222222222222,0.9,0.1186,0.034475838539218526,0.048
691725,R,9,149,15,23,91.01323529411764,"Wiemer, Joey",R,232,0.10067114093959731,0.15436241610738255,0.6422413793103449,0.03896120689655172,0.03420593711701674,0.453
691769,R,2,37,4,4,89.59,"Jones, Greg",R,50,0.10810810810810811,0.10810810810810811,0.74,0.047439999999999996,0.03319729716088619,0.171
691799,R,2,96,5,10,91.8731707317073,"Sánchez, Gary",R,160,0.052083333333333336,0.10416666666666667,0.6,0.01909375,0.026382367695334426,0.348
691945,R,0,5,0,2,97.025,"Realmuto, J.T.",R,13,0.0,0.4,0.38461538461538464,0.0027692307692307695,0.029526376420315983,0.027
691946,R,1,28,2,5,97.0,"Arozarena, Randy",R,51,0.07142857142857142,0.17857142857142858,0.5490196078431373,0.024313725490196076,0.029467874027104775,0.135
691951,R,3,83,9,16,92.94,"Stanton, Giancarlo",R,111,0.10843373493975904,0.1927710843373494,0.7477477477477478,0.04921621621621621,0.036248971216191056,0.316
692030,R,0,10,0,4,89.2375,"Sanoja, Javier",R,12,0.0,0.4,0.8333333333333334,0.006,0.02899228149427528,0.053
692064,R,0,6,0,3,89.73333333333333,"Duran, Ezequiel",R,10,0.0,0.5,0.6,0.005399999999999999,0.029467384322109155,0.032
692230,R,0,18,0,4,87.23636363636363,"Sanoja, Javier",R,23,0.0,0.2222222222222222,0.782608695652174,0.0031304347826086954,0.027802430858582115,0.091
692437,R,1,2,1,0,101.9,"Hedges, Austin",R,3,0.5,0.0,0.6666666666666666,0.19166666666666665,0.03204322427058042,0.011
693308,R,2,30,2,2,92.475,"Caminero, Junior",R,41,0.06666666666666667,0.06666666666666667,0.7317073170731707,0.02892682926829268,0.030077801723624203,0.143
693312,R,1,14,1,2,90.65555555555555,"Adell, Jo",R,27,0.07142857142857142,0.14285714285714285,0.5185185185185185,0.022629629629629625,0.02971829019962432,0.072
693313,R,3,47,6,5,93.94444444444444,"Swanson, Dansby",R,65,0.1276595744680851,0.10638297872340426,0.7230769230769231,0.054461538461538464,0.03527852771631987,0.207
693433,R,6,211,14,28,92.94516129032257,"Fry, David",R,308,0.06635071090047394,0.13270142180094788,0.685064935064935,0.02777272727272727,0.02892219677354925,0.54
693645,R,7,203,14,18,90.34868421052632,"Schmitt, Casey",R,303,0.06896551724137931,0.08866995073891626,0.66996699669967,0.027636963696369633,0.028874248340144487,0.53
693686,R,0,117,1,11,88.84772727272728,"Clarke, Denzel",R,178,0.008547008547008548,0.09401709401709402,0.6573033707865169,0.0043426966292134835,0.02005598986373832,0.394
693713,R,0,3,0,0,96.1,"Dubón, Mauricio",R,3,0.0,0.0,1.0,0.0,0.02977340701591422,0.016
693821,R,10,179,15,21,95.44819277108434,"Wilson, Jacob",R,236,0.08379888268156424,0.11731843575418995,0.7584745762711864,0.03814830508474575,0.034197994691035634,0.499
693855,R,14,227,23,42,92.16198347107438,"Walker, Jordan",R,365,0.1013215859030837,0.18502202643171806,0.6219178082191781,0.03830410958904109,0.03475077729883201,0.558
694037,R,0,44,0,8,92.92380952380952,"House, Brady",R,64,0.0,0.18181818181818182,0.6875,0.00225,0.02476577448175135,0.196
694297,R,2,195,15,23,93.41182795698924,"Torkelson, Spencer",R,261,0.07692307692307693,0.11794871794871795,0.7471264367816092,0.034632183908045976,0.03253815825595005,0.52
694335,R,4,74,5,5,91.22777777777777,"Díaz, Yandy",R,105,0.06756756756756757,0.06756756756756757,0.7047619047619048,0.02823809523809524,0.02967776587217067,0.291
694341,R,4,23,5,5,97.07333333333332,"Jansen, Danny",R,33,0.21739130434782608,0.21739130434782608,0.696969696969697,0.08984848484848484,0.03701994401688401,0.113
694346,R,4,51,5,2,95.39,"Judge, Aaron",R,83,0.09803921568627451,0.0392156862745098,0.6144578313253012,0.0350722891566265,0.03132995770952491,0.221
694350,R,0,3,0,0,98.8,"Fulford, Braxton",R,5,0.0,0.0,0.6,0.0,0.02977340701591422,0.016
694357,R,0,6,0,0,81.75,"Lombard Jr., George",R,12,0.0,0.0,0.5,0.0,0.02929319077372206,0.032
694360,R,1,40,1,1,90.45333333333333,"Martin, Austin",R,54,0.025,0.025,0.7407407407407407,0.010981481481481481,0.026762694287143462,0.182
694361,R,2,61,2,4,90.49,"Tawa, Tim",R,94,0.03278688524590164,0.06557377049180328,0.648936170212766,0.013,0.0258984791863581,0.253
694363,R,1,19,1,3,98.7,"Story, Trevor",R,24,0.05263157894736842,0.15789473684210525,0.7916666666666666,0.02620833333333333,0.02988186842837003,0.095
694397,R,1,9,1,2,84.96666666666667,"Freeman, Tyler",R,11,0.1111111111111111,0.2222222222222222,0.8181818181818182,0.05554545454545455,0.03147324113662113,0.048
694462,R,1,15,1,1,104.1,"Bericoto, Victor",R,25,0.06666666666666667,0.06666666666666667,0.6,0.023719999999999998,0.029765812738011807,0.077
694477,R,4,143,7,16,90.29375,"Meidroth, Chase",R,226,0.04895104895104895,0.11188811188811189,0.6327433628318584,0.019084070796460174,0.025317509621690736,0.443
694494,R,1,11,2,2,91.1375,"Duran, Ezequiel",R,20,0.18181818181818182,0.18181818181818182,0.55,0.0593,0.03194153656498588,0.058
694646,R,1,9,2,1,94.33333333333333,"Soler, Jorge",R,13,0.2222222222222222,0.1111111111111111,0.6923076923076923,0.08984615384615384,0.03310660776998776,0.048
694680,R,3,23,3,4,93.57857142857142,"Hinds, Rece",R,31,0.13043478260869565,0.17391304347826086,0.7419354838709677,0.057967741935483874,0.033407840140041535,0.113
694738,R,6,180,9,25,90.42207792207792,"Machado, Manny",R,267,0.05,0.1388888888888889,0.6741573033707865,0.021067415730337075,0.025668523098258268,0.5
694753,R,1,25,3,2,88.15833333333335,"Hedges, Austin",R,36,0.12,0.08,0.6944444444444444,0.04891666666666666,0.03254365927111692,0.122
694795,R,0,43,0,5,87.675,"Turner, Trea",R,66,0.0,0.11627906976744186,0.6515151515151515,0.0013636363636363633,0.024695828912774286,0.193
694819,R,8,186,8,18,90.32528735632184,"Meidroth, Chase",R,299,0.043010752688172046,0.0967741935483871,0.6220735785953178,0.016468227424749165,0.02325580269102636,0.508
694820,R,0,4,0,0,89.1,"Tawa, Tim",R,9,0.0,0.0,0.4444444444444444,0.0,0.029611595021262514,0.022
694851,R,3,18,3,2,94.7,"Betts, Mookie",R,27,0.16666666666666666,0.1111111111111111,0.6666666666666666,0.06522222222222221,0.03344713880763789,0.091
694918,R,1,69,5,7,93.03846153846153,"Vientos, Mark",R,104,0.07246376811594203,0.10144927536231885,0.6634615384615384,0.02885576923076923,0.029877837593716386,0.277
694973,R,7,185,10,22,90.02077922077923,"Alvarez, Francisco",R,297,0.05405405405405406,0.11891891891891893,0.622895622895623,0.020693602693602695,0.025416027348572057,0.507
695001,R,0,23,1,0,86.05,"Helman, Michael",R,30,0.043478260869565216,0.0,0.7666666666666667,0.019166666666666665,0.029011659198254366,0.113
695034,R,1,28,0,6,89.575,"Paredes, Isaac",R,40,0.0,0.21428571428571427,0.7,0.0026999999999999997,0.026558334057270688,0.135
695049,R,0,17,1,2,93.7875,"Troy, Tommy",R,25,0.058823529411764705,0.11764705882352941,0.68,0.02444,0.029766565908184276,0.086
695076,R,6,174,12,27,91.65316455696203,"Story, Trevor",R,231,0.06896551724137931,0.15517241379310345,0.7532467532467533,0.03197402597402597,0.0311073841903752,0.492
695239,R,4,55,6,7,90.21176470588235,"Saggese, Thomas",R,85,0.10909090909090909,0.12727272727272726,0.6470588235294118,0.04207058823529412,0.033031556752568,0.234
695243,R,1,52,2,4,87.66499999999999,"Torkelson, Spencer",R,122,0.038461538461538464,0.07692307692307693,0.4262295081967213,0.01001639344262295,0.025730111822968516,0.224
695378,R,0,18,0,2,91.225,"Hernández, Enrique",R,27,0.0,0.1111111111111111,0.6666666666666666,0.001333333333333333,0.027639057999557085,0.091
695380,R,2,58,2,5,88.70869565217392,"Keaschall, Luke",R,86,0.034482758620689655,0.08620689655172414,0.6744186046511628,0.01441860465116279,0.026406775435629175,0.244
695418,R,4,131,4,10,90.44418604651163,"Hoerner, Nico",R,186,0.030534351145038167,0.07633587786259542,0.7043010752688172,0.013333333333333332,0.023135691802504722,0.421
695445,R,3,18,2,1,85.06666666666666,"Durbin, Caleb",R,23,0.1111111111111111,0.05555555555555555,0.782608695652174,0.050782608695652175,0.0321344466688588,0.091
695505,R,3,146,9,18,93.63376623376624,"Davis, Henry",R,230,0.06164383561643835,0.1232876712328767,0.6347826086956522,0.02390869565217391,0.027420868248864087,0.448
695534,R,3,51,5,4,93.4962962962963,"Suzuki, Seiya",R,66,0.09803921568627451,0.0784313725490196,0.7727272727272727,0.04465151515151515,0.03344485176034448,0.221
695549,R,2,35,3,6,90.39411764705882,"Leonard, Eddys",R,55,0.08571428571428572,0.17142857142857143,0.6363636363636364,0.033327272727272726,0.030767386183101618,0.163
695611,R,9,203,14,34,92.44272727272728,"Garver, Mitch",R,322,0.06896551724137931,0.16748768472906403,0.6304347826086957,0.026900621118012422,0.028483967547960377,0.53
695684,R,1,50,3,3,85.96818181818182,"Jung, Josh",R,71,0.06,0.06,0.704225352112676,0.025056338028169006,0.02913630602313371,0.217
696062,R,3,65,3,8,91.753125,"Díaz, Yandy",R,84,0.046153846153846156,0.12307692307692308,0.7738095238095238,0.022250000000000002,0.02814197340372368,0.265
696070,R,1,47,4,6,90.47142857142858,"Semien, Marcus",R,75,0.0851063829787234,0.1276595744680851,0.6266666666666667,0.032106666666666665,0.030649985979055664,0.207
696131,R,1,61,5,6,93.10303030303031,"Rosario, Amed",R,81,0.08196721311475409,0.09836065573770492,0.7530864197530864,0.03682716049382715,0.031929420224214765,0.253
696136,R,1,25,3,3,93.71428571428571,"Ozuna, Marcell",R,33,0.12,0.12,0.7575757575757576,0.0539090909090909,0.03315249149580281,0.122
696146,R,0,26,0,8,93.51333333333334,"Rocchio, Brayan",R,71,0.0,0.3076923076923077,0.36619718309859156,0.002028169014084507,0.026705174166400485,0.126
696147,R,2,76,4,10,89.35555555555555,"Diaz, Yainer",R,110,0.05263157894736842,0.13157894736842105,0.6909090909090909,0.022545454545454542,0.02797651573971425,0.297
696149,R,3,198,7,23,91.15824175824176,"Hayes, Ke'Bryan",R,296,0.03535353535353535,0.11616161616161616,0.668918918918919,0.014996621621621622,0.022269482976172972,0.524
696270,R,7,117,10,31,92.1,"Bregman, Alex",R,165,0.08547008547008547,0.26495726495726496,0.7090909090909091,0.03823030303030303,0.03340565299144026,0.394
696519,R,1,42,1,10,89.90666666666667,"Freeland, Alex",R,76,0.023809523809523808,0.23809523809523808,0.5526315789473685,0.009934210526315788,0.026422388855934977,0.189
696522,R,0,40,2,4,92.61304347826086,"Alonso, Pete",R,49,0.05,0.1,0.8163265306122449,0.02493877551020408,0.02930038411054757,0.182
697811,R,0,2,0,0,,"Mateo, Jorge",R,2,0.0,0.0,1.0,0.0,0.029936997164353312,0.011
697812,R,0,14,0,2,96.12222222222222,"Pages, Andy",R,24,0.0,0.14285714285714285,0.5833333333333334,0.0015,0.028193471566558263,0.072
699008,R,1,30,2,4,93.64999999999999,"Hernández, Heriberto",R,39,0.06666666666666667,0.13333333333333333,0.7692307692307693,0.03133333333333333,0.030421588018630014,0.143
699044,R,1,17,1,2,88.84,"Keaschall, Luke",R,31,0.058823529411764705,0.11764705882352941,0.5483870967741935,0.019709677419354837,0.029358365482443322,0.086
699134,R,2,96,5,19,91.34,"Dingler, Dillon",R,142,0.052083333333333336,0.19791666666666666,0.676056338028169,0.02265492957746479,0.027621038852713484,0.348
699151,R,1,16,2,0,93.3,"Lockridge, Brandon",R,19,0.125,0.0,0.8421052631578947,0.06052631578947368,0.03273956396195858,0.082
699823,R,2,54,4,6,94.44,"Wiemer, Joey",R,80,0.07407407407407407,0.1111111111111111,0.675,0.0301,0.030230484973984194,0.231
700187,R,1,9,1,2,90.83333333333333,"Grissom, Vaughn",R,11,0.1111111111111111,0.2222222222222222,0.8181818181818182,0.05554545454545455,0.03147324113662113,0.048
700241,R,7,192,15,23,93.08775510204082,"Díaz, Yandy",R,255,0.078125,0.11979166666666667,0.7529411764705882,0.03544705882352941,0.03294185155384395,0.516
700249,R,2,70,4,2,93.86969696969696,"Reynolds, Bryan",R,102,0.05714285714285714,0.02857142857142857,0.6862745098039216,0.022901960784313728,0.02820668295525705,0.28
700270,R,2,12,2,4,99.74285714285715,"Kreidler, Ryan",R,14,0.16666666666666666,0.3333333333333333,0.8571428571428571,0.08728571428571429,0.03383313570490038,0.062
700327,R,0,5,0,1,94.575,"Betts, Mookie",R,5,0.0,0.2,1.0,0.0036,0.029548829642769205,0.027
700363,R,2,38,3,5,89.93333333333334,"Alvarez, Francisco",R,67,0.07894736842105263,0.13157894736842105,0.5671641791044776,0.027089552238805967,0.029715304903609765,0.174
700413,R,0,6,0,2,85.95,"France, Ty",R,9,0.0,0.3333333333333333,0.6666666666666666,0.003999999999999999,0.029422223031786574,0.032
700669,R,2,117,11,13,93.625,"Robert Jr., Luis",R,168,0.09401709401709402,0.1111111111111111,0.6964285714285714,0.03904166666666666,0.03372528109061381,0.394
700712,R,5,172,10,17,90.95735294117648,"Altuve, Jose",R,272,0.05813953488372093,0.09883720930232558,0.6323529411764706,0.02226470588235294,0.026358133226355135,0.489
700842,R,1,18,1,2,94.975,"Stanton, Giancarlo",R,24,0.05555555555555555,0.1111111111111111,0.75,0.025458333333333333,0.0298322398177389,0.091
701121,R,0,21,2,6,94.9,"Steer, Spencer",R,27,0.09523809523809523,0.2857142857142857,0.7777777777777778,0.04659259259259259,0.03197501456893904,0.104
701474,R,2,15,3,2,94.3125,"Witt Jr., Bobby",R,20,0.2,0.13333333333333333,0.75,0.08804999999999999,0.03471427427647335,0.077
701519,R,3,64,5,12,91.58529411764707,"Jiménez, Leo",R,110,0.078125,0.1875,0.5818181818181818,0.0281,0.029700547065214356,0.262
701542,R,10,191,14,25,93.72,"Schmitt, Casey",R,294,0.07329842931937172,0.13089005235602094,0.6496598639455783,0.028911564625850338,0.029570464494473633,0.515
701552,R,2,20,4,5,92.4076923076923,"Bregman, Alex",R,25,0.2,0.25,0.8,0.0956,0.036802667419561515,0.1
701656,R,4,88,6,16,91.3688888888889,"India, Jonathan",R,129,0.06818181818181818,0.18181818181818182,0.6821705426356589,0.02897674418604651,0.029845100642852222,0.328
701719,R,0,37,0,6,94.32666666666667,"Matos, Luis",R,49,0.0,0.16216216216216217,0.7551020408163265,0.002204081632653061,0.025484260388573574,0.171
701780,R,0,0,0,0,,"Suárez, Eugenio",R,3,0.0,0.0,0.0,0.0,0.03026963046617946,0.0
702021,R,6,77,5,18,91.16190476190476,"Chaparro, Andrés",R,123,0.06493506493506493,0.23376623376623376,0.6260162601626016,0.026008130081300807,0.028992838522071844,0.3
702047,R,1,4,1,0,97.36666666666667,"Vargas, Miguel",R,7,0.25,0.0,0.5714285714285714,0.08214285714285713,0.031397309306976796,0.022
702056,R,6,106,8,14,92.90392156862745,"Contreras, Willson",R,174,0.07547169811320754,0.1320754716981132,0.6091954022988506,0.027885057471264366,0.029385837677854285,0.371
702070,R,16,393,29,74,93.0135922330097,"Buxton, Byron",R,564,0.0737913486005089,0.18829516539440203,0.6968085106382979,0.031927304964538994,0.03140656952002814,0.686
702153,R,0,13,1,3,84.75714285714285,"Barrosa, Jorge",R,19,0.07692307692307693,0.23076923076923078,0.6842105263157895,0.03310526315789474,0.030460631631942663,0.067
702193,R,1,113,4,15,89.7574074074074,"Clement, Ernie",R,161,0.035398230088495575,0.13274336283185842,0.7018633540372671,0.01596273291925466,0.02475195325524942,0.386
702273,R,10,169,19,24,93.67078651685394,"Díaz, Yandy",R,249,0.11242603550295859,0.14201183431952663,0.678714859437751,0.04561044176706828,0.03769827548007691,0.484
702275,R,5,100,8,10,93.74249999999999,"Young, Jacob",R,141,0.08,0.1,0.7092198581560284,0.03390070921985816,0.03156644430677899,0.357
702281,R,1,10,1,3,100.28,"House, Brady",R,14,0.1,0.3,0.7142857142857143,0.04492857142857143,0.031041153674726405,0.053
702303,R,0,13,0,1,93.24,"Fortes, Nick",R,19,0.0,0.07692307692307693,0.6842105263157895,0.0009473684210526315,0.02829455582065278,0.067
702352,R,0,12,0,3,90.6,"Kirk, Alejandro",R,22,0.0,0.25,0.5454545454545454,0.002454545454545454,0.02853118765295233,0.062
702474,R,2,40,4,7,94.296,"Davis, Henry",R,58,0.1,0.175,0.6896551724137931,0.04182758620689655,0.03237107696449166,0.182
702566,R,2,24,2,8,91.65555555555555,"Torrens, Luis",R,29,0.08333333333333333,0.3333333333333333,0.8275862068965517,0.04462068965517241,0.03195799037076686,0.118
702752,R,3,43,3,4,93.785,"Norby, Connor",R,70,0.06976744186046512,0.09302325581395349,0.6142857142857143,0.02567142857142857,0.029382981670330634,0.193
702885,R,2,54,4,8,94.68076923076923,"Gonzales, Nick",R,70,0.07407407407407407,0.14814814814814814,0.7714285714285715,0.03491428571428571,0.03134147398497321,0.231
703615,R,3,37,3,4,92.275,"Jackson, Alex",R,55,0.08108108108108109,0.10810810810810811,0.6727272727272727,0.03267272727272727,0.03067937508296411,0.171
703725,R,1,46,3,6,90.67391304347827,"Chourio, Jackson",R,71,0.06521739130434782,0.13043478260869565,0.647887323943662,0.025816901408450704,0.029363322781862985,0.204
800048,R,12,359,19,40,92.10379746835443,"Rojas, Miguel",R,542,0.052924791086350974,0.11142061281337047,0.6623616236162362,0.021485239852398523,0.024418802580562844,0.666
800311,R,0,85,3,6,91.36285714285714,"Garcia, Maikel",R,133,0.03529411764705882,0.07058823529411765,0.6390977443609023,0.013781954887218043,0.02498113075217297,0.321
800600,R,1,85,5,18,93.96153846153847,"Swanson, Dansby",R,126,0.058823529411764705,0.21176470588235294,0.6746031746031746,0.02538888888888889,0.028704109582897583,0.321
801139,R,9,262,18,38,91.26159420289855,"Stanton, Giancarlo",R,430,0.06870229007633588,0.1450381679389313,0.6093023255813953,0.025660465116279067,0.02753750077913443,0.593
801403,R,3,62,6,5,96.02727272727272,"Springer, George",R,101,0.0967741935483871,0.08064516129032258,0.6138613861386139,0.035049504950495046,0.03149422640844213,0.256
801434,R,0,9,0,0,91.15,"Murphy, Sean",R,19,0.0,0.0,0.47368421052631576,0.0,0.028828219491599482,0.048
801725,R,0,19,1,1,93.4375,"Norby, Connor",R,22,0.05263157894736842,0.05263157894736842,0.8636363636363636,0.02695454545454545,0.029953114811802344,0.095
802408,R,1,22,3,5,90.81176470588235,"Ortiz, Joey",R,38,0.13636363636363635,0.22727272727272727,0.5789473684210527,0.04776315789473684,0.03217486612671541,0.109
804267,R,10,169,16,29,92.34845360824741,"Ruiz, Keibert",R,227,0.09467455621301775,0.17159763313609466,0.7444933920704846,0.042828193832599115,0.03635099782699586,0.484
804619,R,0,11,1,1,88.86,"Sosa, Lenyn",R,16,0.09090909090909091,0.09090909090909091,0.6875,0.0370625,0.03066084284770839,0.058
804636,R,1,32,2,1,95.73529411764706,"Lopez, Otto",R,52,0.0625,0.03125,0.6153846153846154,0.02246153846153846,0.02909105054095063,0.151
804668,R,0,2,0,0,88.1,"Robert Jr., Luis",R,2,0.0,0.0,1.0,0.0,0.029936997164353312,0.011
804926,R,0,10,0,2,90.63333333333333,"Malgeri, Ben",R,15,0.0,0.2,0.6666666666666666,0.0024,0.02880280781006475,0.053
805074,R,4,42,5,8,94.53750000000001,"Waldschmidt, Ryan",R,53,0.11904761904761904,0.19047619047619047,0.7924528301886793,0.056962264150943395,0.035319588190323985,0.189
805123,R,6,122,12,22,92.925,"Soler, Jorge",R,187,0.09836065573770492,0.18032786885245902,0.6524064171122995,0.03901604278074866,0.03380294934822397,0.404
805299,R,2,68,5,11,91.15925925925927,"Suzuki, Seiya",R,100,0.07352941176470588,0.16176470588235295,0.68,0.030729999999999997,0.030395860822227026,0.274
805326,R,2,74,6,15,95.20232558139534,"Alonso, Pete",R,92,0.08108108108108109,0.20270270270270271,0.8043478260869565,0.040434782608695645,0.03323113148407787,0.291
805345,R,1,23,1,5,91.52000000000001,"Dingler, Dillon",R,36,0.043478260869565216,0.21739130434782608,0.6388888888888888,0.01847222222222222,0.02893297830060795,0.113
805427,R,3,43,3,3,92.675,"Peraza, Oswald",R,84,0.06976744186046512,0.06976744186046512,0.5119047619047619,0.021178571428571425,0.028516645988075667,0.193
805673,R,10,168,15,25,92.68125,"Jiménez, Leo",R,230,0.08928571428571429,0.1488095238095238,0.7304347826086957,0.03945652173913043,0.034704681425535094,0.483
806188,R,1,68,1,5,90.87241379310345,"Sosa, Edmundo",R,99,0.014705882352941176,0.07352941176470588,0.6868686868686869,0.006717171717171717,0.0238116982285483,0.274
806960,R,5,42,5,10,93.93809523809524,"Springer, George",R,53,0.11904761904761904,0.23809523809523808,0.7924528301886793,0.057641509433962256,0.03544809405467891,0.189
807739,R,3,82,6,16,89.95238095238095,"Bregman, Alex",R,115,0.07317073170731707,0.1951219512195122,0.7130434782608696,0.03250434782608696,0.030969045823097074,0.313
807743,R,2,57,4,15,92.86511627906977,"Thomas, Colby",R,77,0.07017543859649122,0.2631578947368421,0.7402597402597403,0.03337662337662337,0.031016881925653314,0.241
808825,R,2,40,2,8,92.125,"Collins, Isaac",R,60,0.05,0.2,0.6666666666666666,0.021566666666666665,0.028687273411722586,0.182
808963,R,11,150,18,22,94.52631578947368,"Hedges, Austin",R,223,0.12,0.14666666666666667,0.672645739910314,0.048188340807174886,0.038414498802995564,0.455
808967,R,10,221,14,37,92.17128712871286,"Tawa, Tim",R,330,0.06334841628959276,0.167420814479638,0.6696969696969697,0.026412121212121206,0.028143671500725907,0.551
808970,R,0,6,0,1,96.06666666666666,"O'Hoppe, Logan",R,9,0.0,0.16666666666666666,0.6666666666666666,0.0019999999999999996,0.029357706902754317,0.032
810938,R,1,12,1,2,96.45714285714287,"Stewart, Sal",R,12,0.08333333333333333,0.16666666666666666,1.0,0.050916666666666666,0.03156007022870991,0.062
811315,R,1,9,0,1,95.88,"Diaz, Yainer",R,17,0.0,0.1111111111111111,0.5294117647058824,0.0010588235294117646,0.028878639659666708,0.048
813349,R,11,190,22,26,93.8701030927835,"De La Cruz, Elly",R,289,0.11578947368421053,0.1368421052631579,0.657439446366782,0.04539100346020761,0.03803465984149121,0.514
814305,R,5,25,5,2,93.51333333333334,"Ford, Harry",R,36,0.2,0.08,0.6944444444444444,0.0808611111111111,0.03643932322775649,0.122
814490,R,0,36,3,6,91.84736842105264,"Peraza, Oswald",R,54,0.08333333333333333,0.16666666666666666,0.6666666666666666,0.033944444444444444,0.030882099462556954,0.167
815081,R,1,27,3,5,95.60833333333333,"Rojas, Miguel",R,38,0.1111111111111111,0.18518518518518517,0.7105263157894737,0.047763157894736834,0.032551394913382596,0.13
815083,R,7,98,8,22,93.624,"Riley, Austin",R,150,0.08163265306122448,0.22448979591836735,0.6533333333333333,0.03330666666666666,0.03134024034980444,0.353
820862,R,3,80,5,16,91.85277777777777,"Hill, Derek",R,128,0.0625,0.2,0.625,0.0247109375,0.028559263399662704,0.308
837227,R,2,70,4,9,92.41612903225807,"Adell, Jo",R,134,0.05714285714285714,0.12857142857142856,0.5223880597014925,0.018373134328358205,0.026938611547589506,0.28
434378,L,3,20,4,3,95.74166666666667,"Marte, Ketel",L,29,0.2,0.15,0.6896551724137931,0.08117241379310344,0.03535990879887185,0.1
445276,L,4,53,4,9,95.56,"Cronenworth, Jake",L,100,0.07547169811320754,0.16981132075471697,0.53,0.02462,0.028984521390181556,0.227
453286,L,9,169,12,34,91.24526315789473,"Castro, Willi",L,232,0.07100591715976332,0.20118343195266272,0.728448275862069,0.03237931034482758,0.03129122330139875,0.484
455119,L,1,17,1,1,84.42222222222222,"Marsh, Brandon",L,23,0.058823529411764705,0.058823529411764705,0.7391304347826086,0.02578260869565217,0.029882425541819232,0.086
471911,L,1,39,2,10,94.36842105263158,"Abrams, CJ",L,45,0.05128205128205128,0.2564102564102564,0.8666666666666667,0.029555555555555554,0.030142466440999858,0.178
472610,L,2,32,2,2,95.0875,"Cruz, Oneil",L,43,0.0625,0.0625,0.7441860465116279,0.027581395348837207,0.0298638591277127,0.151
476594,L,2,66,5,10,90.13243243243244,"Mack, Joe",L,96,0.07575757575757576,0.15151515151515152,0.6875,0.03182291666666666,0.030686365788261387,0.268
489446,L,2,52,3,8,94.46060606060605,"Piñango, Yohendrick",L,85,0.057692307692307696,0.15384615384615385,0.611764705882353,0.02198823529411765,0.02841345568623457,0.224
500743,L,1,11,1,2,91.72857142857143,"Valenzuela, Brandon",L,12,0.09090909090909091,0.18181818181818182,0.9166666666666666,0.050916666666666666,0.031458726791861964,0.058
500779,L,3,34,5,6,96.28947368421052,"Marsee, Jakob",L,52,0.14705882352941177,0.17647058823529413,0.6538461538461539,0.05736538461538461,0.03457456336838962,0.159
518585,L,3,72,5,15,89.16666666666667,"Arraez, Luis",L,122,0.06944444444444445,0.20833333333333334,0.5901639344262295,0.025778688524590164,0.028986504197153946,0.286
518876,L,19,312,37,55,94.68372093023255,"Taveras, Leody",L,426,0.11858974358974358,0.1762820512820513,0.7323943661971831,0.05226525821596244,0.04421807733189549,0.634
518886,L,3,69,4,20,93.90232558139536,"McNeil, Jeff",L,102,0.057971014492753624,0.2898550724637681,0.6764705882352942,0.026078431372549022,0.02910821384987223,0.277
519141,L,3,42,3,6,90.08260869565218,"Loperfido, Joey",L,59,0.07142857142857142,0.14285714285714285,0.711864406779661,0.031067796610169486,0.03042063487179919,0.189
519242,L,1,100,6,5,91.3264705882353,"Pasquantino, Vinnie",L,162,0.06,0.05,0.6172839506172839,0.021851851851851848,0.027263280961062453,0.357
527048,L,6,122,9,20,93.83818181818182,"Butler, Lawrence",L,169,0.07377049180327869,0.16393442622950818,0.7218934911242604,0.03275147928994083,0.03127223164663935,0.404
529017,L,1,2,2,0,104.85,"Taveras, Leody",L,2,1.0,0.0,1.0,0.575,0.03625567848303463,0.011
542888,L,2,52,5,3,92.30344827586208,"Rivas, Leo",L,81,0.09615384615384616,0.057692307692307696,0.6419753086419753,0.03616049382716049,0.031589996391916585,0.224
543037,L,15,201,16,35,93.34234234234235,"Aranda, Jonathan",L,312,0.07960199004975124,0.17412935323383086,0.6442307692307693,0.03150641025641026,0.030922104843702794,0.528
543056,L,0,34,0,3,88.72142857142856,"Friedl, TJ",L,47,0.0,0.08823529411764706,0.723404255319149,0.001148936170212766,0.025642978101399705,0.159
543135,L,12,248,22,46,94.31,"Harper, Bryce",L,340,0.08870967741935484,0.18548387096774194,0.7294117647058823,0.039641176470588235,0.03569987207621071,0.579
543238,L,0,16,2,4,91.12,"DeLauter, Chase",L,19,0.125,0.25,0.8421052631578947,0.0643157894736842,0.03304890875250638,0.082
543243,L,10,301,22,55,92.9275,"De La Cruz, Elly",L,445,0.07308970099667775,0.18272425249169436,0.6764044943820224,0.030651685393258427,0.030508712655474196,0.626
543309,L,0,4,0,1,91.56666666666666,"Larnach, Trevor",L,4,0.0,0.25,1.0,0.0045,0.029709421108219034,0.022
543510,L,0,11,3,0,104.25999999999999,"Harris II, Michael",L,15,0.2727272727272727,0.0,0.7333333333333333,0.11499999999999998,0.035149389968127234,0.058
544150,L,5,93,6,17,92.08666666666666,"Carter, Evan",L,124,0.06451612903225806,0.1827956989247312,0.75,0.03029032258064516,0.030276679428250193,0.341
545121,L,0,7,1,0,95.36666666666667,"Caratini, Victor",L,8,0.14285714285714285,0.0,0.875,0.071875,0.03182705071610857,0.037
547179,L,16,255,29,43,95.21489361702127,"Hicks, Liam",L,342,0.11372549019607843,0.16862745098039217,0.7456140350877193,0.0510204678362573,0.042433914441742326,0.586
547184,L,0,7,2,3,93.03333333333335,"Sánchez, Jesús",L,11,0.2857142857142857,0.42857142857142855,0.6363636363636364,0.10945454545454543,0.033233771668952514,0.037
547973,L,0,34,2,2,92.6,"Cronenworth, Jake",L,64,0.058823529411764705,0.058823529411764705,0.53125,0.01853125,0.02840465413043132,0.159
548384,L,2,69,2,12,91.67647058823529,"Lowe, Brandon",L,94,0.028985507246376812,0.17391304347826086,0.7340425531914894,0.01453191489361702,0.02590857675330071,0.277
552640,L,4,84,7,25,91.66037735849056,"Duran, Jarren",L,112,0.08333333333333333,0.2976190476190476,0.75,0.03995535714285714,0.033351452590576904,0.318
554430,L,13,234,15,36,93.75641025641026,"Baldwin, Drake",L,379,0.0641025641025641,0.15384615384615385,0.6174142480211082,0.024467018469656987,0.026989893250753714,0.565
571510,L,1,91,4,11,92.19117647058823,"Abrams, CJ",L,134,0.04395604395604396,0.12087912087912088,0.6791044776119403,0.018641791044776118,0.02636507922135398,0.336
571578,L,1,66,2,18,92.43333333333334,"Gray, Tristan",L,100,0.030303030303030304,0.2727272727272727,0.66,0.014739999999999998,0.026103144243545942,0.268
571771,L,0,2,1,1,96.1,"Gorman, Nolan",L,2,0.5,0.5,1.0,0.2965,0.03319523892259507,0.011
571882,L,0,14,0,7,92.26,"Lee, Jung Hoo",L,19,0.0,0.5,0.7368421052631579,0.00663157894736842,0.028563791696780725,0.072
571912,L,0,2,0,0,92.0,"Lowe, Nathaniel",L,2,0.0,0.0,1.0,0.0,0.029936997164353312,0.011
571927,L,3,94,4,9,91.76111111111112,"Burleson, Alec",L,119,0.0425531914893617,0.09574468085106383,0.7899159663865546,0.020689075630252098,0.026982870777941606,0.343
571945,L,13,236,20,38,95.98879310344829,"Ballesteros, Moisés",L,285,0.0847457627118644,0.16101694915254236,0.8280701754385965,0.042750877192982456,0.037350337743885006,0.567
571948,L,1,67,3,9,91.72,"Abrams, CJ",L,85,0.04477611940298507,0.13432835820895522,0.788235294117647,0.022199999999999998,0.02808070236401742,0.271
572143,L,1,25,2,3,88.08333333333333,"Rengifo, Luis",L,37,0.08,0.12,0.6756756756756757,0.03254054054054054,0.03054657071915032,0.122
572955,L,5,66,6,9,94.87894736842105,"Mayer, Marcelo",L,101,0.09090909090909091,0.13636363636363635,0.6534653465346535,0.03576237623762376,0.031743293965835244,0.268
573009,L,1,39,3,5,92.68823529411765,"Muncy, Max",L,55,0.07692307692307693,0.1282051282051282,0.7090909090909091,0.033,0.0307558606571338,0.178
573124,L,1,97,2,16,86.46444444444445,"Basallo, Samuel",L,142,0.020618556701030927,0.16494845360824742,0.6830985915492958,0.010126760563380282,0.023215990103105377,0.35
573204,L,5,64,5,9,92.96111111111111,"Wood, James",L,92,0.078125,0.140625,0.6956521739130435,0.03301086956521739,0.030988644000353345,0.262
579328,L,1,54,5,8,96.77826086956522,"Alvarez, Yordan",L,82,0.09259259259259259,0.14814814814814814,0.6585365853658537,0.036817073170731705,0.03178057878261459,0.231
592094,L,1,54,4,7,91.76071428571429,"Naylor, Josh",L,67,0.07407407407407407,0.12962962962962962,0.8059701492537313,0.03620895522388059,0.031640243871802795,0.231
592155,L,2,42,1,11,92.84545454545454,"Greene, Riley",L,71,0.023809523809523808,0.2619047619047619,0.5915492957746479,0.01088732394366197,0.02660270761056804,0.189
592288,L,0,2,0,1,100.4,"Burleson, Alec",L,3,0.0,0.5,0.6666666666666666,0.005999999999999999,0.03000293123028738,0.011
592332,L,11,295,20,42,93.21642857142857,"Kurtz, Nick",L,425,0.06779661016949153,0.1423728813559322,0.6941176470588235,0.028837647058823523,0.029380293402663668,0.621
592454,L,1,18,3,2,101.85714285714286,"Cowser, Colton",L,24,0.16666666666666666,0.1111111111111111,0.75,0.073375,0.03418830042379951,0.091
592662,L,2,131,5,14,88.91060606060607,"Bellinger, Cody",L,195,0.03816793893129771,0.10687022900763359,0.6717948717948717,0.016035897435897433,0.024274070893938477,0.421
592773,L,4,79,4,17,91.66904761904762,"Palacios, Richie",L,125,0.05063291139240506,0.21518987341772153,0.632,0.020848,0.02739585128923669,0.305
592779,L,1,26,1,4,94.4125,"Yastrzemski, Mike",L,44,0.038461538461538464,0.15384615384615385,0.5909090909090909,0.014704545454545456,0.028305105173448957,0.126
592791,L,14,133,20,26,93.93444444444445,"Lowe, Josh",L,194,0.15037593984962405,0.19548872180451127,0.6855670103092784,0.06169072164948453,0.04362108454726436,0.425
592826,L,0,6,0,0,95.73333333333333,"Kim, Hyeseong",L,7,0.0,0.0,0.8571428571428571,0.0,0.02929319077372206,0.032
592836,L,6,59,8,5,91.97714285714285,"García Jr., Luis",L,75,0.13559322033898305,0.0847457627118644,0.7866666666666666,0.06253333333333333,0.03823431025346849,0.247
592866,L,2,38,3,3,89.10000000000001,"Giménez, Andrés",L,56,0.07894736842105263,0.07894736842105263,0.6785714285714286,0.03176785714285714,0.030530789244682905,0.174
593958,L,6,178,15,28,93.84712643678161,"Tucker, Kyle",L,236,0.08426966292134831,0.15730337078651685,0.7542372881355932,0.0386822033898305,0.034452418120955675,0.497
593974,L,3,107,4,16,93.57857142857144,"McGonigle, Kevin",L,153,0.037383177570093455,0.14953271028037382,0.6993464052287581,0.016915032679738557,0.02529073860851682,0.373
594027,L,1,45,1,6,91.46190476190476,"Clemens, Kody",L,78,0.022222222222222223,0.13333333333333333,0.5769230769230769,0.008756410256410255,0.02596698642422562,0.2
594580,L,2,77,4,7,94.04074074074073,"Duran, Jarren",L,136,0.05194805194805195,0.09090909090909091,0.5661764705882353,0.017838235294117644,0.026545049033304905,0.3
594798,L,13,247,20,48,93.21417910447762,"Henderson, Gunnar",L,404,0.08097165991902834,0.19433198380566802,0.6113861386138614,0.0306039603960396,0.030463025062609096,0.578
594835,L,0,9,1,1,93.14,"Peters, Tristan",L,13,0.1111111111111111,0.1111111111111111,0.6923076923076923,0.04561538461538461,0.031000380663760655,0.048
595014,L,1,30,4,6,98.21764705882353,"Santana, Carlos",L,46,0.13333333333333333,0.2,0.6521739130434783,0.052347826086956525,0.03342365841200475,0.143
595345,L,2,88,6,20,89.704,"Lowe, Josh",L,125,0.06818181818181818,0.22727272727272727,0.704,0.030479999999999993,0.030338707029523515,0.328
595978,L,0,9,0,1,90.575,"Pederson, Joc",L,9,0.0,0.1111111111111111,1.0,0.0019999999999999996,0.028923457586837578,0.048
596001,L,1,92,2,19,89.08043478260869,"Crawford, Justin",L,119,0.021739130434782608,0.20652173913043478,0.773109243697479,0.01253781512605042,0.024272104689371108,0.338
596117,L,1,13,1,4,97.91111111111111,"Butler, Lawrence",L,13,0.07692307692307693,0.3076923076923077,1.0,0.049769230769230774,0.03158307504617773,0.067
596133,L,4,81,7,15,91.13777777777777,"Reynolds, Bryan",L,126,0.08641975308641975,0.18518518518518517,0.6428571428571429,0.03408730158730158,0.03145442495204495,0.31
596142,L,0,2,0,0,76.0,"Young, Cole",L,2,0.0,0.0,1.0,0.0,0.029936997164353312,0.011
601713,L,0,50,6,7,92.51034482758621,"Carpenter, Kerry",L,79,0.12,0.14,0.6329113924050633,0.045265822784810124,0.033529672274577434,0.217
605130,L,3,44,4,7,93.4074074074074,"Varsho, Daulton",L,70,0.09090909090909091,0.1590909090909091,0.6285714285714286,0.03465714285714286,0.031131463257261557,0.196
605135,L,8,199,14,30,92.863,"Smith, Josh",L,270,0.07035175879396985,0.1507537688442211,0.737037037037037,0.03181481481481481,0.031080954174301977,0.525
605154,L,2,15,2,2,89.92,"Reynolds, Bryan",L,16,0.13333333333333333,0.13333333333333333,0.9375,0.074125,0.0336431204303195,0.077
605156,L,1,2,1,0,98.5,"Varsho, Daulton",L,2,0.5,0.0,1.0,0.2875,0.03309633782369397,0.011
605218,L,0,3,0,0,97.25,"Julien, Edouard",L,12,0.0,0.0,0.25,0.0,0.02977340701591422,0.016
605242,L,2,14,2,1,94.7,"Collins, Isaac",L,27,0.14285714285714285,0.07142857142857142,0.5185185185185185,0.04325925925925925,0.031207026358463567,0.072
605280,L,4,184,8,19,94.4609375,"Gorman, Nolan",L,259,0.043478260869565216,0.10326086956521739,0.7104247104247104,0.01908108108108108,0.0246138802275583,0.505
605288,L,12,200,20,31,94.60280373831776,"Sheets, Gavin",L,284,0.1,0.155,0.704225352112676,0.04245774647887324,0.036684428367597235,0.526
605335,L,2,14,3,2,89.82,"Isbel, Kyle",L,17,0.21428571428571427,0.14285714285714285,0.8235294117647058,0.10358823529411762,0.03556066380427809,0.072
605400,L,22,306,27,57,94.70180722891567,"Seager, Corey",L,458,0.08823529411764706,0.18627450980392157,0.6681222707423581,0.03613755458515284,0.033964249355903434,0.63
605441,L,0,2,0,0,106.6,"Rushing, Dalton",L,3,0.0,0.0,0.6666666666666666,0.0,0.029936997164353312,0.011
605447,L,3,51,3,12,89.94827586206897,"Alvarez, Yordan",L,82,0.058823529411764705,0.23529411764705882,0.6219512195121951,0.023670731707317073,0.028812730740196857,0.221
605452,L,0,24,1,4,88.69090909090909,"Freeland, Alex",L,30,0.041666666666666664,0.16666666666666666,0.8,0.021566666666666665,0.029245752372119127,0.118
605483,L,0,25,0,0,91.63333333333334,"Harris II, Michael",L,53,0.0,0.0,0.4716981132075472,0.0,0.026578212116645378,0.122
605488,L,10,136,12,25,91.06625,"Giménez, Andrés",L,187,0.08823529411764706,0.18382352941176472,0.7272727272727273,0.0393048128342246,0.03415818996635078,0.43
605540,L,3,58,7,9,91.87297297297297,"Simpson, Chandler",L,92,0.1206896551724138,0.15517241379310345,0.6304347826086957,0.045510869565217396,0.03398388201132316,0.244
606115,L,0,1,0,0,89.0,"Antonacci, Sam",L,3,0.0,0.0,0.3333333333333333,0.0,0.030102394938742002,0.006
606303,L,0,13,2,5,93.0909090909091,"Isbel, Kyle",L,19,0.15384615384615385,0.38461538461538464,0.6842105263157895,0.06526315789473684,0.032626707443232546,0.067
606965,L,3,20,2,4,94.39,"Church, Nathan",L,25,0.1,0.2,0.8,0.04888,0.03213066741956151,0.1
606996,L,4,88,7,10,93.76578947368421,"McGonigle, Kevin",L,123,0.07954545454545454,0.11363636363636363,0.7154471544715447,0.03418699186991869,0.0315559282405416,0.328
607067,L,7,249,21,28,93.49741379310345,"Moncada, Yoán",L,346,0.08433734939759036,0.11244979919678715,0.7196531791907514,0.03635549132947977,0.03380198327494817,0.58
607074,L,3,57,5,5,92.31612903225808,"Turang, Brice",L,92,0.08771929824561403,0.08771929824561403,0.6195652173913043,0.03222826086956521,0.030740693474588694,0.241
607192,L,4,103,10,16,93.85964912280701,"Smith, Pavin",L,177,0.0970873786407767,0.1553398058252427,0.5819209039548022,0.034112994350282484,0.031668451950499645,0.364
607200,L,7,240,19,49,92.09624060150375,"Edwards, Xavier",L,329,0.07916666666666666,0.20416666666666666,0.729483282674772,0.03588753799392097,0.03347986333917461,0.571
607259,L,13,336,24,61,92.05187165775402,"Frelick, Sal",L,419,0.07142857142857142,0.18154761904761904,0.801909307875895,0.03555608591885441,0.03371197355164222,0.651
607455,L,1,43,2,5,90.775,"Henderson, Gunnar",L,68,0.046511627906976744,0.11627906976744186,0.6323529411764706,0.018235294117647054,0.02794910821063285,0.193
607481,L,3,31,2,6,95.94,"Pasquantino, Vinnie",L,44,0.06451612903225806,0.1935483870967742,0.7045454545454546,0.02859090909090909,0.030022993676447795,0.147
607536,L,3,124,12,19,92.30149253731344,"Marsee, Jakob",L,166,0.0967741935483871,0.1532258064516129,0.7469879518072289,0.04362650602409638,0.03571782970690873,0.408
607625,L,14,339,28,57,93.01641025641025,"Albies, Ozzie",L,475,0.08259587020648967,0.168141592920354,0.7136842105263158,0.03605473684210526,0.0340483415672177,0.653
608032,L,1,4,1,1,101.86666666666667,"Smith, Dominic",L,6,0.25,0.25,0.6666666666666666,0.09883333333333333,0.03176014574590019,0.022
608331,L,0,72,3,5,90.02857142857144,"Lee, Jung Hoo",L,103,0.041666666666666664,0.06944444444444445,0.6990291262135923,0.01762135922330097,0.02665583868249989,0.286
608337,L,1,52,1,20,91.46875,"Rivas, Leo",L,71,0.019230769230769232,0.38461538461538464,0.7323943661971831,0.013169014084507043,0.026436733690977023,0.224
608344,L,0,8,1,1,91.39999999999999,"Yoshida, Masataka",L,10,0.125,0.125,0.8,0.0593,0.03150496533995906,0.043
608348,L,0,5,0,2,89.89999999999999,"Arraez, Luis",L,5,0.0,0.4,1.0,0.0072,0.029646126940066502,0.027
608371,L,0,10,1,4,90.78333333333335,"Marsee, Jakob",L,20,0.1,0.4,0.5,0.03235,0.030379123599538437,0.053
608372,L,23,289,36,51,94.77261904761905,"Giménez, Andrés",L,372,0.1245674740484429,0.17647058823529413,0.7768817204301075,0.05811290322580644,0.047426785748764105,0.616
608379,L,12,342,23,64,91.90983606557377,"Baldwin, Drake",L,479,0.06725146198830409,0.1871345029239766,0.7139874739039666,0.030014613778705627,0.030102550567489707,0.655
608566,L,9,94,10,12,94.09310344827585,"Bailey, Patrick",L,136,0.10638297872340426,0.1276595744680851,0.6911764705882353,0.04386764705882353,0.03493464345781648,0.343
608650,L,0,23,1,1,91.58461538461538,"Clemens, Kody",L,31,0.043478260869565216,0.043478260869565216,0.7419354838709677,0.019129032258064515,0.029007395201220625,0.113
608718,L,5,103,11,17,92.50217391304349,"Ballesteros, Moisés",L,147,0.10679611650485436,0.1650485436893204,0.7006802721088435,0.04510884353741496,0.03567047479952666,0.364
608723,L,2,24,2,5,93.13529411764705,"Quero, Edgar",L,29,0.08333333333333333,0.20833333333333334,0.8275862068965517,0.04275862068965517,0.03173892343364719,0.118
615698,L,7,170,17,23,94.16842105263157,"Butler, Lawrence",L,245,0.1,0.13529411764705881,0.6938775510204082,0.04158775510204081,0.035767005289312113,0.486
620443,L,2,6,0,3,90.9,"Yastrzemski, Mike",L,6,0.0,0.5,1.0,0.009,0.029583513354367222,0.032
621016,L,0,33,1,6,91.65263157894738,"Palacios, Richie",L,54,0.030303030303030304,0.18181818181818182,0.6111111111111112,0.012648148148148146,0.02753954165634362,0.155
621053,L,3,25,6,2,93.5,"Marsh, Brandon",L,33,0.24,0.08,0.7575757575757576,0.10563636363636363,0.03946069548693362,0.122
621074,L,6,64,8,13,92.08387096774193,"García Jr., Luis",L,98,0.125,0.203125,0.6530612244897959,0.04932653061224489,0.035268161652032684,0.262
621097,L,1,62,1,8,89.70952380952382,"Rocchio, Brayan",L,86,0.016129032258064516,0.12903225806451613,0.7209302325581395,0.008360465116279069,0.024656538517031423,0.256
621107,L,0,4,1,0,100.85,"Carter, Evan",L,10,0.25,0.0,0.4,0.057499999999999996,0.030861595021262515,0.022
621111,L,10,256,18,46,92.4516393442623,"Bailey, Patrick",L,375,0.0703125,0.1796875,0.6826666666666666,0.029807999999999998,0.02999858138511996,0.587
621112,L,5,119,6,19,91.06382978723404,"Raleigh, Cal",L,174,0.05042016806722689,0.15966386554621848,0.6839080459770115,0.02179310344827586,0.026896029412231206,0.398
621121,L,5,67,7,10,94.35161290322581,"Yoshida, Masataka",L,119,0.1044776119402985,0.14925373134328357,0.5630252100840336,0.03533613445378151,0.03164394531301888,0.271
621139,L,0,4,0,0,,"Marsh, Brandon",L,5,0.0,0.0,0.8,0.0,0.029611595021262514,0.022
621237,L,2,77,2,5,85.634375,"Nimmo, Brandon",L,119,0.025974025974025976,0.06493506493506493,0.6470588235294118,0.010420168067226891,0.024322515272718958,0.3
621242,L,1,34,2,11,92.74545454545455,"Marte, Ketel",L,57,0.058823529411764705,0.3235294117647059,0.5964912280701754,0.02364912280701754,0.02921777410911635,0.159
621345,L,3,65,6,4,91.909375,"Bleday, JJ",L,92,0.09230769230769231,0.06153846153846154,0.7065217391304348,0.03828260869565218,0.03239552264950896,0.265
621366,L,0,32,0,4,86.77857142857144,"Chisholm Jr., Jazz",L,49,0.0,0.125,0.6530612244897959,0.0014693877551020405,0.025922424019224375,0.151
621381,L,2,40,4,8,91.07407407407408,"Harris II, Michael",L,54,0.1,0.2,0.7407407407407407,0.045259259259259256,0.03299501751946669,0.182
621383,L,4,47,5,4,92.3913043478261,"Smith, Josh",L,75,0.10638297872340426,0.0851063829787234,0.6266666666666667,0.03929333333333333,0.03213797423162541,0.207
621389,L,0,2,0,0,90.0,"Yelich, Christian",L,4,0.0,0.0,0.5,0.0,0.029936997164353312,0.011
622088,L,3,64,7,7,95.13548387096773,"Happ, Ian",L,104,0.109375,0.109375,0.6153846153846154,0.03991346153846154,0.03279915992776164,0.262
622491,L,17,252,30,46,93.59740259740259,"Bellinger, Cody",L,340,0.11904761904761904,0.18253968253968253,0.7411764705882353,0.05317058823529411,0.04362852249816301,0.583
622554,L,3,74,5,11,93.16060606060607,"Frelick, Sal",L,127,0.06756756756756757,0.14864864864864866,0.5826771653543307,0.024196850393700786,0.02850039532695339,0.291
622608,L,4,103,8,12,89.06458333333335,"Marsee, Jakob",L,148,0.07766990291262135,0.11650485436893204,0.6959459459459459,0.032540540540540536,0.031096145440240208,0.364
622663,L,4,95,11,8,92.15799999999999,"Lukes, Nathan",L,152,0.11578947368421053,0.08421052631578947,0.625,0.04255921052631578,0.0345151217596811,0.345
622694,L,1,19,1,3,95.72857142857143,"Beavers, Dylan",L,29,0.05263157894736842,0.15789473684210525,0.6551724137931034,0.02168965517241379,0.029450436845166655,0.095
622761,L,0,4,0,0,84.93333333333334,"Marsee, Jakob",L,4,0.0,0.0,1.0,0.0,0.029611595021262514,0.022
623149,L,8,84,12,17,95.50943396226415,"Freeman, Freddie",L,122,0.14285714285714285,0.20238095238095238,0.6885245901639344,0.05906557377049179,0.03943197606300611,0.318
623168,L,1,9,0,3,92.32000000000001,"Sullivan, Brett",L,10,0.0,0.3333333333333333,0.9,0.005399999999999999,0.02908536234874234,0.048
623211,L,1,85,3,16,91.596875,"Mangum, Jake",L,123,0.03529411764705882,0.18823529411764706,0.6910569105691057,0.016365853658536583,0.025809928471275143,0.321
623352,L,1,34,1,1,89.48461538461538,"O'Hearn, Ryan",L,48,0.029411764705882353,0.029411764705882353,0.7083333333333334,0.012354166666666666,0.027423248367191445,0.159
623381,L,0,7,0,1,86.46666666666665,"Lee, Jung Hoo",L,9,0.0,0.14285714285714285,0.7777777777777778,0.002,0.029211409004878622,0.037
623437,L,1,28,2,6,88.05714285714285,"Cowser, Colton",L,40,0.07142857142857142,0.21428571428571427,0.7,0.03144999999999999,0.030428526364962995,0.135
623454,L,9,171,13,20,91.53205128205128,"Cronenworth, Jake",L,249,0.07602339181286549,0.11695906432748537,0.6867469879518072,0.03146586345381525,0.03085241063964305,0.487
623465,L,2,27,6,3,92.02777777777777,"Castro, Willi",L,48,0.2222222222222222,0.1111111111111111,0.5625,0.073,0.03584315692711257,0.13
623474,L,6,80,10,12,94.77045454545454,"Caissie, Owen",L,112,0.125,0.15,0.7142857142857143,0.05326785714285714,0.03734600790515721,0.308
624133,L,4,120,9,21,91.89333333333335,"Alvarez, Yordan",L,180,0.075,0.175,0.6666666666666666,0.030849999999999995,0.030501778279707674,0.4
624428,L,1,8,0,3,82.4,"Pasquantino, Vinnie",L,8,0.0,0.375,1.0,0.006749999999999999,0.0292687951271931,0.043
624431,L,1,15,3,3,94.95,"Rumfield, TJ",L,18,0.2,0.2,0.8333333333333334,0.09883333333333333,0.035543761455960526,0.077
624522,L,1,21,4,5,95.04166666666667,"Marte, Ketel",L,23,0.19047619047619047,0.23809523809523808,0.9130434782608695,0.10391304347826084,0.03796371839281483,0.104
625643,L,6,118,10,25,92.98088235294118,"Pasquantino, Vinnie",L,196,0.0847457627118644,0.211864406779661,0.6020408163265306,0.03163265306122449,0.030809350822606683,0.396
628452,L,4,92,10,19,93.2925925925926,"Butler, Lawrence",L,132,0.10869565217391304,0.20652173913043478,0.696969696969697,0.04615151515151515,0.03564144440386653,0.338
628708,L,0,2,0,1,95.7,"Yastrzemski, Mike",L,2,0.0,0.5,1.0,0.009,0.03003589826325441,0.011
640448,L,4,89,5,15,91.90888888888888,"Merrill, Jackson",L,125,0.056179775280898875,0.16853932584269662,0.712,0.025159999999999995,0.028579083583317108,0.331
640451,L,1,7,1,0,93.14,"Lile, Daylen",L,11,0.14285714285714285,0.0,0.6363636363636364,0.05227272727272726,0.03109327580118392,0.037
640454,L,2,12,1,3,93.46666666666665,"Schanuel, Nolan",L,22,0.08333333333333333,0.25,0.5454545454545454,0.028590909090909084,0.030164710380225057,0.062
640455,L,5,123,10,18,93.02222222222223,"O'Hearn, Ryan",L,196,0.08130081300813008,0.14634146341463414,0.6275510204081632,0.030989795918367345,0.03056197485766167,0.406
641302,L,1,104,4,7,87.74871794871794,"Harper, Bryce",L,135,0.038461538461538464,0.0673076923076923,0.7703703703703704,0.017970370370370373,0.02576567606489726,0.366
641312,L,3,38,4,8,92.46111111111111,"Happ, Ian",L,51,0.10526315789473684,0.21052631578947367,0.7450980392156863,0.04792156862745098,0.033346573815391925,0.174
641329,L,2,88,6,12,91.62105263157895,"Burleson, Alec",L,127,0.06818181818181818,0.13636363636363635,0.6929133858267716,0.02886614173228346,0.029808783419228532,0.328
641386,L,0,2,0,0,79.0,"Clark, Max",L,3,0.0,0.0,0.6666666666666666,0.0,0.029936997164353312,0.011
641401,L,2,22,3,4,94.16153846153846,"Raley, Luke",L,32,0.13636363636363635,0.18181818181818182,0.6875,0.05615625,0.03308896526689259,0.109
641585,L,0,13,2,2,93.58333333333333,"Naylor, Josh",L,22,0.15384615384615385,0.15384615384615385,0.5909090909090909,0.05390909090909092,0.03186192572917349,0.067
641656,L,0,8,0,2,100.425,"Abrams, CJ",L,10,0.0,0.25,0.8,0.0036,0.02913475257400161,0.043
641743,L,2,125,3,26,90.04912280701755,"Turang, Brice",L,195,0.024,0.208,0.6410256410256411,0.011246153846153847,0.022473123654693554,0.41
641745,L,1,41,0,4,88.78095238095239,"Ruiz, Keibert",L,66,0.0,0.0975609756097561,0.6212121212121212,0.0010909090909090907,0.024856383514206222,0.186
641755,L,7,68,4,20,92.23243243243243,"Caglianone, Jac",L,110,0.058823529411764705,0.29411764705882354,0.6181818181818182,0.02418181818181818,0.028600391614015883,0.274
641778,L,6,76,7,14,90.36666666666667,"Kurtz, Nick",L,110,0.09210526315789473,0.18421052631578946,0.6909090909090909,0.03888181818181818,0.032826373694259704,0.297
641793,L,22,241,32,42,95.13931034482759,"Marsh, Brandon",L,304,0.13278008298755187,0.17427385892116182,0.7927631578947368,0.06301315789473684,0.04901354996803772,0.572
641816,L,12,232,15,41,92.01596638655462,"McMahon, Ryan",L,339,0.06465517241379311,0.17672413793103448,0.6843657817109144,0.027619469026548677,0.028777306548717466,0.563
641835,L,2,86,4,5,93.62608695652175,"Nimmo, Brandon",L,115,0.046511627906976744,0.05813953488372093,0.7478260869565218,0.020782608695652172,0.02720239786367816,0.323
641927,L,13,252,26,47,93.94963503649635,"Beavers, Dylan",L,316,0.10317460317460317,0.1865079365079365,0.7974683544303798,0.049987341772151896,0.04177162872799672,0.583
641941,L,5,56,7,7,94.74857142857142,"Yoshida, Masataka",L,92,0.125,0.125,0.6086956521739131,0.04511956521739131,0.03379334379697549,0.237
642048,L,0,28,1,7,93.05714285714285,"Baty, Brett",L,48,0.03571428571428571,0.25,0.5833333333333334,0.014604166666666666,0.02816081803162966,0.135
642100,L,1,59,3,7,92.02173913043478,"Manzardo, Kyle",L,88,0.05084745762711865,0.11864406779661017,0.6704545454545454,0.02103409090909091,0.027989727395601113,0.247
642121,L,1,95,8,17,92.06875000000001,"Burleson, Alec",L,140,0.08421052631578947,0.17894736842105263,0.6785714285714286,0.03504285714285714,0.03191856331812266,0.345
642152,L,1,12,1,5,95.81428571428572,"Domínguez, Jasson",L,21,0.08333333333333333,0.4166666666666667,0.5714285714285714,0.03166666666666666,0.03035694522870991,0.062
642207,L,2,62,2,13,91.47333333333333,"Reynolds, Bryan",L,101,0.03225806451612903,0.20967741935483872,0.6138613861386139,0.013702970297029701,0.02602527951375266,0.256
642215,L,0,7,0,2,84.45,"Abreu, Wilyer",L,7,0.0,0.2857142857142857,1.0,0.005142857142857143,0.02932905606370215,0.037
642232,L,1,68,1,15,86.61111111111111,"Hicks, Liam",L,101,0.014705882352941176,0.22058823529411764,0.6732673267326733,0.008366336633663365,0.024263888608876658,0.274
642376,L,1,24,2,2,92.98888888888888,"DeLauter, Chase",L,44,0.08333333333333333,0.08333333333333333,0.5454545454545454,0.02695454545454545,0.029879620464810748,0.118
642397,L,3,62,4,6,93.63181818181819,"Soto, Juan",L,102,0.06451612903225806,0.0967741935483871,0.6078431372549019,0.023607843137254902,0.02856289156372771,0.256
642528,L,2,99,5,14,91.30465116279069,"Freeman, Freddie",L,133,0.050505050505050504,0.1414141414141414,0.7443609022556391,0.023511278195488716,0.027871505466902098,0.355
642546,L,1,32,1,5,87.32222222222222,"Rengifo, Luis",L,49,0.03125,0.15625,0.6530612244897959,0.01357142857142857,0.0277491471613114,0.151
642547,L,17,320,21,54,92.04802259887006,"Reynolds, Bryan",L,461,0.065625,0.16875,0.6941431670281996,0.028301518438177874,0.029010038768258445,0.64
642585,L,0,2,1,1,100.6,"Mitchell, Garrett",L,4,0.5,0.5,0.5,0.14825,0.031566118043474194,0.011
642701,L,6,90,10,23,92.90317460317459,"Benge, Carson",L,137,0.1111111111111111,0.25555555555555554,0.656934306569343,0.044992700729927,0.03517732055409531,0.333
642759,L,1,8,1,1,91.4,"Olson, Matt",L,10,0.125,0.125,0.8,0.0593,0.03150496533995906,0.043
643361,L,0,2,0,1,87.9,"Stowers, Kyle",L,2,0.0,0.5,1.0,0.009,0.03003589826325441,0.011
643377,L,10,179,16,23,91.51505376344086,"Burleson, Alec",L,278,0.0893854748603352,0.12849162011173185,0.6438848920863309,0.034582733812949636,0.03242017503183924,0.499
643410,L,0,48,1,11,88.26363636363637,"Giménez, Andrés",L,87,0.020833333333333332,0.22916666666666666,0.5517241379310345,0.008885057471264368,0.02576761509882891,0.211
643511,L,1,121,1,8,89.40882352941176,"Cortes, Carlos",L,163,0.008264462809917356,0.06611570247933884,0.7423312883435583,0.004411042944785276,0.019874650100436278,0.402
644433,L,0,3,0,1,96.43333333333334,"McGonigle, Kevin",L,4,0.0,0.3333333333333333,0.75,0.0045,0.0298471775077175,0.016
645261,L,18,395,29,61,93.10758293838863,"Rumfield, TJ",L,537,0.07341772151898734,0.15443037974683543,0.7355679702048417,0.03309683426443203,0.032211796553674704,0.687
645302,L,0,4,0,1,90.89999999999999,"McKinstry, Zach",L,4,0.0,0.25,1.0,0.0045,0.029709421108219034,0.022
646241,L,1,61,5,10,94.34827586206896,"Cronenworth, Jake",L,82,0.08196721311475409,0.16393442622950818,0.7439024390243902,0.0372560975609756,0.032037989357393416,0.253
646242,L,1,4,1,0,100.65,"Turang, Brice",L,4,0.25,0.0,1.0,0.14375,0.03273659502126251,0.022
647315,L,0,9,0,0,91.78,"Nimmo, Brandon",L,16,0.0,0.0,0.5625,0.0,0.028828219491599482,0.048
647336,L,7,202,17,45,91.12212389380531,"Carpenter, Kerry",L,285,0.08415841584158416,0.22277227722772278,0.7087719298245614,0.03714035087719299,0.03390283864163687,0.529
650556,L,5,77,4,15,91.6,"Frazier, Adam",L,144,0.05194805194805195,0.19480519480519481,0.5347222222222222,0.017847222222222223,0.026547741614877093,0.3
650633,L,13,325,30,37,93.15471698113208,"Carpenter, Kerry",L,477,0.09230769230769231,0.11384615384615385,0.6813417190775681,0.037559748427672957,0.03496129054040795,0.644
650644,L,12,199,14,44,93.12241379310345,"Baldwin, Drake",L,271,0.07035175879396985,0.22110552763819097,0.7343173431734318,0.03262730627306273,0.031507565784305504,0.525
650911,L,1,121,3,11,91.47749999999999,"Seager, Corey",L,192,0.024793388429752067,0.09090909090909091,0.6302083333333334,0.010015625,0.022127654846884722,0.402
650960,L,3,46,5,8,88.11666666666666,"García Jr., Luis",L,70,0.10869565217391304,0.17391304347826086,0.6571428571428571,0.043128571428571426,0.03288693703374596,0.204
655316,L,1,3,0,2,91.45,"Bellinger, Cody",L,5,0.0,0.6666666666666666,0.6,0.007199999999999999,0.029891439802799465,0.016
655889,L,1,6,1,0,96.83333333333333,"Keith, Colt",L,15,0.16666666666666666,0.0,0.4,0.03833333333333333,0.030529749913507005,0.032
656212,L,0,17,1,3,92.4375,"Crawford, Justin",L,23,0.058823529411764705,0.17647058823529413,0.7391304347826086,0.027347826086956517,0.03001749506289626,0.086
656222,L,4,36,5,6,96.11176470588236,"Crawford, Justin",L,51,0.1388888888888889,0.16666666666666666,0.7058823529411765,0.058490196078431374,0.034973058068221444,0.167
656234,L,2,39,5,8,95.35,"Bailey, Patrick",L,57,0.1282051282051282,0.20512820512820512,0.6842105263157895,0.05296491228070174,0.03431125599479301,0.178
656240,L,3,53,3,10,92.06206896551724,"Schanuel, Nolan",L,71,0.05660377358490566,0.18867924528301888,0.7464788732394366,0.02683098591549296,0.029487449516881675,0.227
656271,L,2,86,6,9,89.31860465116279,"Duran, Jarren",L,136,0.06976744186046512,0.10465116279069768,0.6323529411764706,0.02655882352941176,0.029069895892638024,0.323
656288,L,11,155,15,21,96.13066666666667,"Antonacci, Sam",L,229,0.0967741935483871,0.13548387096774195,0.6768558951965066,0.039314410480349345,0.034454528681690896,0.463
656302,L,8,205,13,37,92.79090909090908,"Soderstrom, Tyler",L,400,0.06341463414634146,0.18048780487804877,0.5125,0.0203525,0.02498908047769429,0.532
656427,L,5,136,10,27,93.43766233766233,"Cronenworth, Jake",L,218,0.07352941176470588,0.19852941176470587,0.6238532110091743,0.02860550458715596,0.029553424391663016,0.43
656457,L,1,11,1,4,97.43333333333334,"Mitchell, Garrett",L,18,0.09090909090909091,0.36363636363636365,0.6111111111111112,0.035944444444444446,0.030596452213618803,0.058
656464,L,4,106,9,15,92.64615384615385,"Freeman, Freddie",L,157,0.08490566037735849,0.14150943396226415,0.6751592356687898,0.03468152866242038,0.031904809517933085,0.371
656492,L,7,124,12,20,92.4,"Harper, Bryce",L,197,0.0967741935483871,0.16129032258064516,0.6294416243654822,0.036852791878172586,0.032954867357913496,0.408
656529,L,0,50,2,5,88.78,"Lowe, Brandon",L,84,0.04,0.1,0.5952380952380952,0.01476190476190476,0.026898385747858876,0.217
656546,L,1,81,2,16,93.00645161290322,"Soderstrom, Tyler",L,156,0.024691358024691357,0.19753086419753085,0.5192307692307693,0.009217948717948718,0.023736349923625093,0.31
656550,L,13,269,25,45,94.37985074626866,"Pasquantino, Vinnie",L,377,0.09293680297397769,0.16728624535315986,0.713527851458886,0.040278514588859414,0.03626604433923271,0.599
656557,L,0,7,0,1,84.75,"Happ, Ian",L,7,0.0,0.14285714285714285,1.0,0.0025714285714285713,0.029232799379210174,0.037
656577,L,1,4,0,2,94.45,"McKinstry, Zach",L,4,0.0,0.5,1.0,0.009,0.029807247195175558,0.022
656605,L,11,239,20,42,93.30571428571427,"Soto, Juan",L,321,0.08368200836820083,0.17573221757322174,0.7445482866043613,0.038180685358255445,0.034782141490537835,0.57
656638,L,8,107,17,12,95.92068965517241,"Baldwin, Drake",L,155,0.1588785046728972,0.11214953271028037,0.6903225806451613,0.06445806451612902,0.04301584107016762,0.373
656641,L,2,68,4,10,95.53428571428572,"Stott, Bryson",L,94,0.058823529411764705,0.14705882352941177,0.723404255319149,0.026382978723404255,0.02920393563348303,0.274
656686,L,1,7,1,1,101.39999999999999,"Schwarber, Kyle",L,11,0.14285714285714285,0.14285714285714285,0.6363636363636364,0.0539090909090909,0.031154530054951543,0.037
656716,L,1,5,0,3,94.0,"Busch, Michael",L,6,0.0,0.6,0.8333333333333334,0.009,0.02969477558871515,0.027
656730,L,1,75,5,15,94.17948717948718,"Murakami, Munetaka",L,113,0.06666666666666667,0.2,0.6637168141592921,0.027831858407079645,0.029552638684091276,0.294
656756,L,0,28,1,4,95.4,"Henderson, Gunnar",L,40,0.03571428571428571,0.14285714285714285,0.7,0.016175,0.028372276364962996,0.135
656786,L,0,19,1,3,88.17272727272727,"Aranda, Jonathan",L,21,0.05263157894736842,0.15789473684210525,0.9047619047619048,0.02995238095238095,0.030239340311595683,0.095
656794,L,1,99,6,13,91.7642857142857,"Yelich, Christian",L,149,0.06060606060606061,0.13131313131313133,0.6644295302013423,0.0247248322147651,0.028302121409225976,0.355
656848,L,3,94,12,10,95.375,"McCarthy, Jake",L,161,0.1276595744680851,0.10638297872340426,0.5838509316770186,0.0439751552795031,0.03497152584009341,0.343
656849,L,6,121,10,20,93.73076923076923,"Lowe, Brandon",L,195,0.08264462809917356,0.1652892561983471,0.6205128205128205,0.03133333333333333,0.030697231950982173,0.402
656876,L,10,257,15,38,92.06929133858267,"Wetherholt, JJ",L,393,0.058365758754863814,0.14785992217898833,0.6539440203562341,0.02368702290076336,0.026398394438005686,0.588
656945,L,0,50,3,8,88.81666666666666,"Thomas, Alek",L,77,0.06,0.16,0.6493506493506493,0.02427272727272727,0.028965955858907246,0.217
656986,L,2,46,7,7,91.034375,"Chisholm Jr., Jazz",L,68,0.15217391304347827,0.15217391304347827,0.6764705882352942,0.06104411764705882,0.03653346414016375,0.204
657044,L,2,64,2,13,91.87142857142858,"Muncy, Max",L,80,0.03125,0.203125,0.8,0.0173,0.026867760179968454,0.262
657097,L,4,109,4,20,91.56379310344828,"Lile, Daylen",L,171,0.03669724770642202,0.1834862385321101,0.6374269005847953,0.015555555555555557,0.024720031278435497,0.377
657265,L,0,15,1,2,98.81428571428572,"Busch, Michael",L,27,0.06666666666666667,0.13333333333333333,0.5555555555555556,0.022629629629629628,0.029681938094137165,0.077
657277,L,8,285,19,43,90.97857142857143,"McMahon, Ryan",L,397,0.06666666666666667,0.15087719298245614,0.7178841309823678,0.029468513853904282,0.029778623510268866,0.613
657376,L,0,1,0,0,70.5,"Lee, Brooks",L,1,0.0,0.0,1.0,0.0,0.030102394938742002,0.006
657424,L,2,29,2,5,89.97692307692309,"Wells, Austin",L,54,0.06896551724137931,0.1724137931034483,0.5370370370370371,0.022962962962962963,0.029255786649943678,0.139
657514,L,2,97,6,11,89.47446808510638,"Conine, Griffin",L,132,0.061855670103092786,0.1134020618556701,0.7348484848484849,0.027636363636363636,0.02934751175682157,0.35
657571,L,1,49,2,4,95.925,"Young, Jared",L,82,0.04081632653061224,0.08163265306122448,0.5975609756097561,0.01490243902439024,0.02698145413147347,0.214
657612,L,5,112,7,6,94.15151515151516,"Lee, Jung Hoo",L,137,0.0625,0.05357142857142857,0.8175182481751825,0.03016788321167883,0.030230604121987435,0.384
657649,L,1,9,1,0,97.325,"Murakami, Munetaka",L,14,0.1111111111111111,0.0,0.6428571428571429,0.04107142857142857,0.030784001804524654,0.048
657746,L,14,242,24,46,94.6,"Cowser, Colton",L,356,0.09917355371900827,0.19008264462809918,0.6797752808988764,0.04108988764044944,0.03647461206848594,0.573
657756,L,1,44,3,6,91.76296296296296,"Sheets, Gavin",L,61,0.06818181818181818,0.13636363636363635,0.7213114754098361,0.03004918032786885,0.030226327760439875,0.196
660271,L,3,127,5,17,91.49019607843137,"Manzardo, Kyle",L,191,0.03937007874015748,0.13385826771653545,0.6649214659685864,0.016654450261780102,0.02463729207543445,0.414
660604,L,2,50,4,16,92.4923076923077,"Crow-Armstrong, Pete",L,72,0.08,0.32,0.6944444444444444,0.035944444444444446,0.03150328567884576,0.217
660710,L,1,7,2,0,98.875,"Ward, Ryan",L,7,0.2857142857142857,0.0,1.0,0.16428571428571426,0.03528627531503905,0.037
660761,L,2,79,0,18,91.5025,"Butler, Lawrence",L,120,0.0,0.22784810126582278,0.6583333333333333,0.0026999999999999997,0.021860360941746343,0.305
660787,L,1,21,0,2,96.56,"Moncada, Yoán",L,31,0.0,0.09523809523809523,0.6774193548387096,0.0011612903225806449,0.02722846060043033,0.104
660825,L,5,91,10,15,93.0,"Kayfus, CJ",L,145,0.10989010989010989,0.16483516483516483,0.6275862068965518,0.04151724137931034,0.03404650350343005,0.336
660844,L,0,6,1,1,94.02000000000001,"Mitchell, Garrett",L,6,0.16666666666666666,0.16666666666666666,1.0,0.09883333333333333,0.03248136281673281,0.032
660853,L,5,120,6,24,92.55999999999999,"Johnston, Troy",L,156,0.05,0.2,0.7692307692307693,0.024884615384615383,0.028115624433553827,0.4
661395,L,1,78,2,12,90.33103448275861,"Carter, Evan",L,129,0.02564102564102564,0.15384615384615385,0.6046511627906976,0.010589147286821704,0.02431971694683874,0.302
661527,L,0,0,0,0,,"Lukes, Nathan",L,2,0.0,0.0,0.0,0.0,0.03026963046617946,0.0
661563,L,1,42,2,6,93.405,"Simpson, Chandler",L,57,0.047619047619047616,0.14285714285714285,0.7368421052631579,0.022070175438596486,0.028718382217717813,0.189
662144,L,1,6,2,1,95.2,"Chisholm Jr., Jazz",L,8,0.3333333333333333,0.16666666666666666,0.75,0.146,0.03400286819307689,0.032
662253,L,5,66,7,4,97.86153846153846,"Kayfus, CJ",L,131,0.10606060606060606,0.06060606060606061,0.5038167938931297,0.03127480916030534,0.030539312554847375,0.268
663158,L,1,50,3,5,89.095,"Jensen, Carter",L,69,0.06,0.1,0.7246376811594203,0.026304347826086955,0.02940761250094196,0.217
663362,L,5,78,6,15,91.62666666666667,"Schanuel, Nolan",L,108,0.07692307692307693,0.19230769230769232,0.7222222222222222,0.034444444444444444,0.03153178352937585,0.302
663372,L,10,214,20,41,92.6283185840708,"Sánchez, Jesús",L,301,0.09345794392523364,0.19158878504672897,0.7109634551495017,0.04065780730897009,0.03591193971581701,0.543
663423,L,4,52,4,12,94.15,"Benson, Will",L,80,0.07692307692307693,0.23076923076923078,0.65,0.031450000000000006,0.030534196051346135,0.224
663432,L,0,8,0,2,89.97999999999999,"Rocchio, Brayan",L,16,0.0,0.25,0.5,0.00225,0.029077305765490974,0.043
663436,L,8,255,19,46,93.22074074074074,"Edwards, Xavier",L,360,0.07450980392156863,0.1803921568627451,0.7083333333333334,0.032647222222222216,0.03166339115075625,0.586
663460,L,1,34,1,4,88.35882352941177,"Wallner, Matt",L,57,0.029411764705882353,0.11764705882352941,0.5964912280701754,0.011350877192982455,0.027263847235858438,0.159
663465,L,1,15,2,2,96.76,"Tucker, Kyle",L,20,0.13333333333333333,0.13333333333333333,0.75,0.05929999999999999,0.03250273581493489,0.077
663485,L,3,15,3,3,97.11,"Henderson, Gunnar",L,22,0.2,0.2,0.6818181818181818,0.08086363636363636,0.034161477073676144,0.077
663494,L,0,3,0,2,101.39999999999999,"Chourio, Jackson",L,3,0.0,0.6666666666666666,1.0,0.011999999999999999,0.029970128327389628,0.016
663542,L,4,73,3,11,90.72058823529412,"Hamilton, David",L,114,0.0410958904109589,0.1506849315068493,0.6403508771929824,0.016868421052631578,0.026402878342902794,0.289
663554,L,6,224,11,35,92.5547619047619,"Perdomo, Geraldo",L,311,0.049107142857142856,0.15625,0.7202572347266881,0.022363344051446944,0.025885946909496083,0.554
663556,L,4,75,9,12,93.45135135135135,"Turang, Brice",L,110,0.12,0.16,0.6818181818181818,0.0490090909090909,0.03578123647880047,0.294
663558,L,5,64,8,9,94.75806451612904,"Friedl, TJ",L,111,0.125,0.140625,0.5765765765765766,0.042900900900900894,0.033582750580204754,0.262
663559,L,1,24,1,4,94.45384615384616,"Olson, Matt",L,28,0.041666666666666664,0.16666666666666666,0.8571428571428571,0.023107142857142854,0.029426984865116326,0.118
663567,L,7,235,13,42,91.57615384615384,"Gorman, Nolan",L,370,0.05531914893617021,0.17872340425531916,0.6351351351351351,0.022245945945945946,0.025726098267974937,0.566
663568,L,4,96,5,16,91.86530612244897,"Manzardo, Kyle",L,126,0.052083333333333336,0.16666666666666666,0.7619047619047619,0.025103174603174603,0.0284726023399169,0.348
663574,L,5,60,10,12,96.98684210526316,"Abreu, Wilyer",L,96,0.16666666666666666,0.2,0.625,0.06214583333333333,0.03823868118296793,0.25
663623,L,12,182,22,31,95.219,"Busch, Michael",L,282,0.12087912087912088,0.17032967032967034,0.6453900709219859,0.046836879432624115,0.038599020830524564,0.503
663687,L,2,73,4,8,91.04,"Barger, Addison",L,125,0.0547945205479452,0.1095890410958904,0.584,0.019551999999999996,0.027177191636017003,0.289
663738,L,2,98,6,10,88.99117647058823,"Wallner, Matt",L,132,0.061224489795918366,0.10204081632653061,0.7424242424242424,0.0275,0.029293285913353603,0.353
663765,L,3,44,4,10,91.8423076923077,"McGuire, Reese",L,54,0.09090909090909091,0.22727272727272727,0.8148148148148148,0.04592592592592592,0.03334497421720109,0.196
663767,L,7,66,9,14,92.18444444444445,"Happ, Ian",L,105,0.13636363636363635,0.21212121212121213,0.6285714285714286,0.05168571428571428,0.03601540905190831,0.268
663776,L,3,56,4,5,89.7925925925926,"Antonacci, Sam",L,89,0.07142857142857142,0.08928571428571429,0.6292134831460674,0.026853932584269657,0.02945912588403137,0.237
663795,L,1,15,2,4,96.08,"Aranda, Jonathan",L,19,0.13333333333333333,0.26666666666666666,0.7894736842105263,0.0643157894736842,0.032888565774449055,0.077
663855,L,1,39,0,7,89.5125,"Hamilton, David",L,84,0.0,0.1794871794871795,0.4642857142857143,0.0015,0.02514627161603791,0.178
663878,L,0,73,4,9,92.23714285714286,"Caratini, Victor",L,119,0.0547945205479452,0.1232876712328767,0.6134453781512605,0.0206890756302521,0.027505280651860496,0.289
663884,L,0,1,0,0,85.2,"Lee, Jung Hoo",L,3,0.0,0.0,0.3333333333333333,0.0,0.030102394938742002,0.006
663893,L,3,29,1,3,92.82222222222222,"Soderstrom, Tyler",L,64,0.034482758620689655,0.10344827586206896,0.453125,0.009828124999999998,0.027433249324939245,0.139
663903,L,23,325,35,60,93.85340314136126,"Anthony, Roman",L,472,0.1076923076923077,0.18461538461538463,0.6885593220338984,0.04492584745762712,0.03970184932206162,0.644
663941,L,1,32,1,1,90.82222222222222,"Tucker, Kyle",L,38,0.03125,0.03125,0.8421052631578947,0.015605263157894735,0.028056141061155348,0.151
663947,L,3,92,6,10,92.40625,"Merrill, Jackson",L,129,0.06521739130434782,0.10869565217391304,0.7131782945736435,0.02813953488372093,0.0295491569603479,0.338
663967,L,0,3,0,0,75.7,"Freeland, Alex",L,3,0.0,0.0,1.0,0.0,0.02977340701591422,0.016
663969,L,9,205,17,32,93.30909090909091,"Castro, Willi",L,301,0.08292682926829269,0.15609756097560976,0.6810631229235881,0.034388704318936876,0.03246290355660873,0.532
663978,L,4,123,6,20,90.60634920634921,"Murakami, Munetaka",L,158,0.04878048780487805,0.16260162601626016,0.7784810126582279,0.02411392405063291,0.027770779346997197,0.406
663992,L,1,53,3,6,92.6047619047619,"O'Hearn, Ryan",L,83,0.05660377358490566,0.11320754716981132,0.6385542168674698,0.022084337349397586,0.02840773975721191,0.227
664062,L,1,3,1,0,109.1,"Montgomery, Braden",L,8,0.3333333333333333,0.0,0.375,0.071875,0.03095168570443881,0.016
664074,L,0,4,0,1,99.1,"McCarthy, Jake",L,6,0.0,0.25,0.6666666666666666,0.0029999999999999996,0.029676812412566863,0.022
664076,L,2,44,4,7,90.82,"Wetherholt, JJ",L,73,0.09090909090909091,0.1590909090909091,0.6027397260273972,0.03323287671232877,0.030851696693101643,0.196
664126,L,7,63,9,12,94.78571428571429,"Rumfield, TJ",L,105,0.14285714285714285,0.19047619047619047,0.6,0.051342857142857135,0.03573305960457737,0.259
664129,L,0,34,2,8,94.54545454545455,"Walton, Donovan",L,55,0.058823529411764705,0.23529411764705882,0.6181818181818182,0.023527272727272727,0.02919841475065222,0.159
664141,L,0,84,4,15,92.76590909090909,"Grisham, Trent",L,122,0.047619047619047616,0.17857142857142858,0.6885245901639344,0.0210655737704918,0.027341066972097025,0.318
664192,L,0,6,0,0,98.05000000000001,"Alvarez, Yordan",L,11,0.0,0.0,0.5454545454545454,0.0,0.02929319077372206,0.032
664199,L,4,132,9,22,92.85438596491228,"Freeman, Freddie",L,164,0.06818181818181818,0.16666666666666666,0.8048780487804879,0.033969512195121954,0.03183496504380897,0.423
664208,L,3,37,7,6,91.93478260869566,"Ruiz, Keibert",L,59,0.1891891891891892,0.16216216216216217,0.6271186440677966,0.07005084745762712,0.037052602948592195,0.171
664238,L,0,2,0,1,98.0,"Abrams, CJ",L,3,0.0,0.5,0.6666666666666666,0.005999999999999999,0.03000293123028738,0.011
664285,L,4,117,6,20,92.58444444444444,"Merrill, Jackson",L,177,0.05128205128205128,0.17094017094017094,0.6610169491525424,0.021525423728813557,0.02682494296358077,0.394
664299,L,3,102,6,25,88.78636363636363,"Schanuel, Nolan",L,140,0.058823529411764705,0.24509803921568626,0.7285714285714285,0.027857142857142855,0.029397028565038563,0.362
664353,L,0,65,2,20,89.8232558139535,"Polanco, Jorge",L,87,0.03076923076923077,0.3076923076923077,0.7471264367816092,0.01735632183908046,0.026843650626336864,0.265
664702,L,1,7,1,1,94.5,"Conforto, Michael",L,7,0.14285714285714285,0.14285714285714285,1.0,0.0847142857142857,0.0323076656893706,0.037
664731,L,0,1,0,0,79.5,"Frazier, Adam",L,2,0.0,0.0,0.5,0.0,0.030102394938742002,0.006
664744,L,0,1,0,0,,"Johnson, Daniel",L,1,0.0,0.0,1.0,0.0,0.030102394938742002,0.006
664774,L,0,1,0,0,81.7,"Ballesteros, Moisés",L,1,0.0,0.0,1.0,0.0,0.030102394938742002,0.006
664849,L,2,18,5,1,96.47999999999999,"Soto, Juan",L,31,0.2777777777777778,0.05555555555555555,0.5806451612903226,0.09332258064516129,0.0360017168460869,0.091
664854,L,2,25,2,2,96.9375,"Larnach, Trevor",L,48,0.08,0.08,0.5208333333333334,0.024708333333333332,0.0295914234987592,0.122
664875,L,4,42,5,4,95.66818181818181,"Soto, Juan",L,77,0.11904761904761904,0.09523809523809523,0.5454545454545454,0.038272727272727264,0.031783729862012826,0.189
664954,L,0,12,0,5,89.05555555555556,"Pederson, Joc",L,15,0.0,0.4166666666666667,0.8,0.006,0.02875277856204324,0.062
664991,L,1,78,4,6,92.40588235294118,"Wallner, Matt",L,117,0.05128205128205128,0.07692307692307693,0.6666666666666666,0.020581196581196576,0.02734056905909161,0.302
665152,L,10,152,11,33,93.13068181818181,"Perdomo, Geraldo",L,216,0.07236842105263158,0.21710526315789475,0.7037037037037037,0.032032407407407405,0.031076684969392254,0.458
665622,L,3,76,6,14,93.03061224489795,"Varsho, Daulton",L,146,0.07894736842105263,0.18421052631578946,0.5205479452054794,0.025356164383561638,0.02881094522290229,0.297
665645,L,0,8,0,1,94.1,"Mitchell, Garrett",L,12,0.0,0.125,0.6666666666666666,0.0014999999999999998,0.029045390871873952,0.043
665660,L,6,65,12,8,93.42631578947368,"Varsho, Daulton",L,110,0.18461538461538463,0.12307692307692308,0.5909090909090909,0.06403636363636364,0.03922815151133036,0.265
665665,L,0,27,2,0,90.06,"Lile, Daylen",L,42,0.07407407407407407,0.0,0.6428571428571429,0.027380952380952377,0.02989284636810636,0.13
665795,L,9,154,18,21,96.47066666666667,"Lowe, Josh",L,209,0.11688311688311688,0.13636363636363635,0.7368421052631579,0.05133014354066985,0.039980166434657065,0.461
665871,L,13,140,16,16,93.38571428571429,"Walls, Taylor",L,197,0.11428571428571428,0.11428571428571428,0.7106598984771574,0.048162436548223345,0.03809773312707366,0.438
666126,L,3,15,2,3,95.88888888888889,"Gilbert, Drew",L,17,0.13333333333333333,0.2,0.8823529411764706,0.0708235294117647,0.0333891611543014,0.077
666129,L,0,5,0,1,74.13333333333334,"Outman, James",L,9,0.0,0.2,0.5555555555555556,0.002,0.02950558639952596,0.027
666142,L,4,28,4,3,92.89999999999999,"Baldwin, Drake",L,51,0.14285714285714285,0.10714285714285714,0.5490196078431373,0.04615686274509804,0.03240829634988004,0.135
666157,L,4,75,4,8,92.33235294117648,"Alvarez, Yordan",L,116,0.05333333333333334,0.10666666666666667,0.646551724137931,0.02106896551724138,0.0275635525400212,0.294
666171,L,5,71,6,7,92.48461538461538,"Alvarez, Yordan",L,137,0.08450704225352113,0.09859154929577464,0.5182481751824818,0.026102189781021898,0.029090792662808198,0.283
666200,L,1,104,3,7,88.62413793103448,"Seager, Corey",L,178,0.028846153846153848,0.0673076923076923,0.5842696629213483,0.010398876404494382,0.022993016302745486,0.366
666201,L,0,19,2,4,95.34545454545454,"Sánchez, Jesús",L,26,0.10526315789473684,0.21052631578947367,0.7307692307692307,0.04699999999999999,0.03186700243172011,0.095
666277,L,3,101,6,14,93.45,"Simpson, Chandler",L,159,0.0594059405940594,0.13861386138613863,0.6352201257861635,0.023283018867924526,0.027758428432642986,0.359
666374,L,0,21,1,5,93.51,"Ramírez, José",L,33,0.047619047619047616,0.23809523809523808,0.6363636363636364,0.02015151515151515,0.02921251394076677,0.104
666619,L,0,6,0,1,101.4,"Palacios, Richie",L,9,0.0,0.16666666666666666,0.6666666666666666,0.0019999999999999996,0.029357706902754317,0.032
666661,L,1,84,1,9,92.0030303030303,"Muncy, Max",L,141,0.011904761904761904,0.10714285714285714,0.5957446808510638,0.0052269503546099275,0.02230150497613461,0.318
666711,L,0,18,0,4,91.475,"Merrill, Jackson",L,21,0.0,0.2222222222222222,0.8571428571428571,0.0034285714285714275,0.027829534190033273,0.091
666745,L,1,13,2,2,93.5,"Smith, Pavin",L,14,0.15384615384615385,0.15384615384615385,0.9285714285714286,0.08471428571428573,0.03393688703729542,0.067
666808,L,4,91,6,13,94.60952380952381,"Lee, Jung Hoo",L,142,0.06593406593406594,0.14285714285714285,0.6408450704225352,0.025943661971830987,0.028816998979147315,0.336
666974,L,2,62,6,6,94.59677419354838,"Nimmo, Brandon",L,83,0.0967741935483871,0.0967741935483871,0.7469879518072289,0.04286746987951807,0.033497176101001745,0.256
667297,L,5,73,6,7,94.18285714285715,"Butler, Lawrence",L,122,0.0821917808219178,0.0958904109589041,0.5983606557377049,0.02931147540983606,0.0299931667542701,0.289
667463,L,4,82,6,14,91.8974358974359,"Rice, Ben",L,110,0.07317073170731707,0.17073170731707318,0.7454545454545455,0.03365454545454546,0.03132903134040088,0.313
667652,L,3,35,5,5,95.07333333333332,"Vivas, Jorbit",L,53,0.14285714285714285,0.14285714285714285,0.660377358490566,0.05594339622641508,0.03444908070621781,0.163
667755,L,13,297,22,29,93.46166666666666,"Loperfido, Joey",L,433,0.07407407407407407,0.09764309764309764,0.6859122401847575,0.030420323325635098,0.03036345809565184,0.623
668390,L,2,63,3,6,92.07058823529412,"Stott, Bryson",L,94,0.047619047619047616,0.09523809523809523,0.6702127659574468,0.019499999999999997,0.02747750404902182,0.259
668670,L,0,4,0,0,97.9,"Turang, Brice",L,5,0.0,0.0,0.8,0.0,0.029611595021262514,0.022
668674,L,4,91,7,13,93.77894736842104,"Albies, Ozzie",L,130,0.07692307692307693,0.14285714285714285,0.7,0.03276153846153846,0.03110639661960259,0.336
668678,L,9,203,23,31,95.49320388349514,"Ohtani, Shohei",L,252,0.11330049261083744,0.15270935960591134,0.8055555555555556,0.05469444444444445,0.04321541959826247,0.53
668716,L,0,2,0,0,,"Lowe, Nathaniel",L,4,0.0,0.0,0.5,0.0,0.029936997164353312,0.011
668820,L,1,35,1,7,93.56818181818181,"McNeil, Jeff",L,50,0.02857142857142857,0.2,0.7,0.014019999999999998,0.027624341785638613,0.163
668831,L,0,20,0,5,87.05454545454546,"Bleday, JJ",L,24,0.0,0.25,0.8333333333333334,0.00375,0.027617667419561513,0.1
668834,L,2,20,3,5,95.23076923076923,"Lile, Daylen",L,26,0.15,0.25,0.7692307692307693,0.0698076923076923,0.034223436650330744,0.1
668873,L,1,81,5,11,90.0638888888889,"Rice, Ben",L,120,0.06172839506172839,0.13580246913580246,0.675,0.025608333333333334,0.02882302101115825,0.31
668881,L,2,43,2,9,93.20384615384616,"Rutschman, Adley",L,74,0.046511627906976744,0.20930232558139536,0.581081081081081,0.017729729729729724,0.027851622700855068,0.193
668909,L,14,249,28,37,94.19365079365079,"Naylor, Josh",L,446,0.11244979919678715,0.14859437751004015,0.5582959641255605,0.037591928251121065,0.03451963547422249,0.58
668933,L,2,42,2,8,89.72105263157896,"Abreu, Wilyer",L,81,0.047619047619047616,0.19047619047619047,0.5185185185185185,0.015975308641975303,0.02756529931024894,0.189
668941,L,4,62,6,10,94.1516129032258,"Aranda, Jonathan",L,94,0.0967741935483871,0.16129032258064516,0.6595744680851063,0.03861702127659574,0.03240821819446792,0.256
668942,L,0,1,0,0,,"Crow-Armstrong, Pete",L,1,0.0,0.0,1.0,0.0,0.030102394938742002,0.006
668964,L,6,88,7,14,95.41956521739131,"Reynolds, Bryan",L,124,0.07954545454545454,0.1590909090909091,0.7096774193548387,0.03449193548387096,0.03165605897945129,0.328
668970,L,0,17,3,2,95.51818181818182,"Bleday, JJ",L,25,0.17647058823529413,0.11764705882352941,0.68,0.07044,0.0337361090553924,0.086
668984,L,3,94,6,14,93.41272727272727,"Kwan, Steven",L,134,0.06382978723404255,0.14893617021276595,0.7014925373134329,0.02762686567164179,0.029362988529367265,0.343
669020,L,0,80,3,9,90.10270270270271,"Stott, Bryson",L,123,0.0375,0.1125,0.6504065040650406,0.015341463414634144,0.02567634829647321,0.308
669022,L,2,132,12,13,94.25409836065573,"Harper, Bryce",L,190,0.09090909090909091,0.09848484848484848,0.6947368421052632,0.037547368421052635,0.033348673447087335,0.423
669060,L,2,56,3,9,93.82285714285715,"Soto, Juan",L,71,0.05357142857142857,0.16071428571428573,0.7887323943661971,0.026577464788732387,0.029393523356276763,0.237
669062,L,1,54,2,6,88.26666666666667,"Wells, Austin",L,96,0.037037037037037035,0.1111111111111111,0.5625,0.013104166666666663,0.02630836958936881,0.231
669084,L,1,49,3,7,89.48333333333333,"Montgomery, Colson",L,99,0.061224489795918366,0.14285714285714285,0.494949494949495,0.018696969696969698,0.02779338427538785,0.214
669093,L,1,41,2,7,91.33684210526316,"Greene, Riley",L,67,0.04878048780487805,0.17073170731707318,0.6119402985074627,0.019044776119402983,0.028187191424469793,0.186
669145,L,0,12,0,3,83.58749999999999,"Frelick, Sal",L,13,0.0,0.25,0.9230769230769231,0.004153846153846154,0.028637393946658627,0.062
669160,L,9,236,14,41,93.56475409836065,"Mullins, Cedric",L,373,0.059322033898305086,0.17372881355932204,0.6327077747989276,0.023560321715817692,0.02646338800203192,0.567
669165,L,3,51,5,9,95.54799999999999,"Melendez, MJ",L,85,0.09803921568627451,0.17647058823529413,0.6,0.03572941176470588,0.031475036726893085,0.221
669169,L,1,7,1,1,96.825,"Rutschman, Adley",L,8,0.14285714285714285,0.14285714285714285,0.875,0.07412499999999998,0.031911275315039046,0.037
669194,L,10,150,15,21,94.48636363636363,"Ohtani, Shohei",L,195,0.1,0.14,0.7692307692307693,0.04616923076923077,0.037496721513020956,0.455
669199,L,6,121,10,21,93.7,"Montgomery, Colson",L,204,0.08264462809917356,0.17355371900826447,0.5931372549019608,0.030039215686274507,0.03017700525565288,0.402
669203,L,2,19,2,6,95.32,"Pasquantino, Vinnie",L,27,0.10526315789473684,0.3157894736842105,0.7037037037037037,0.04659259259259259,0.03182810423704303,0.095
669211,L,2,39,2,6,88.79545454545455,"Duran, Jarren",L,49,0.05128205128205128,0.15384615384615385,0.7959183673469388,0.0256734693877551,0.029451136027555943,0.178
669212,L,4,32,3,9,91.47826086956522,"Perkins, Blake",L,47,0.09375,0.28125,0.6808510638297872,0.040148936170212764,0.03176084642150524,0.151
669270,L,5,74,6,12,93.46052631578948,"McMahon, Ryan",L,97,0.08108108108108109,0.16216216216216217,0.7628865979381443,0.03779381443298969,0.0324617155588722,0.291
669276,L,0,65,2,20,92.41621621621621,"Caglianone, Jac",L,102,0.03076923076923077,0.3076923076923077,0.6372549019607843,0.014803921568627448,0.02616648320764525,0.265
669298,L,2,16,0,3,92.6,"Walton, Donovan",L,22,0.0,0.1875,0.7272727272727273,0.0024545454545454545,0.027999011281556276,0.082
669302,L,14,253,20,36,93.74242424242425,"Ramírez, José",L,413,0.07905138339920949,0.1422924901185771,0.612590799031477,0.029414043583535103,0.0297697148049577,0.584
669310,L,0,27,2,3,91.53846153846153,"Peters, Tristan",L,30,0.07407407407407407,0.1111111111111111,0.9,0.040133333333333326,0.03155620040537344,0.13
669330,L,4,101,6,15,88.80555555555556,"Clemens, Kody",L,152,0.0594059405940594,0.1485148514851485,0.6644736842105263,0.024473684210526314,0.028186389997065693,0.359
669358,L,11,316,26,50,93.20478723404256,"Clemens, Kody",L,463,0.08227848101265822,0.15822784810126583,0.6825053995680346,0.03423326133909287,0.03279484690940655,0.637
669371,L,2,19,4,3,95.43076923076923,"Crow-Armstrong, Pete",L,31,0.21052631578947367,0.15789473684210525,0.6129032258064516,0.07593548387096774,0.0346296868214105,0.095
669372,L,11,226,14,39,93.94074074074075,"Barger, Addison",L,343,0.061946902654867256,0.17256637168141592,0.6588921282798834,0.025516034985422736,0.027623540370979905,0.557
669373,L,4,91,5,12,90.9275,"Merrill, Jackson",L,145,0.054945054945054944,0.13186813186813187,0.6275862068965518,0.021317241379310348,0.02726347767317175,0.336
669387,L,8,238,20,45,92.77131782945736,"Soto, Juan",L,325,0.08403361344537816,0.18907563025210083,0.7323076923076923,0.03787692307692308,0.03460105544550238,0.569
669432,L,1,117,4,17,90.92083333333333,"Wallner, Matt",L,174,0.03418803418803419,0.1452991452991453,0.6724137931034483,0.014977011494252875,0.024245265416632626,0.394
669438,L,7,58,9,10,94.11764705882354,"Wetherholt, JJ",L,80,0.15517241379310345,0.1724137931034483,0.725,0.0669375,0.039205497831564295,0.244
669456,L,6,93,10,12,95.73409090909091,"Delgado, Raynel",L,133,0.10752688172043011,0.12903225806451613,0.6992481203007519,0.044857142857142845,0.03523900281914501,0.341
669461,L,8,116,11,13,95.57857142857142,"Aranda, Jonathan",L,172,0.09482758620689655,0.11206896551724138,0.6744186046511628,0.03813372093023255,0.033351503756146206,0.392
669467,L,7,292,17,30,93.78899082568807,"Soto, Juan",L,387,0.05821917808219178,0.10273972602739725,0.7545219638242894,0.026653746770025837,0.02803268546771154,0.619
669620,L,0,55,1,9,91.25,"Young, Cole",L,72,0.01818181818181818,0.16363636363636364,0.7638888888888888,0.010236111111111109,0.025580934446908142,0.234
669622,L,0,31,1,5,93.60000000000001,"Castro, Willi",L,59,0.03225806451612903,0.16129032258064516,0.5254237288135594,0.011271186440677967,0.027478389874755073,0.147
669684,L,3,49,3,9,93.38000000000001,"Turang, Brice",L,77,0.061224489795918366,0.1836734693877551,0.6363636363636364,0.024506493506493504,0.029036470156028317,0.214
669704,L,0,6,0,2,94.25,"Vivas, Jorbit",L,10,0.0,0.3333333333333333,0.6,0.0035999999999999995,0.029409319805980123,0.032
669711,L,3,64,3,9,91.13939393939394,"Benson, Will",L,94,0.046875,0.140625,0.6808510638297872,0.020074468085106382,0.02759548951376685,0.262
669713,L,3,104,8,17,92.84583333333335,"Meckler, Wade",L,140,0.07692307692307693,0.16346153846153846,0.7428571428571429,0.035042857142857146,0.03201757262946988,0.366
669724,L,2,18,2,0,94.14285714285714,"Osuna, Alejandro",L,23,0.1111111111111111,0.0,0.782608695652174,0.049999999999999996,0.032063300423799505,0.091
669854,L,5,57,5,10,93.01714285714286,"Stowers, Kyle",L,88,0.08771929824561403,0.17543859649122806,0.6477272727272727,0.03471590909090908,0.03133898861643089,0.241
669920,L,2,38,3,9,91.8157894736842,"Henderson, Gunnar",L,51,0.07894736842105263,0.23684210526315788,0.7450980392156863,0.037,0.03144281414638671,0.174
669923,L,13,284,16,41,92.03421052631579,"Manzardo, Kyle",L,388,0.056338028169014086,0.1443661971830986,0.7319587628865979,0.025613402061855667,0.027419697563533,0.612
669947,L,8,82,10,16,94.25681818181819,"Conforto, Michael",L,107,0.12195121951219512,0.1951219512195122,0.7663551401869159,0.05642990654205607,0.038457197787637024,0.313
670032,L,0,2,0,0,,"Spence, Lucas",L,2,0.0,0.0,1.0,0.0,0.029936997164353312,0.011
670036,L,2,89,6,11,88.98780487804878,"Naylor, Josh",L,134,0.06741573033707865,0.12359550561797752,0.664179104477612,0.027223880597014923,0.029261928836604573,0.331
670059,L,1,72,6,3,94.56071428571428,"Rivas, Leo",L,115,0.08333333333333333,0.041666666666666664,0.6260869565217392,0.030469565217391303,0.030326754680811415,0.286
670062,L,0,64,1,10,89.89999999999999,"Turang, Brice",L,95,0.015625,0.15625,0.6736842105263158,0.00794736842105263,0.024414610913359308,0.262
670090,L,0,9,0,0,85.46666666666665,"Smith, Dominic",L,14,0.0,0.0,0.6428571428571429,0.0,0.028828219491599482,0.048
670097,L,0,2,0,1,83.4,"Stott, Bryson",L,2,0.0,0.5,1.0,0.009,0.03003589826325441,0.011
670103,L,1,25,1,4,90.10909090909091,"Butler, Lawrence",L,29,0.04,0.16,0.8620689655172413,0.022310344827586207,0.02929898587610711,0.122
670167,L,5,88,5,18,92.84,"Olson, Matt",L,119,0.056818181818181816,0.20454545454545456,0.7394957983193278,0.026882352941176472,0.029157390084835193,0.328
670183,L,0,10,2,0,103.16666666666667,"McKinstry, Zach",L,23,0.2,0.0,0.43478260869565216,0.049999999999999996,0.03130807096795949,0.053
670245,L,1,102,9,12,94.97636363636363,"De La Cruz, Elly",L,152,0.08823529411764706,0.11764705882352941,0.6710526315789473,0.0354671052631579,0.03214956815870358,0.362
670280,L,2,100,3,14,89.46578947368421,"Devers, Rafael",L,153,0.03,0.14,0.6535947712418301,0.01292156862745098,0.024073894095205,0.357
670329,L,4,96,4,17,92.3468085106383,"Wallner, Matt",L,158,0.041666666666666664,0.17708333333333334,0.6075949367088608,0.016493670886075947,0.025477992351360845,0.348
670871,L,0,1,0,0,,"Harris II, Michael",L,3,0.0,0.0,0.3333333333333333,0.0,0.030102394938742002,0.006
670912,L,0,2,0,0,,"Alvarez, Yordan",L,2,0.0,0.0,1.0,0.0,0.029936997164353312,0.011
670950,L,6,115,14,23,94.65194805194805,"Gilbert, Drew",L,158,0.12173913043478261,0.2,0.7278481012658228,0.05356962025316456,0.039352677332292293,0.39
670970,L,1,88,1,6,88.825,"McGonigle, Kevin",L,138,0.011363636363636364,0.06818181818181818,0.6376811594202898,0.004949275362318839,0.021955484014165524,0.328
670990,L,3,97,6,17,88.72727272727273,"Benge, Carson",L,182,0.061855670103092786,0.17525773195876287,0.532967032967033,0.020637362637362638,0.026896598049590173,0.35
671083,L,0,4,1,0,90.69999999999999,"Bauers, Jake",L,5,0.25,0.0,0.8,0.11499999999999999,0.03211159502126251,0.022
671096,L,9,130,13,20,94.72133333333333,"Abreu, Wilyer",L,194,0.1,0.15384615384615385,0.6701030927835051,0.04038659793814432,0.03451222972861634,0.419
671106,L,2,18,1,6,93.84285714285714,"Lile, Daylen",L,29,0.05555555555555555,0.3333333333333333,0.6206896551724138,0.023551724137931034,0.029658911709065965,0.091
671109,L,0,6,2,0,100.6,"Sullivan, Brett",L,7,0.3333333333333333,0.0,0.8571428571428571,0.16428571428571426,0.03459272994422897,0.032
671111,L,2,36,1,8,90.66842105263159,"Osuna, Alejandro",L,54,0.027777777777777776,0.2222222222222222,0.6666666666666666,0.013314814814814814,0.027443827857618685,0.167
671131,L,0,5,1,1,90.45,"Horwitz, Spencer",L,7,0.2,0.2,0.7142857142857143,0.08471428571428571,0.0317411076350472,0.027
671162,L,1,38,1,3,90.175,"Lowe, Brandon",L,48,0.02631578947368421,0.07894736842105263,0.7916666666666666,0.013104166666666665,0.027277485400209335,0.174
671212,L,0,22,1,4,90.5,"Burleson, Alec",L,44,0.045454545454545456,0.18181818181818182,0.5,0.014704545454545453,0.028574423187684668,0.109
671345,L,1,45,4,4,93.80909090909091,"Emerson, Colt",L,60,0.08888888888888889,0.08888888888888889,0.75,0.03953333333333333,0.032122371039610235,0.2
671382,L,0,16,1,0,94.53333333333335,"Brito, Juan",L,27,0.0625,0.0,0.5925925925925926,0.021296296296296292,0.029537113391086955,0.082
671737,L,17,263,34,38,94.50509554140127,"Cowser, Colton",L,440,0.12927756653992395,0.1444866920152091,0.5977272727272728,0.04598636363636364,0.039600332099945686,0.594
671922,L,3,94,8,12,93.82916666666667,"Canzone, Dominic",L,170,0.0851063829787234,0.1276595744680851,0.5529411764705883,0.02832941176470588,0.029604007991951297,0.343
671936,L,1,46,3,8,93.07692307692308,"Rice, Ben",L,77,0.06521739130434782,0.17391304347826086,0.5974025974025974,0.02427272727272727,0.029049021851582993,0.204
672021,L,2,5,2,1,98.7,"Martínez, Angel",L,19,0.4,0.2,0.2631578947368421,0.061473684210526305,0.031112983270080725,0.027
672282,L,4,141,12,15,92.72077922077922,"Alvarez, Yordan",L,207,0.0851063829787234,0.10638297872340426,0.6811594202898551,0.034637681159420286,0.032188306938911414,0.439
672335,L,4,63,7,7,93.73913043478261,"Crow-Armstrong, Pete",L,93,0.1111111111111111,0.1111111111111111,0.6774193548387096,0.04463440860215053,0.033993832205134925,0.259
672442,L,1,22,1,4,93.76875,"Giménez, Andrés",L,33,0.045454545454545456,0.18181818181818182,0.6666666666666666,0.019606060606060603,0.02910825157052295,0.109
672456,L,12,283,24,46,93.29599999999999,"Church, Nathan",L,363,0.08480565371024736,0.1625441696113074,0.7796143250688705,0.04029752066115703,0.03639898883589577,0.611
672578,L,1,2,1,1,91.75,"Smith, Josh",L,6,0.5,0.5,0.3333333333333333,0.09883333333333333,0.0310230777504339,0.011
672582,L,0,16,0,2,91.53333333333335,"Montgomery, Colson",L,21,0.0,0.125,0.7619047619047619,0.001714285714285714,0.027938581915004458,0.082
672629,L,0,29,2,6,94.77692307692307,"Heim, Jonah",L,56,0.06896551724137931,0.20689655172413793,0.5178571428571429,0.022464285714285714,0.02918659219917028,0.139
672782,L,6,100,9,26,94.45737704918032,"Wetherholt, JJ",L,155,0.09,0.26,0.6451612903225806,0.03640645161290322,0.03246135230429509,0.357
672841,L,2,25,3,2,92.68666666666667,"Crow-Armstrong, Pete",L,33,0.12,0.08,0.7575757575757576,0.053363636363636356,0.033085972648796154,0.122
673380,L,2,27,4,6,96.225,"Kwan, Steven",L,35,0.14814814814814814,0.2222222222222222,0.7714285714285715,0.0688,0.03529533084015605,0.13
673513,L,2,81,6,14,93.63125,"Gorman, Nolan",L,138,0.07407407407407407,0.1728395061728395,0.5869565217391305,0.02682608695652174,0.029200944549389134,0.31
673540,L,7,91,8,10,93.11428571428571,"Church, Nathan",L,149,0.08791208791208792,0.10989010989010989,0.610738255033557,0.03208053691275168,0.03087772082277751,0.336
673929,L,3,25,5,4,94.51176470588236,"Rengifo, Luis",L,35,0.2,0.16,0.7142857142857143,0.0842,0.0368465047995722,0.122
674003,L,2,60,5,11,92.28064516129032,"Lee, Jung Hoo",L,69,0.08333333333333333,0.18333333333333332,0.8695652173913043,0.04453623188405796,0.03383628082064909,0.25
674073,L,0,14,1,1,90.05714285714285,"Simon, Ronny",L,25,0.07142857142857142,0.07142857142857142,0.56,0.023719999999999998,0.029796976721197438,0.072
674370,L,2,25,3,4,92.28947368421052,"Collins, Isaac",L,38,0.12,0.16,0.6578947368421053,0.04728947368421052,0.03234522110252471,0.122
674444,L,10,92,12,11,93.765,"Gray, Tristan",L,147,0.13043478260869565,0.11956521739130435,0.6258503401360545,0.048285714285714286,0.036363305875728,0.338
674841,L,3,87,6,12,94.76097560975609,"Gilbert, Drew",L,126,0.06896551724137931,0.13793103448275862,0.6904761904761905,0.02909523809523809,0.02988696328913115,0.326
675512,L,11,197,14,33,91.97383177570094,"Rutschman, Adley",L,279,0.07106598984771574,0.16751269035532995,0.7060931899641577,0.0309820788530466,0.03064191781952913,0.523
675540,L,2,41,4,5,88.8125,"Jensen, Carter",L,53,0.0975609756097561,0.12195121951219512,0.7735849056603774,0.04509433962264151,0.03301991587529685,0.186
675627,L,2,11,3,5,98.0625,"Kepler, Max",L,14,0.2727272727272727,0.45454545454545453,0.7857142857142857,0.12964285714285712,0.03599269587687817,0.058
675660,L,0,117,8,18,93.04126984126985,"Abreu, Wilyer",L,169,0.06837606837606838,0.15384615384615385,0.6923076923076923,0.02913609467455621,0.029823086063418786,0.394
675848,L,6,107,8,16,91.26666666666667,"Caissie, Owen",L,165,0.07476635514018691,0.14953271028037382,0.6484848484848484,0.02962424242424242,0.03002901541221687,0.373
675911,L,6,64,10,10,96.00263157894737,"Julien, Edouard",L,107,0.15625,0.15625,0.5981308411214953,0.05542056074766354,0.03686659578591299,0.262
675916,L,1,9,2,0,102.375,"Montgomery, Braden",L,14,0.2222222222222222,0.0,0.6428571428571429,0.08214285714285714,0.03273978411744982,0.048
675919,L,1,6,1,2,90.92,"Lee, Jung Hoo",L,7,0.16666666666666666,0.3333333333333333,0.8571428571428571,0.08728571428571429,0.032108858976487034,0.032
675920,L,0,2,0,0,88.6,"Carroll, Corbin",L,4,0.0,0.0,0.5,0.0,0.029936997164353312,0.011
675989,L,0,34,2,2,93.47222222222223,"Mayer, Marcelo",L,52,0.058823529411764705,0.058823529411764705,0.6538461538461539,0.022807692307692307,0.029084088889597386,0.159
676051,L,0,17,0,4,90.55,"De La Cruz, Elly",L,26,0.0,0.23529411764705882,0.6538461538461539,0.002769230769230769,0.027896499527864087,0.086
676083,L,6,241,17,37,95.4095238095238,"Quero, Edgar",L,324,0.07053941908713693,0.15352697095435686,0.7438271604938271,0.03222530864197531,0.03138915170220511,0.572
676105,L,1,4,1,2,96.875,"Busch, Michael",L,7,0.25,0.5,0.5714285714285714,0.08728571428571429,0.03150911054921282,0.022
676106,L,12,222,21,21,93.97169811320755,"Kwan, Steven",L,323,0.0945945945945946,0.0945945945945946,0.6873065015479877,0.03855417956656347,0.034844679969376596,0.552
676130,L,0,1,0,0,70.3,"Chisholm Jr., Jazz",L,6,0.0,0.0,0.16666666666666666,0.0,0.030102394938742002,0.006
676254,L,2,34,3,4,95.58421052631579,"Bellinger, Cody",L,58,0.08823529411764706,0.11764705882352941,0.5862068965517241,0.03098275862068965,0.03038293120100818,0.159
676263,L,3,84,6,6,92.56,"Carroll, Corbin",L,116,0.07142857142857142,0.07142857142857142,0.7241379310344828,0.030672413793103443,0.030397788797473457,0.318
676272,L,0,8,1,1,104.7,"Nuñez, Nasim",L,15,0.125,0.125,0.5333333333333333,0.03953333333333333,0.03066383058818601,0.043
676282,L,3,120,9,19,92.05151515151515,"Young, Cole",L,174,0.075,0.15833333333333333,0.6896551724137931,0.03170689655172414,0.03084453690039733,0.4
676395,L,0,21,0,1,92.43333333333334,"Marsh, Brandon",L,29,0.0,0.047619047619047616,0.7241379310344828,0.0006206896551724137,0.027171979933686186,0.104
676428,L,0,47,2,4,85.40625,"Sheets, Gavin",L,69,0.0425531914893617,0.0851063829787234,0.6811594202898551,0.01771014492753623,0.02766920835024892,0.207
676440,L,22,324,33,57,93.17231638418079,"Raleigh, Cal",L,458,0.10185185185185185,0.17592592592592593,0.7074235807860262,0.04367030567685588,0.03888435024447145,0.643
676454,L,0,7,1,1,91.68333333333334,"McGonigle, Kevin",L,13,0.14285714285714285,0.14285714285714285,0.5384615384615384,0.045615384615384606,0.03084407046106949,0.037
676467,L,2,31,3,5,93.32142857142857,"McCarthy, Jake",L,37,0.0967741935483871,0.16129032258064516,0.8378378378378378,0.04905405405405405,0.03302942729662549,0.147
676477,L,1,72,4,14,90.0025641025641,"De La Cruz, Elly",L,111,0.05555555555555555,0.19444444444444445,0.6486486486486487,0.022990990990990993,0.028190019187554184,0.286
676508,L,1,8,1,2,93.24,"Santana, Carlos",L,11,0.125,0.25,0.7272727272727273,0.055545454545454544,0.031345197448276275,0.043
676510,L,0,14,0,0,90.3,"Gilbert, Drew",L,29,0.0,0.0,0.4827586206896552,0.0,0.02808522414387785,0.072
676534,L,1,114,6,13,91.59791666666666,"Castro, Willi",L,171,0.05263157894736842,0.11403508771929824,0.6666666666666666,0.021543859649122803,0.026886168312626878,0.388
676568,L,1,11,0,1,94.86,"Yoshida, Masataka",L,15,0.0,0.09090909090909091,0.7333333333333333,0.0012,0.028595463266556556,0.058
676571,L,2,45,2,9,92.59411764705882,"Crow-Armstrong, Pete",L,71,0.044444444444444446,0.2,0.6338028169014085,0.01847887323943662,0.027911479020830895,0.2
676596,L,1,9,1,2,102.35999999999999,"Kim, Hyeseong",L,12,0.1111111111111111,0.2222222222222222,0.75,0.050916666666666666,0.031252822666202655,0.048
676604,L,5,60,3,11,93.50909090909092,"Mullins, Cedric",L,80,0.05,0.18333333333333332,0.75,0.024037499999999996,0.02871159784963459,0.25
676617,L,3,96,9,9,94.72083333333335,"Mullins, Cedric",L,150,0.09375,0.09375,0.64,0.03558,0.03211671552142138,0.348
676620,L,1,25,1,6,86.99166666666667,"Caissie, Owen",L,34,0.04,0.24,0.7352941176470589,0.020088235294117646,0.029027996908610944,0.122
676661,L,2,13,2,1,94.47142857142856,"Marsee, Jakob",L,20,0.15384615384615385,0.07692307692307693,0.65,0.05840000000000001,0.0321644221964368,0.067
676664,L,2,33,2,7,89.39285714285714,"Olson, Matt",L,47,0.06060606060606061,0.21212121212121213,0.7021276595744681,0.027148936170212763,0.02978614261750856,0.155
676680,L,1,21,1,4,93.8,"Chisholm Jr., Jazz",L,31,0.047619047619047616,0.19047619047619047,0.6774193548387096,0.02087096774193548,0.029287680629318146,0.104
676684,L,0,34,1,2,93.53076923076924,"Cronenworth, Jake",L,59,0.029411764705882353,0.058823529411764705,0.576271186440678,0.010355932203389831,0.027105771863680173,0.159
676694,L,0,2,0,0,,"McKinstry, Zach",L,2,0.0,0.0,1.0,0.0,0.029936997164353312,0.011
676702,L,0,9,0,2,93.2,"Sullivan, Brett",L,10,0.0,0.2222222222222222,0.9,0.0035999999999999995,0.028999648063028054,0.048
676742,L,1,41,2,5,91.41578947368421,"Aranda, Jonathan",L,72,0.04878048780487805,0.12195121951219512,0.5694444444444444,0.01722222222222222,0.027849070565716803,0.186
676755,L,2,64,7,13,96.23863636363636,"Baty, Brett",L,92,0.109375,0.203125,0.6956521739130435,0.04629347826086956,0.034472606936917845,0.262
676760,L,3,88,7,19,93.02857142857142,"Carpenter, Kerry",L,135,0.07954545454545454,0.2159090909090909,0.6518518518518519,0.03234814814814815,0.03095212880951246,0.328
676775,L,2,50,4,6,92.28461538461539,"Bellinger, Cody",L,73,0.08,0.12,0.684931506849315,0.03298630136986301,0.030860211097415016,0.217
676879,L,2,82,2,7,89.17857142857143,"McGuire, Reese",L,143,0.024390243902439025,0.08536585365853659,0.5734265734265734,0.008923076923076922,0.02358864805955958,0.313
676910,L,0,3,1,1,95.5,"Massey, Michael",L,7,0.3333333333333333,0.3333333333333333,0.42857142857142855,0.0847142857142857,0.031162165798115624,0.016
676917,L,11,261,15,34,91.55680000000001,"Ballesteros, Moisés",L,419,0.05747126436781609,0.13026819923371646,0.6229116945107399,0.022045346062052506,0.02540219683924718,0.592
676962,L,0,90,6,13,93.71063829787234,"García Jr., Luis",L,143,0.06666666666666667,0.14444444444444443,0.6293706293706294,0.02576223776223776,0.028767166231532228,0.333
676974,L,4,153,11,24,94.6474358974359,"Rumfield, TJ",L,264,0.0718954248366013,0.1568627450980392,0.5795454545454546,0.025594696969696965,0.028121688048876693,0.459
676979,L,0,12,0,2,86.72,"Friedl, TJ",L,20,0.0,0.16666666666666666,0.6,0.0017999999999999997,0.028490278562043243,0.062
677020,L,1,43,2,5,90.375,"Wells, Austin",L,61,0.046511627906976744,0.11627906976744186,0.7049180327868853,0.020327868852459012,0.028352609168466547,0.193
677053,L,2,27,4,5,93.46923076923076,"Montgomery, Colson",L,48,0.14814814814814814,0.18518518518518517,0.5625,0.04979166666666665,0.03281598301406909,0.13
677161,L,1,14,2,2,104.12857142857142,"Merrill, Jackson",L,21,0.14285714285714285,0.14285714285714285,0.6666666666666666,0.056476190476190465,0.032160825518448295,0.072
677588,L,0,2,0,0,95.3,"Yastrzemski, Mike",L,2,0.0,0.0,1.0,0.0,0.029936997164353312,0.011
677865,L,2,140,7,21,90.92641509433963,"Aranda, Jonathan",L,188,0.05,0.15,0.7446808510638298,0.023420212765957446,0.027273010222332326,0.438
677944,L,9,213,17,28,94.05495495495497,"Raley, Luke",L,299,0.07981220657276995,0.13145539906103287,0.7123745819397993,0.03437792642140468,0.032496264151835874,0.542
677952,L,16,243,19,36,93.85984848484848,"Benson, Will",L,375,0.07818930041152264,0.14814814814814814,0.648,0.03086133333333333,0.0306095448792253,0.574
677955,L,1,65,4,9,91.64117647058823,"Pauley, Graham",L,101,0.06153846153846154,0.13846153846153847,0.6435643564356436,0.024376237623762374,0.028706077263089207,0.265
677958,L,14,253,22,48,93.4412162162162,"De La Cruz, Elly",L,368,0.08695652173913043,0.18972332015810275,0.6875,0.03672282608695652,0.034040204350836725,0.584
677960,L,3,91,5,13,89.94782608695652,"Donovan, Brendan",L,136,0.054945054945054944,0.14285714285714285,0.6691176470588235,0.022860294117647055,0.027781624533646437,0.336
677961,L,2,42,2,9,92.95200000000001,"Rocchio, Brayan",L,68,0.047619047619047616,0.21428571428571427,0.6176470588235294,0.019294117647058823,0.02819318209499447,0.189
677976,L,6,156,9,23,91.60810810810811,"Aranda, Jonathan",L,204,0.057692307692307696,0.14743589743589744,0.7647058823529411,0.02739705882352941,0.028935936489234794,0.464
678020,L,2,39,2,5,90.80909090909091,"Cronenworth, Jake",L,58,0.05128205128205128,0.1282051282051282,0.6724137931034483,0.021379310344827582,0.028686422773335975,0.178
678022,L,12,174,14,26,92.91612903225807,"Benge, Carson",L,294,0.08045977011494253,0.14942528735632185,0.5918367346938775,0.028972789115646255,0.029632199971849578,0.492
678061,L,0,19,1,3,92.9875,"Roden, Alan",L,26,0.05263157894736842,0.15789473684210525,0.7307692307692307,0.02419230769230769,0.029689383568171603,0.095
678368,L,2,10,2,3,96.12857142857142,"Marsh, Brandon",L,16,0.2,0.3,0.625,0.07525,0.03263701833638054,0.053
678391,L,0,10,2,1,98.6,"Soto, Juan",L,13,0.2,0.1,0.7692307692307693,0.08984615384615384,0.03340523695986232,0.053
678394,L,10,218,20,41,93.65809523809524,"Loperfido, Joey",L,284,0.09174311926605505,0.18807339449541285,0.7676056338028169,0.04309154929577464,0.037292691533646165,0.548
678576,L,0,4,0,1,97.03333333333335,"Frelick, Sal",L,8,0.0,0.25,0.5,0.00225,0.029660508064740774,0.022
678606,L,0,109,3,2,89.2,"Naylor, Bo",L,144,0.027522935779816515,0.01834862385321101,0.7569444444444444,0.012229166666666668,0.023465441697505085,0.377
678868,L,0,20,0,3,91.14999999999999,"Reynolds, Bryan",L,24,0.0,0.15,0.8333333333333334,0.00225,0.02746766741956151,0.1
678906,L,8,119,10,23,94.9779411764706,"Schanuel, Nolan",L,186,0.08403361344537816,0.19327731092436976,0.6397849462365591,0.03313978494623656,0.03141193275088446,0.398
679358,L,1,79,8,12,93.99117647058823,"Basallo, Samuel",L,105,0.10126582278481013,0.1518987341772152,0.7523809523809524,0.04586666666666666,0.035027027608413,0.305
679775,L,0,26,0,5,89.6923076923077,"Seager, Corey",L,37,0.0,0.19230769230769232,0.7027027027027027,0.0024324324324324327,0.026756197704638576,0.126
679883,L,3,129,7,20,89.92063492063492,"Hamilton, David",L,189,0.05426356589147287,0.15503875968992248,0.6825396825396826,0.023201058201058198,0.027318673112779315,0.417
679885,L,0,14,0,1,90.21428571428571,"Duran, Jarren",L,27,0.0,0.07142857142857142,0.5185185185185185,0.0006666666666666666,0.02813333410951359,0.072
679922,L,0,2,0,0,,"Walton, Donovan",L,5,0.0,0.0,0.4,0.0,0.029936997164353312,0.011
680570,L,10,184,15,37,95.03119266055046,"Freeman, Freddie",L,267,0.08152173913043478,0.20108695652173914,0.6891385767790262,0.034797752808988766,0.03255857143067647,0.505
680573,L,6,116,8,18,94.44912280701755,"Isbel, Kyle",L,167,0.06896551724137931,0.15517241379310345,0.6946107784431138,0.029485029940119756,0.029962151881642547,0.392
680604,L,3,43,4,8,93.5086956521739,"Del Castillo, Adrian",L,55,0.09302325581395349,0.18604651162790697,0.7818181818181819,0.044436363636363635,0.03300133237791901,0.193
680686,L,0,5,0,1,88.7,"Prieto, César",L,8,0.0,0.2,0.625,0.00225,0.02951234315628272,0.027
680689,L,0,3,0,0,,"Massey, Michael",L,8,0.0,0.0,0.375,0.0,0.02977340701591422,0.016
680694,L,12,274,20,37,92.00875912408759,"Clemens, Kody",L,408,0.072992700729927,0.13503649635036497,0.6715686274509803,0.029818627450980382,0.029997439219120986,0.604
680702,L,0,14,1,5,96.975,"Ohtani, Shohei",L,19,0.07142857142857142,0.35714285714285715,0.7368421052631579,0.034999999999999996,0.03061099733975414,0.072
680704,L,0,9,0,3,84.775,"Friedl, TJ",L,18,0.0,0.3333333333333333,0.5,0.0029999999999999996,0.028971076634456625,0.048
680723,L,1,23,1,6,95.61333333333333,"McCarthy, Jake",L,37,0.043478260869565216,0.2608695652173913,0.6216216216216216,0.018459459459459458,0.028931532273299854,0.113
680728,L,0,5,0,1,93.1,"Vivas, Jorbit",L,5,0.0,0.2,1.0,0.0036,0.029548829642769205,0.027
680730,L,4,53,5,11,92.65172413793104,"Cruz, Oneil",L,75,0.09433962264150944,0.20754716981132076,0.7066666666666667,0.040973333333333334,0.0327043783286651,0.227
680732,L,13,273,25,47,93.0582191780822,"Turang, Brice",L,428,0.09157509157509157,0.17216117216117216,0.6378504672897196,0.03556308411214953,0.03345972504752566,0.603
680736,L,7,109,12,9,93.37169811320754,"DeLauter, Chase",L,157,0.11009174311926606,0.08256880733944955,0.6942675159235668,0.044980891719745224,0.03581816844762814,0.377
680742,L,3,74,4,9,90.89024390243902,"Smith, Josh",L,126,0.05405405405405406,0.12162162162162163,0.5873015873015873,0.01953968253968254,0.02714358264507406,0.291
680744,L,1,69,1,10,88.17878787878789,"Mayer, Marcelo",L,100,0.014492753623188406,0.14492753623188406,0.69,0.007549999999999999,0.02397382925265985,0.277
680755,L,4,91,11,25,92.78947368421052,"Soderstrom, Tyler",L,162,0.12087912087912088,0.27472527472527475,0.5617283950617284,0.04182098765432098,0.03414849948507569,0.336
680767,L,3,102,6,8,94.58571428571429,"Caissie, Owen",L,144,0.058823529411764705,0.0784313725490196,0.7083333333333334,0.024958333333333336,0.02834852299259682,0.362
680802,L,4,51,3,13,95.85517241379311,"Moncada, Yoán",L,80,0.058823529411764705,0.2549019607843137,0.6375,0.0244875,0.028993056207412566,0.221
680880,L,0,2,1,0,95.3,"Olson, Matt",L,2,0.5,0.0,1.0,0.2875,0.03309633782369397,0.011
680899,L,0,13,0,1,88.94,"Conine, Griffin",L,26,0.0,0.07692307692307693,0.5,0.0006923076923076923,0.028277375564312448,0.067
680916,L,2,30,2,4,94.02941176470588,"Bell, Josh",L,50,0.06666666666666667,0.13333333333333333,0.6,0.024439999999999996,0.02943682611386811,0.143
680951,L,0,1,0,0,,"Soderstrom, Tyler",L,3,0.0,0.0,0.3333333333333333,0.0,0.030102394938742002,0.006
681006,L,2,12,2,1,91.34285714285714,"Montgomery, Colson",L,21,0.16666666666666666,0.08333333333333333,0.5714285714285714,0.05561904761904761,0.03185396903823372,0.062
681035,L,11,185,12,44,88.48703703703704,"Gray, Tristan",L,296,0.06486486486486487,0.23783783783783785,0.625,0.025986486486486486,0.028098721873732337,0.507
681084,L,0,4,1,0,99.4,"Marsee, Jakob",L,6,0.25,0.0,0.6666666666666666,0.09583333333333333,0.03169492835459585,0.022
681151,L,1,36,4,11,91.616,"Raleigh, Cal",L,53,0.1111111111111111,0.3055555555555556,0.6792452830188679,0.047132075471698114,0.033080037967099234,0.167
681168,L,1,18,1,3,96.34545454545454,"Crawford, J.P.",L,24,0.05555555555555555,0.16666666666666666,0.75,0.026208333333333333,0.02990042163592072,0.091
681190,L,9,266,23,57,95.23055555555555,"Greene, Riley",L,346,0.08646616541353383,0.21428571428571427,0.7687861271676301,0.04118786127167629,0.03678140040847129,0.596
681217,L,2,76,4,14,91.29782608695652,"Alvarez, Yordan",L,132,0.05263157894736842,0.18421052631578946,0.5757575757575758,0.01933333333333333,0.027022917254865764,0.297
681252,L,0,13,0,1,93.81666666666666,"Caratini, Victor",L,23,0.0,0.07692307692307693,0.5652173913043478,0.0007826086956521738,0.028283458015314927,0.067
681293,L,12,171,15,29,92.19484536082474,"McCarthy, Jake",L,290,0.08771929824561403,0.1695906432748538,0.5896551724137931,0.03154137931034482,0.030889200415901045,0.487
681320,L,0,26,2,5,91.85333333333332,"Bazzana, Travis",L,40,0.07692307692307693,0.19230769230769232,0.65,0.031000000000000003,0.0303618130287005,0.126
681343,L,1,13,0,2,91.05555555555556,"Turang, Brice",L,26,0.0,0.15384615384615385,0.5,0.0013846153846153845,0.02832400768866478,0.067
681347,L,14,179,19,32,93.70891089108912,"Lowe, Josh",L,243,0.10614525139664804,0.1787709497206704,0.7366255144032922,0.047329218106995884,0.038775664415221636,0.499
681402,L,3,46,6,9,96.29310344827586,"Conforto, Michael",L,73,0.13043478260869565,0.1956521739130435,0.6301369863013698,0.049479452054794516,0.034179594152357745,0.204
681432,L,1,2,1,0,107.8,"Harper, Bryce",L,2,0.5,0.0,1.0,0.2875,0.03309633782369397,0.011
681517,L,9,224,24,41,95.29545454545455,"Young, Jared",L,324,0.10714285714285714,0.18303571428571427,0.691358024691358,0.04487037037037036,0.038365090215037784,0.554
681520,L,0,2,0,0,,"Grisham, Trent",L,3,0.0,0.0,0.6666666666666666,0.0,0.029936997164353312,0.011
681544,L,2,17,3,3,96.17272727272729,"Eldridge, Bryce",L,35,0.17647058823529413,0.17647058823529413,0.4857142857142857,0.05082857142857143,0.032043752275116834,0.086
681676,L,2,35,3,9,91.44500000000001,"Schneemann, Daniel",L,59,0.08571428571428572,0.2571428571428571,0.5932203389830508,0.031983050847457624,0.0305485593654573,0.163
681751,L,1,15,2,4,90.87777777777778,"Peters, Tristan",L,27,0.13333333333333333,0.26666666666666666,0.5555555555555556,0.045259259259259256,0.031422678834877905,0.077
681799,L,1,30,1,1,88.10000000000001,"Kwan, Steven",L,47,0.03333333333333333,0.03333333333333333,0.6382978723404256,0.012617021276595744,0.027747829153381785,0.143
681806,L,0,4,0,0,95.66666666666667,"Walton, Donovan",L,6,0.0,0.0,0.6666666666666666,0.0,0.029611595021262514,0.022
681810,L,5,67,10,7,94.77714285714285,"Freeman, Freddie",L,103,0.14925373134328357,0.1044776119402985,0.6504854368932039,0.057048543689320386,0.03753354619877234,0.271
681867,L,3,62,3,7,91.88333333333333,"Naylor, Bo",L,86,0.04838709677419355,0.11290322580645161,0.7209302325581395,0.021523255813953483,0.028028823737096767,0.256
681870,L,1,40,1,5,90.82608695652173,"Naylor, Josh",L,74,0.025,0.125,0.5405405405405406,0.008986486486486485,0.0263999679244171,0.182
681892,L,1,71,2,4,89.08749999999999,"Basallo, Samuel",L,110,0.028169014084507043,0.056338028169014086,0.6454545454545455,0.01110909090909091,0.024849716886285886,0.283
681895,L,1,50,3,6,93.13333333333333,"García Jr., Luis",L,96,0.06,0.12,0.5208333333333334,0.01909375,0.02784009123440132,0.217
681911,L,2,62,5,7,91.97567567567567,"Carroll, Corbin",L,107,0.08064516129032258,0.11290322580645161,0.5794392523364486,0.02804672897196261,0.029700126777578446,0.256
681916,L,0,47,3,8,94.66521739130435,"Conforto, Michael",L,83,0.06382978723404255,0.1702127659574468,0.5662650602409639,0.02251807228915663,0.028664682297368564,0.207
681973,L,0,4,0,0,100.6,"Canzone, Dominic",L,6,0.0,0.0,0.6666666666666666,0.0,0.029611595021262514,0.022
681982,L,7,61,7,15,93.88421052631578,"Quero, Edgar",L,92,0.11475409836065574,0.2459016393442623,0.6630434782608695,0.04668478260869565,0.03442450300017733,0.253
682052,L,3,99,4,16,89.24782608695651,"Olson, Matt",L,147,0.04040404040404041,0.16161616161616163,0.673469387755102,0.01760544217687075,0.02577588623448927,0.355
682120,L,2,67,7,11,90.12903225806451,"Young, Cole",L,107,0.1044776119402985,0.16417910447761194,0.6261682242990654,0.03946728971962617,0.03276454208553545,0.271
682227,L,3,46,4,6,93.6304347826087,"O'Hearn, Ryan",L,64,0.08695652173913043,0.13043478260869565,0.71875,0.037625,0.031766741079257976,0.204
682243,L,11,183,12,44,90.56732673267327,"Shewmake, Braden",L,265,0.06557377049180328,0.24043715846994534,0.690566037735849,0.02902641509433962,0.029642885526656896,0.504
682254,L,1,49,2,3,94.03846153846153,"Benge, Carson",L,97,0.04081632653061224,0.061224489795918366,0.5051546391752577,0.012412371134020616,0.026448644844887827,0.214
682274,L,0,11,0,3,88.35000000000001,"Clemens, Kody",L,21,0.0,0.2727272727272727,0.5238095238095238,0.002571428571428571,0.028674446063863962,0.058
682445,L,1,8,1,3,99.76,"Shewmake, Braden",L,12,0.125,0.375,0.6666666666666666,0.05241666666666667,0.03121205753854062,0.043
682608,L,3,81,4,13,91.56666666666666,"Horwitz, Spencer",L,123,0.04938271604938271,0.16049382716049382,0.6585365853658537,0.020601626016260158,0.027269215292066575,0.31
682610,L,1,4,0,0,101.825,"Schanuel, Nolan",L,10,0.0,0.0,0.4,0.0,0.029611595021262514,0.022
682668,L,0,4,0,0,96.4,"Rice, Ben",L,5,0.0,0.0,0.8,0.0,0.029611595021262514,0.022
682769,L,0,6,0,3,93.43333333333334,"Heim, Jonah",L,6,0.0,0.5,1.0,0.009,0.029583513354367222,0.032
682825,L,2,47,6,6,96.28571428571429,"Sullivan, Brett",L,87,0.1276595744680851,0.1276595744680851,0.5402298850574713,0.040896551724137926,0.03246991812751888,0.207
682842,L,2,79,0,15,90.08823529411765,"Murakami, Munetaka",L,110,0.0,0.189873417721519,0.7181818181818181,0.0024545454545454545,0.021785492566877965,0.305
682982,L,0,17,1,4,91.04166666666667,"Hamilton, David",L,33,0.058823529411764705,0.23529411764705882,0.5151515151515151,0.019606060606060606,0.02934942393002707,0.086
682989,L,0,50,2,10,90.15185185185184,"Edwards, Xavier",L,72,0.04,0.2,0.6944444444444444,0.01847222222222222,0.0277049765001018,0.217
682995,L,0,16,1,0,96.53999999999999,"Soto, Juan",L,25,0.0625,0.0,0.64,0.023,0.029676191244450523,0.082
682997,L,0,6,0,0,86.075,"Tucker, Kyle",L,8,0.0,0.0,0.75,0.0,0.02929319077372206,0.032
683000,L,0,50,3,7,93.04230769230769,"Peters, Tristan",L,78,0.06,0.14,0.6410256410256411,0.023730769230769232,0.028848138893264194,0.217
683003,L,7,146,10,27,92.93333333333332,"Clemens, Kody",L,245,0.0684931506849315,0.18493150684931506,0.5959183673469388,0.025453061224489794,0.02811251663401169,0.448
683004,L,9,136,19,16,94.0013157894737,"Beavers, Dylan",L,201,0.13970588235294118,0.11764705882352941,0.6766169154228856,0.055786069651741294,0.041251389103003536,0.43
683155,L,3,19,2,11,90.92941176470588,"Thompson, Sterlin",L,22,0.10526315789473684,0.5789473684210527,0.8636363636363636,0.06127272727272726,0.03322972513615136,0.095
683175,L,1,48,4,7,92.3258064516129,"Anthony, Roman",L,83,0.08333333333333333,0.14583333333333334,0.5783132530120482,0.0292289156626506,0.03005053261280496,0.211
683232,L,1,32,3,4,88.4125,"Larnach, Trevor",L,45,0.09375,0.125,0.7111111111111111,0.039933333333333335,0.03172830259707061,0.151
683352,L,2,43,3,5,86.68260869565218,"Wetherholt, JJ",L,53,0.06976744186046512,0.11627906976744186,0.8113207547169812,0.03424528301886792,0.03103623611535257,0.193
683363,L,0,24,0,3,89.11111111111111,"Halpin, Petey",L,31,0.0,0.125,0.7741935483870968,0.0017419354838709676,0.026913431056496104,0.118
683409,L,3,25,1,8,94.24375,"Collins, Isaac",L,34,0.04,0.32,0.7352941176470589,0.021147058823529415,0.029157121729270916,0.122
683618,L,1,59,4,9,92.01290322580645,"Smith, Pavin",L,111,0.06779661016949153,0.15254237288135594,0.5315315315315315,0.022180180180180177,0.028272653198924406,0.247
683627,L,2,61,4,7,91.43529411764706,"Rumfield, TJ",L,78,0.06557377049180328,0.11475409836065574,0.782051282051282,0.0311025641025641,0.030480455992401297,0.253
683734,L,1,4,1,1,90.76666666666667,"Lee, Jung Hoo",L,8,0.25,0.25,0.5,0.074125,0.031223008064740775,0.022
683742,L,1,31,2,7,92.04736842105264,"Horwitz, Spencer",L,49,0.06451612903225806,0.22580645161290322,0.6326530612244898,0.026040816326530613,0.029648335497795032,0.147
683766,L,0,4,1,0,93.05,"Baty, Brett",L,4,0.25,0.0,1.0,0.14375,0.03273659502126251,0.022
683769,L,7,79,8,24,90.958,"Gorman, Nolan",L,126,0.10126582278481013,0.3037974683544304,0.626984126984127,0.03993650793650794,0.03321821471388583,0.305
684007,L,11,126,16,22,93.33380281690141,"Lile, Daylen",L,192,0.12698412698412698,0.1746031746031746,0.65625,0.04997916666666666,0.03838532184285066,0.412
684049,L,4,28,7,2,94.16842105263159,"Johnston, Troy",L,45,0.25,0.07142857142857142,0.6222222222222222,0.09024444444444443,0.038343163117099746,0.135
684320,L,2,16,3,2,95.24285714285715,"Aranda, Jonathan",L,23,0.1875,0.125,0.6956521739130435,0.07656521739130434,0.03404886205190394,0.082
684442,L,3,26,5,4,96.90714285714286,"Soderstrom, Tyler",L,33,0.19230769230769232,0.15384615384615385,0.7878787878787878,0.0893030303030303,0.03772044792131597,0.126
684516,L,1,4,2,0,102.30000000000001,"Carrigg, Cole",L,7,0.5,0.0,0.5714285714285714,0.16428571428571426,0.03318302359269108,0.022
684665,L,2,33,3,5,93.97777777777777,"Yelich, Christian",L,48,0.09090909090909091,0.15151515151515152,0.6875,0.0378125,0.0314382440559263,0.155
684974,L,4,67,5,15,94.25142857142858,"Castro, Willi",L,94,0.07462686567164178,0.22388059701492538,0.7127659574468085,0.033457446808510635,0.031134341781710588,0.271
685005,L,1,14,1,3,98.06666666666666,"Moncada, Yoán",L,24,0.07142857142857142,0.21428571428571427,0.5833333333333334,0.02620833333333333,0.029976547167932834,0.072
685112,L,0,15,3,1,99.13333333333333,"Jensen, Carter",L,29,0.2,0.06666666666666667,0.5172413793103449,0.06010344827586207,0.032564539528462735,0.077
685126,L,3,56,2,8,92.50344827586207,"Isbel, Kyle",L,90,0.03571428571428571,0.14285714285714285,0.6222222222222222,0.014377777777777776,0.026498682370626518,0.237
685299,L,13,206,23,39,92.93283582089552,"Loperfido, Joey",L,270,0.11165048543689321,0.18932038834951456,0.762962962962963,0.05158148148148147,0.041643312614242194,0.534
685464,L,1,21,1,3,84.27272727272727,"Gonzalez, Jacob",L,37,0.047619047619047616,0.14285714285714285,0.5675675675675675,0.016999999999999998,0.0288832511637428,0.104
685801,L,1,24,2,3,91.72999999999999,"Clemens, Kody",L,38,0.08333333333333333,0.125,0.631578947368421,0.03168421052631579,0.030436051649724908,0.118
686218,L,13,165,17,38,93.08131868131868,"Santana, Carlos",L,254,0.10303030303030303,0.23030303030303031,0.6496062992125984,0.041177165354330705,0.03548627758659962,0.478
686228,L,0,8,1,1,99.23333333333333,"Mullins, Cedric",L,8,0.125,0.125,1.0,0.074125,0.03213581640378885,0.043
686475,L,1,18,1,3,94.53999999999999,"DeLauter, Chase",L,19,0.05555555555555555,0.16666666666666666,0.9473684210526315,0.033105263157894735,0.030527415256335393,0.091
686560,L,2,32,4,6,94.675,"Butler, Lawrence",L,55,0.125,0.1875,0.5818181818181818,0.04378181818181818,0.03230920597042681,0.151
686563,L,0,3,0,1,91.3,"Pasquantino, Vinnie",L,7,0.0,0.3333333333333333,0.42857142857142855,0.002571428571428571,0.02981556158265895,0.016
686580,L,2,45,3,9,92.7074074074074,"Friedl, TJ",L,71,0.06666666666666667,0.2,0.6338028169014085,0.026577464788732394,0.029531197330690047,0.2
686610,L,1,14,2,1,94.76,"Busch, Michael",L,19,0.14285714285714285,0.07142857142857142,0.7368421052631579,0.0614736842105263,0.03252146939618387,0.072
686613,L,7,143,12,13,93.67777777777778,"Schanuel, Nolan",L,263,0.08391608391608392,0.09090909090909091,0.5437262357414449,0.0271254752851711,0.02887763606715718,0.443
686628,L,0,0,0,0,,"Lile, Daylen",L,2,0.0,0.0,0.0,0.0,0.03026963046617946,0.0
686678,L,1,3,1,0,103.0,"Rutschman, Adley",L,4,0.3333333333333333,0.0,0.75,0.14375,0.0321299643929634,0.016
686730,L,2,10,2,1,85.1,"Busch, Michael",L,13,0.2,0.1,0.7692307692307693,0.08984615384615384,0.03340523695986232,0.053
686747,L,1,1,1,0,104.0,"Chisholm Jr., Jazz",L,1,1.0,0.0,1.0,0.575,0.033279190518852496,0.006
686751,L,2,49,7,4,94.2,"Crow-Armstrong, Pete",L,71,0.14285714285714285,0.08163265306122448,0.6901408450704225,0.05770422535211266,0.03613991496142281,0.214
686753,L,0,31,1,6,89.475,"Wood, James",L,47,0.03225806451612903,0.1935483870967742,0.6595744680851063,0.014531914893617019,0.027957454244618155,0.147
686780,L,1,6,2,1,95.2,"Marsh, Brandon",L,6,0.3333333333333333,0.16666666666666666,1.0,0.19466666666666665,0.03557276066619518,0.032
686790,L,6,128,7,23,93.58793103448276,"Sheets, Gavin",L,177,0.0546875,0.1796875,0.7231638418079096,0.025079096045197737,0.02811252525226498,0.416
686796,L,0,3,0,1,82.6,"Stott, Bryson",L,6,0.0,0.3333333333333333,0.5,0.0029999999999999996,0.029822587343783073,0.016
686799,L,2,106,4,15,92.72444444444446,"Alvarez, Yordan",L,159,0.03773584905660377,0.14150943396226415,0.6666666666666666,0.016163522012578615,0.025041492367991733,0.371
686894,L,0,3,0,1,94.25,"Lowe, Brandon",L,4,0.0,0.3333333333333333,0.75,0.0045,0.0298471775077175,0.016
686930,L,6,84,5,11,92.12127659574467,"Antonacci, Sam",L,121,0.05952380952380952,0.13095238095238096,0.6942148760330579,0.02539669421487603,0.02871915074985564,0.318
686934,L,0,23,1,2,92.33636363636364,"Muncy, Max",L,36,0.043478260869565216,0.08695652173913043,0.6388888888888888,0.01697222222222222,0.028763027561691693,0.113
686973,L,0,109,4,10,91.27499999999999,"Soderstrom, Tyler",L,172,0.03669724770642202,0.09174311926605505,0.6337209302325582,0.014418604651162792,0.024291215885429228,0.377
686993,L,4,62,6,10,94.13243243243244,"Giménez, Andrés",L,87,0.0967741935483871,0.16129032258064516,0.7126436781609196,0.04172413793103448,0.03320425634560512,0.256
687060,L,1,6,1,1,90.97999999999999,"Lile, Daylen",L,6,0.16666666666666666,0.16666666666666666,1.0,0.09883333333333333,0.03248136281673281,0.032
687064,L,13,279,18,53,92.67394366197183,"Peters, Tristan",L,407,0.06451612903225806,0.18996415770609318,0.6855036855036855,0.02777395577395577,0.02875265173169055,0.608
687075,L,7,134,10,20,92.92173913043479,"Peters, Tristan",L,229,0.07462686567164178,0.14925373134328357,0.5851528384279476,0.026681222707423576,0.02873827174110529,0.427
687134,L,3,17,3,1,95.2875,"Happ, Ian",L,28,0.17647058823529413,0.058823529411764705,0.6071428571428571,0.06224999999999999,0.033029357786356864,0.086
687209,L,0,18,3,2,92.86923076923077,"Horwitz, Spencer",L,32,0.16666666666666666,0.1111111111111111,0.5625,0.05503125,0.032520686787435873,0.091
687223,L,1,24,1,3,91.69166666666666,"Harper, Bryce",L,37,0.041666666666666664,0.125,0.6486486486486487,0.016999999999999998,0.028708497470158342,0.118
687239,L,2,25,1,3,87.52499999999999,"Greene, Riley",L,32,0.04,0.12,0.78125,0.01965625,0.028975315775181962,0.122
687273,L,3,37,5,3,93.9421052631579,"Varsho, Daulton",L,60,0.13513513513513514,0.08108108108108109,0.6166666666666667,0.04881666666666666,0.033432028343681884,0.171
687287,L,0,7,0,1,84.6,"Vivas, Jorbit",L,8,0.0,0.14285714285714285,0.875,0.00225,0.029220767293648676,0.037
687309,L,0,13,0,3,94.83333333333333,"Moniak, Mickey",L,28,0.0,0.23076923076923078,0.4642857142857143,0.0019285714285714286,0.028360647214941612,0.067
687312,L,5,139,8,27,90.39305555555556,"Eldridge, Bryce",L,187,0.05755395683453238,0.19424460431654678,0.7433155080213903,0.027197860962566843,0.028931147829809073,0.436
687330,L,4,98,8,15,95.70476190476191,"Gorman, Nolan",L,123,0.08163265306122448,0.15306122448979592,0.7967479674796748,0.039593495934959345,0.03355646073934647,0.353
687377,L,2,48,3,11,92.03571428571429,"Horwitz, Spencer",L,83,0.0625,0.22916666666666666,0.5783132530120482,0.023168674698795175,0.02877469240988803,0.211
687396,L,1,75,5,19,91.87380952380951,"Devers, Rafael",L,115,0.06666666666666667,0.25333333333333335,0.6521739130434783,0.02797391304347826,0.029594419459502634,0.294
687473,L,5,164,14,21,94.4046511627907,"Vivas, Jorbit",L,230,0.08536585365853659,0.12804878048780488,0.7130434782608696,0.03664347826086957,0.03330832534504335,0.477
687531,L,1,18,1,1,93.25,"Cowser, Colton",L,33,0.05555555555555555,0.05555555555555555,0.5454545454545454,0.01796969696969697,0.02915145469377196,0.091
687562,L,0,73,0,10,89.28214285714286,"Alvarez, Yordan",L,113,0.0,0.136986301369863,0.6460176991150443,0.0015929203539823006,0.021995322805347866,0.289
687570,L,4,101,9,12,90.16111111111111,"Soto, Juan",L,152,0.0891089108910891,0.1188118811881188,0.6644736842105263,0.0354671052631579,0.03213776197683719,0.359
687606,L,3,51,1,10,91.64,"Gorman, Nolan",L,78,0.0196078431372549,0.19607843137254902,0.6538461538461539,0.009679487179487177,0.025723754675611034,0.221
687721,L,0,0,0,0,,"Valenzuela, Brandon",L,2,0.0,0.0,0.0,0.0,0.03026963046617946,0.0
687765,L,2,23,1,6,92.31666666666666,"Chisholm Jr., Jazz",L,36,0.043478260869565216,0.2608695652173913,0.6388888888888888,0.018972222222222217,0.02898962854691337,0.113
687792,L,0,9,2,0,101.8,"Greene, Riley",L,9,0.2222222222222222,0.0,1.0,0.12777777777777777,0.03491287557625557,0.048
687849,L,2,29,1,7,92.01111111111112,"Pasquantino, Vinnie",L,39,0.034482758620689655,0.2413793103448276,0.7435897435897436,0.017974358974358975,0.028563588010376617,0.139
687859,L,0,3,0,0,,"Rortvedt, Ben",L,4,0.0,0.0,0.75,0.0,0.02977340701591422,0.016
687911,L,2,79,2,7,92.92333333333333,"Lowe, Josh",L,115,0.02531645569620253,0.08860759493670886,0.6869565217391305,0.011095652173913043,0.024421196933017114,0.305
687924,L,0,5,0,0,86.43333333333334,"Crow-Armstrong, Pete",L,6,0.0,0.0,0.8333333333333334,0.0,0.029451532345471907,0.027
687931,L,0,22,1,4,92.625,"Olson, Matt",L,36,0.045454545454545456,0.18181818181818182,0.6111111111111112,0.017972222222222223,0.028930308776243523,0.109
687941,L,1,35,1,6,96.29411764705883,"McKinstry, Zach",L,47,0.02857142857142857,0.17142857142857143,0.7446808510638298,0.01453191489361702,0.027707676768320456,0.163
687985,L,1,2,1,0,94.8,"Young, Jared",L,5,0.5,0.0,0.4,0.11499999999999999,0.031200733428089576,0.011
688107,L,2,90,4,18,89.85434782608696,"Outman, James",L,139,0.044444444444444446,0.2,0.6474820143884892,0.018877697841726614,0.026472319591361846,0.333
688158,L,1,40,2,3,90.325,"Greene, Riley",L,68,0.05,0.075,0.5882352941176471,0.017705882352941175,0.02798531262740886,0.182
688297,L,4,67,5,4,92.45,"Mullins, Cedric",L,94,0.07462686567164178,0.05970149253731343,0.7127659574468085,0.031351063829787224,0.030562974738898973,0.271
688497,L,0,7,0,2,86.60000000000001,"Albies, Ozzie",L,11,0.0,0.2857142857142857,0.6363636363636364,0.0032727272727272726,0.02925905120225344,0.037
688642,L,4,145,12,32,93.64597701149425,"Edwards, Xavier",L,200,0.08275862068965517,0.2206896551724138,0.725,0.03738,0.033441949181268624,0.446
688692,L,0,4,0,1,87.35,"Harris II, Michael",L,8,0.0,0.25,0.5,0.00225,0.029660508064740774,0.022
688883,L,1,27,1,4,97.35714285714286,"Raley, Luke",L,48,0.037037037037037035,0.14814814814814814,0.5625,0.013479166666666664,0.028079569970590832,0.13
689017,L,1,21,1,6,91.65,"Vargas, Ildemaro",L,28,0.047619047619047616,0.2857142857142857,0.75,0.02439285714285714,0.029655639223444292,0.104
689147,L,3,73,6,16,91.21739130434783,"Lee, Jung Hoo",L,127,0.0821917808219178,0.2191780821917808,0.5748031496062992,0.029433070866141726,0.03002825160925157,0.289
689149,L,2,16,2,4,95.13,"Olson, Matt",L,29,0.125,0.25,0.5517241379310345,0.04213793103448276,0.031238471328898097,0.082
689225,L,3,29,3,4,96.0,"Benintendi, Andrew",L,44,0.10344827586206896,0.13793103448275862,0.6590909090909091,0.04084090909090909,0.03173645860071132,0.139
689254,L,2,91,3,15,91.00980392156863,"Kurtz, Nick",L,139,0.03296703296703297,0.16483516483516483,0.6546762589928058,0.01435251798561151,0.024924769817723062,0.336
689266,L,3,50,7,10,94.5,"Schneemann, Daniel",L,86,0.14,0.2,0.5813953488372093,0.04889534883720931,0.034318699677272906,0.217
689296,L,4,84,6,17,95.1775,"Outman, James",L,133,0.07142857142857142,0.20238095238095238,0.631578947368421,0.028240601503759392,0.029624030341773078,0.318
689441,L,0,32,2,5,95.64375,"Edwards, Xavier",L,43,0.0625,0.15625,0.7441860465116279,0.02883720930232558,0.03005341595088076,0.151
689520,L,2,21,2,4,96.39999999999999,"Isbel, Kyle",L,34,0.09523809523809523,0.19047619047619047,0.6176470588235294,0.03594117647058823,0.030862180048729627,0.104
689546,L,1,52,3,8,91.60740740740741,"Pasquantino, Vinnie",L,68,0.057692307692307696,0.15384615384615385,0.7647058823529411,0.027485294117647056,0.0296455550777153,0.224
689690,L,0,7,1,0,91.875,"Young, Cole",L,14,0.14285714285714285,0.0,0.5,0.041071428571428564,0.030673975849798408,0.037
689818,L,5,70,8,12,91.73055555555555,"Gray, Tristan",L,101,0.11428571428571428,0.17142857142857143,0.693069306930693,0.04768316831683168,0.03514542106436208,0.28
689981,L,0,7,0,3,94.05999999999999,"Ortiz, Abimelec",L,14,0.0,0.42857142857142855,0.5,0.0038571428571428567,0.02928092772145616,0.037
690155,L,0,11,0,2,96.95,"Mullins, Cedric",L,17,0.0,0.18181818181818182,0.6470588235294118,0.0021176470588235297,0.028648312050049012,0.058
690279,L,3,42,4,7,96.52799999999999,"Nuñez, Nasim",L,67,0.09523809523809523,0.16666666666666666,0.6268656716417911,0.036208955223880596,0.03139328650142021,0.189
690440,L,3,11,3,2,98.12857142857142,"Giménez, Andrés",L,12,0.2727272727272727,0.18181818181818182,0.9166666666666666,0.14674999999999996,0.03697792399954085,0.058
690829,L,1,17,2,5,92.81666666666666,"Cowser, Colton",L,33,0.11764705882352941,0.29411764705882354,0.5151515151515151,0.037575757575757575,0.030900108440102443,0.086
690925,L,4,55,5,6,94.0448275862069,"Busch, Michael",L,108,0.09090909090909091,0.10909090909090909,0.5092592592592593,0.02762037037037037,0.02964959086928797,0.234
690928,L,3,90,8,21,91.5,"Cruz, Oneil",L,131,0.08888888888888889,0.23333333333333334,0.6870229007633588,0.038,0.03284642031078631,0.333
690953,L,0,29,1,4,92.61666666666667,"Beavers, Dylan",L,47,0.034482758620689655,0.13793103448275862,0.6170212765957447,0.01376595744680851,0.027979647128563392,0.139
690978,L,1,29,3,2,93.66470588235293,"Henderson, Gunnar",L,48,0.10344827586206896,0.06896551724137931,0.6041666666666666,0.03668749999999999,0.03116014824838422,0.139
690986,L,1,97,2,15,89.74901960784314,"Simpson, Chandler",L,147,0.020618556701030927,0.15463917525773196,0.6598639455782312,0.00965986394557823,0.023052492009506827,0.35
690990,L,1,18,1,1,97.0375,"Lile, Daylen",L,22,0.05555555555555555,0.05555555555555555,0.8181818181818182,0.026954545454545453,0.029968259101485456,0.091
690997,L,13,283,21,44,93.18980891719745,"O'Hearn, Ryan",L,455,0.07420494699646643,0.15547703180212014,0.621978021978022,0.028279120879120878,0.029052969098711686,0.611
691008,L,0,12,1,3,93.875,"Caglianone, Jac",L,17,0.08333333333333333,0.25,0.7058823529411765,0.037,0.03069027856204324,0.062
691384,L,2,11,2,3,95.60000000000001,"Johnston, Troy",L,23,0.18181818181818182,0.2727272727272727,0.4782608695652174,0.05234782608695652,0.03154114958570065,0.058
691548,L,0,3,1,0,98.2,"Pauley, Graham",L,6,0.3333333333333333,0.0,0.5,0.09583333333333333,0.03134444526728034,0.016
691587,L,7,214,20,25,94.2009433962264,"Julien, Edouard",L,367,0.09345794392523364,0.11682242990654206,0.5831062670299727,0.032561307901907345,0.03151434866731085,0.543
691594,L,1,15,3,4,92.87272727272727,"Olson, Matt",L,17,0.2,0.26666666666666666,0.8823529411764706,0.10570588235294116,0.03607241907285344,0.077
691725,L,12,235,16,42,91.99115044247787,"Abrams, CJ",L,321,0.06808510638297872,0.17872340425531916,0.7320872274143302,0.031015576323987538,0.030692033542287646,0.566
691769,L,4,28,6,3,96.42941176470588,"Turang, Brice",L,36,0.21428571428571427,0.10714285714285714,0.7777777777777778,0.09733333333333331,0.03929743662137325,0.135
691799,L,5,102,10,15,91.98363636363636,"Frelick, Sal",L,176,0.09803921568627451,0.14705882352941177,0.5795454545454546,0.03420454545454545,0.031692897589630994,0.362
691945,L,1,9,1,1,96.94,"Crawford, Justin",L,14,0.1111111111111111,0.1111111111111111,0.6428571428571429,0.04235714285714286,0.03084522629432057,0.048
691946,L,1,50,5,5,93.2695652173913,"Young, Cole",L,74,0.1,0.1,0.6756756756756757,0.04006756756756757,0.032399616792568184,0.217
691951,L,2,28,1,5,93.31538461538463,"Rice, Ben",L,41,0.03571428571428571,0.17857142857142858,0.6829268292682927,0.016219512195121952,0.02837826839122941,0.135
692030,L,2,10,2,3,98.36666666666667,"Marsee, Jakob",L,16,0.2,0.3,0.625,0.07525,0.03263701833638054,0.053
692064,L,0,5,0,1,88.39999999999999,"Seager, Corey",L,6,0.0,0.2,0.8333333333333334,0.003,0.029532613426552987,0.027
692230,L,1,12,1,7,91.8111111111111,"Edwards, Xavier",L,19,0.08333333333333333,0.5833333333333334,0.631578947368421,0.03689473684210526,0.03068369961467482,0.062
692437,L,0,5,0,2,80.65,"DeLauter, Chase",L,6,0.0,0.4,0.8333333333333334,0.006,0.02961369450763407,0.027
693308,L,1,38,1,10,91.41111111111111,"Hicks, Liam",L,58,0.02631578947368421,0.2631578947368421,0.6551724137931034,0.013017241379310342,0.02726233328589952,0.174
693312,L,0,6,0,2,88.775,"Schanuel, Nolan",L,15,0.0,0.3333333333333333,0.4,0.0024,0.029370610128560768,0.032
693313,L,3,53,3,8,91.63928571428572,"Busch, Michael",L,75,0.05660377358490566,0.1509433962264151,0.7066666666666667,0.024919999999999998,0.029052761733529196,0.227
693433,L,12,276,20,36,93.81,"Manzardo, Kyle",L,403,0.07246376811594203,0.13043478260869565,0.684863523573201,0.0301439205955335,0.030193542912893747,0.605
693645,L,9,260,20,27,93.47777777777777,"Bailey, Patrick",L,458,0.07692307692307693,0.10384615384615385,0.5676855895196506,0.026170305676855896,0.027847302181579173,0.591
693686,L,5,152,9,23,92.1861111111111,"McNeil, Jeff",L,212,0.05921052631578947,0.1513157894736842,0.7169811320754716,0.026363207547169806,0.02848114768398227,0.458
693713,L,0,4,0,0,107.75,"Smith, Dominic",L,7,0.0,0.0,0.5714285714285714,0.0,0.029611595021262514,0.022
693821,L,14,280,16,46,92.42808219178082,"Soderstrom, Tyler",L,397,0.05714285714285714,0.16428571428571428,0.7052896725440806,0.025259445843828717,0.027219952869965966,0.609
693855,L,11,125,12,26,92.64999999999999,"Church, Nathan",L,187,0.096,0.208,0.6684491978609626,0.039401069518716574,0.03401202352049795,0.41
694037,L,4,36,4,9,92.69259259259259,"Lile, Daylen",L,59,0.1111111111111111,0.25,0.6101694915254238,0.04172881355932204,0.032179494315036555,0.167
694297,L,12,235,16,39,92.95436893203883,"Carpenter, Kerry",L,301,0.06808510638297872,0.16595744680851063,0.7807308970099668,0.032897009966777406,0.03175742367736143,0.566
694335,L,1,69,5,13,93.5219512195122,"Mullins, Cedric",L,102,0.07246376811594203,0.18840579710144928,0.6764705882352942,0.030480392156862744,0.03032803430817603,0.277
694341,L,2,14,4,5,96.71538461538461,"Osuna, Alejandro",L,25,0.2857142857142857,0.35714285714285715,0.56,0.09559999999999999,0.0349841932160428,0.072
694346,L,3,67,5,10,95.69375,"Grisham, Trent",L,102,0.07462686567164178,0.14925373134328357,0.6568627450980392,0.029950980392156854,0.03018319502099924,0.271
694350,L,0,5,0,0,93.0,"Sullivan, Brett",L,7,0.0,0.0,0.7142857142857143,0.0,0.029451532345471907,0.027
694357,L,0,8,0,1,92.26666666666667,"Rice, Ben",L,17,0.0,0.125,0.47058823529411764,0.0010588235294117646,0.02902661740504041,0.043
694360,L,3,33,4,4,96.21176470588235,"Bell, Josh",L,51,0.12121212121212122,0.12121212121212122,0.6470588235294118,0.04650980392156863,0.03278571367757778,0.155
694361,L,1,53,1,9,93.30499999999999,"Marte, Ketel",L,95,0.018867924528301886,0.16981132075471697,0.5578947368421052,0.007757894736842103,0.025148935214441778,0.227
694363,L,0,15,0,2,90.2,"Mayer, Marcelo",L,20,0.0,0.13333333333333333,0.75,0.0018,0.028079658891857963,0.077
694397,L,0,9,0,1,86.775,"Castro, Willi",L,14,0.0,0.1111111111111111,0.6428571428571429,0.0012857142857142856,0.0288894439813954,0.048
694462,L,2,20,2,1,97.66,"Cavanaugh, Drew",L,31,0.1,0.05,0.6451612903225806,0.037677419354838704,0.031010409355045385,0.1
694477,L,7,152,12,28,94.22117647058823,"McGuire, Reese",L,217,0.07894736842105263,0.18421052631578946,0.7004608294930875,0.03411981566820276,0.03203236585987687,0.458
694494,L,0,8,0,1,89.86666666666667,"Carter, Evan",L,14,0.0,0.125,0.5714285714285714,0.0012857142857142856,0.029036272330840517,0.043
694646,L,1,17,2,2,92.86,"Schanuel, Nolan",L,23,0.11764705882352941,0.11764705882352941,0.7391304347826086,0.05156521739130434,0.032107320708449114,0.086
694680,L,1,32,2,3,93.14615384615385,"De La Cruz, Elly",L,42,0.0625,0.09375,0.7619047619047619,0.028666666666666663,0.030027673666253,0.151
694738,L,5,252,13,32,91.24695652173912,"Cronenworth, Jake",L,392,0.051587301587301584,0.12698412698412698,0.6428571428571429,0.020538265306122447,0.024593000789479534,0.583
694753,L,0,36,2,6,93.53333333333333,"DeLauter, Chase",L,51,0.05555555555555555,0.16666666666666666,0.7058823529411765,0.02466666666666667,0.02933580316626066,0.167
694795,L,2,45,5,8,92.19615384615385,"Schwarber, Kyle",L,68,0.1111111111111111,0.17777777777777778,0.6617647058823529,0.0443970588235294,0.03309511613764945,0.2
694819,L,6,172,5,21,92.02804878048781,"Montgomery, Colson",L,367,0.029069767441860465,0.12209302325581395,0.46866485013623976,0.00886376021798365,0.019809943867629236,0.489
694820,L,0,15,0,2,88.83333333333333,"Perdomo, Geraldo",L,16,0.0,0.13333333333333333,0.9375,0.00225,0.028114274276473346,0.077
694851,L,0,19,0,8,92.3153846153846,"Freeman, Freddie",L,32,0.0,0.42105263157894735,0.59375,0.0045,0.027809213486996495,0.095
694918,L,7,93,12,15,92.366,"Polanco, Jorge",L,131,0.12903225806451613,0.16129032258064516,0.7099236641221374,0.054732824427480904,0.03860324599145797,0.341
694973,L,13,266,23,32,93.5659420289855,"Benge, Carson",L,417,0.08646616541353383,0.12030075187969924,0.6378896882494005,0.03309592326139088,0.03195526697632797,0.596
695001,L,1,21,0,4,88.42999999999999,"Nimmo, Brandon",L,29,0.0,0.19047619047619047,0.7241379310344828,0.002482758620689655,0.027366524452471567,0.104
695034,L,4,40,4,4,95.79545454545455,"Alvarez, Yordan",L,49,0.1,0.1,0.8163265306122449,0.04840816326530612,0.03356754552056612,0.182
695049,L,1,23,1,2,99.525,"Carroll, Corbin",L,29,0.043478260869565216,0.08695652173913043,0.7931034482758621,0.021068965517241377,0.02922719059511751,0.113
695076,L,12,253,30,38,93.24013157894737,"Anthony, Roman",L,372,0.11857707509881422,0.15019762845849802,0.6801075268817204,0.048209677419354835,0.04075192118015953,0.584
695239,L,3,56,2,7,90.47777777777777,"Scott II, Victor",L,79,0.03571428571428571,0.125,0.7088607594936709,0.01615189873417721,0.0269196602246874,0.237
695243,L,2,63,6,8,93.59117647058824,"McGonigle, Kevin",L,151,0.09523809523809523,0.12698412698412698,0.41721854304635764,0.023801324503311256,0.028592662253584,0.259
695378,L,0,13,1,2,92.71428571428571,"Rushing, Dalton",L,19,0.07692307692307693,0.15384615384615385,0.6842105263157895,0.03215789473684211,0.03039681925125,0.067
695380,L,1,64,3,12,92.04864864864865,"Wallner, Matt",L,106,0.046875,0.1875,0.6037735849056604,0.01831132075471698,0.027133024640222086,0.262
695418,L,6,103,11,13,95.4,"Crow-Armstrong, Pete",L,171,0.10679611650485436,0.1262135922330097,0.6023391812865497,0.038356725146198825,0.03321299001403103,0.364
695445,L,0,11,1,1,98.19999999999999,"Mayer, Marcelo",L,19,0.09090909090909091,0.09090909090909091,0.5789473684210527,0.031210526315789473,0.030323818185266947,0.058
695505,L,14,232,22,43,93.51031746031745,"Cruz, Oneil",L,400,0.09482758620689655,0.1853448275862069,0.58,0.03355999999999999,0.0321224599124085,0.563
695534,L,3,59,5,8,92.12857142857143,"Happ, Ian",L,73,0.0847457627118644,0.13559322033898305,0.8082191780821918,0.04135616438356164,0.033006473567123176,0.247
695549,L,5,86,8,12,92.75365853658536,"Gilbert, Drew",L,139,0.09302325581395349,0.13953488372093023,0.6187050359712231,0.03464748201438849,0.0316850260795102,0.323
695611,L,3,75,5,13,93.38571428571429,"Young, Cole",L,117,0.06666666666666667,0.17333333333333334,0.6410256410256411,0.02657264957264957,0.02918228314455302,0.294
695684,L,1,32,4,3,93.53333333333333,"Nimmo, Brandon",L,54,0.125,0.09375,0.5925925925925926,0.043592592592592586,0.03228064361733615,0.151
696062,L,0,60,2,8,91.98888888888888,"Mullins, Cedric",L,98,0.03333333333333333,0.13333333333333333,0.6122448979591837,0.01320408163265306,0.026003243257797858,0.25
696070,L,1,26,1,3,91.80833333333334,"Baty, Brett",L,55,0.038461538461538464,0.11538461538461539,0.4727272727272727,0.011436363636363637,0.02789261620610562,0.126
696131,L,5,40,5,7,94.4076923076923,"Wells, Austin",L,61,0.125,0.175,0.6557377049180327,0.0491967213114754,0.03371091971077872,0.182
696136,L,0,14,0,0,86.7,"Cruz, Oneil",L,17,0.0,0.0,0.8235294117647058,0.0,0.02808522414387785,0.072
696146,L,1,26,1,5,92.84545454545456,"Bazzana, Travis",L,39,0.038461538461538464,0.19230769230769232,0.6666666666666666,0.01705128205128205,0.028601295229347748,0.126
696147,L,5,56,7,6,94.52727272727273,"Loperfido, Joey",L,108,0.125,0.10714285714285714,0.5185185185185185,0.038268518518518514,0.032167671698937875,0.237
696149,L,12,248,20,40,93.34492753623189,"Friedl, TJ",L,378,0.08064516129032258,0.16129032258064516,0.656084656084656,0.032328042328042324,0.03146235509641775,0.579
696270,L,11,192,19,25,90.33069306930693,"Happ, Ian",L,273,0.09895833333333333,0.13020833333333334,0.7032967032967034,0.041666666666666664,0.03615197173094705,0.516
696519,L,0,26,2,4,90.225,"Rushing, Dalton",L,56,0.07692307692307693,0.15384615384615385,0.4642857142857143,0.02182142857142857,0.029203352557133234,0.126
696522,L,0,25,3,5,92.44375,"Rutschman, Adley",L,32,0.12,0.2,0.78125,0.05671875,0.0334951328483527,0.122
697811,L,0,1,0,0,,"Simpson, Chandler",L,1,0.0,0.0,1.0,0.0,0.030102394938742002,0.006
697812,L,0,15,1,1,95.43333333333334,"Ohtani, Shohei",L,32,0.06666666666666667,0.06666666666666667,0.46875,0.01853125,0.029366678122627193,0.077
699008,L,3,28,2,4,94.16153846153846,"Marsee, Jakob",L,42,0.07142857142857142,0.14285714285714285,0.6666666666666666,0.02909523809523809,0.030111539185475815,0.135
699044,L,1,22,3,7,88.60769230769232,"Clemens, Kody",L,31,0.13636363636363635,0.3181818181818182,0.7096774193548387,0.05970967741935483,0.03347597221355499,0.109
699134,L,4,103,4,13,91.51,"McGonigle, Kevin",L,159,0.038834951456310676,0.1262135922330097,0.6477987421383647,0.01593710691823899,0.02505319963424353,0.364
699151,L,3,28,5,5,96.15333333333334,"Frelick, Sal",L,38,0.17857142857142858,0.17857142857142858,0.7368421052631579,0.07802631578947368,0.036698415028930606,0.135
699823,L,1,31,1,3,89.11111111111111,"Lile, Daylen",L,49,0.03225806451612903,0.0967741935483871,0.6326530612244898,0.012836734693877552,0.02770839933375596,0.147
700187,L,0,2,0,0,93.5,"Meckler, Wade",L,4,0.0,0.0,0.5,0.0,0.029936997164353312,0.011
700241,L,14,345,34,47,94.61878453038673,"Fraley, Jake",L,447,0.09855072463768116,0.13623188405797101,0.7718120805369127,0.045628635346756145,0.04036269081627271,0.657
700249,L,4,45,4,6,94.9090909090909,"Lowe, Brandon",L,58,0.08888888888888889,0.13333333333333333,0.7758620689655172,0.04151724137931034,0.03251915264880564,0.2
700270,L,0,11,1,3,92.65555555555555,"Caratini, Victor",L,20,0.09090909090909091,0.2727272727272727,0.55,0.03145,0.030337609863415195,0.058
700327,L,0,2,0,0,83.8,"Freeman, Freddie",L,5,0.0,0.0,0.4,0.0,0.029936997164353312,0.011
700363,L,5,61,6,10,95.19310344827586,"Ewing, A.J.",L,78,0.09836065573770492,0.16393442622950818,0.782051282051282,0.046538461538461535,0.034387467376591103,0.253
700413,L,1,2,1,0,103.6,"Merrill, Jackson",L,2,0.5,0.0,1.0,0.2875,0.03309633782369397,0.011
700669,L,3,106,9,12,94.46153846153847,"Young, Jared",L,158,0.08490566037735849,0.11320754716981132,0.6708860759493671,0.03412025316455696,0.03169678433341028,0.371
700712,L,5,233,12,31,94.40103092783505,"Loperfido, Joey",L,354,0.05150214592274678,0.13304721030042918,0.6581920903954802,0.02106779661016949,0.025078281099471657,0.564
700842,L,0,10,0,3,94.8,"Chisholm Jr., Jazz",L,20,0.0,0.3,0.5,0.0026999999999999997,0.028818597283748963,0.053
701121,L,1,15,0,0,89.38,"Lowe, Nathaniel",L,19,0.0,0.0,0.7894736842105263,0.0,0.027941197353396424,0.077
701474,L,1,13,1,2,89.41428571428571,"Isbel, Kyle",L,17,0.07692307692307693,0.15384615384615385,0.7647058823529411,0.03594117647058823,0.030651651699637045,0.067
701519,L,5,96,5,18,91.4,"Ramírez, José",L,137,0.052083333333333336,0.1875,0.7007299270072993,0.023350364963503647,0.02786292942177048,0.348
701542,L,11,267,19,43,94.30384615384615,"Lee, Jung Hoo",L,383,0.07116104868913857,0.16104868913857678,0.6971279373368147,0.03054569190600522,0.030434526225538466,0.597
701552,L,0,18,1,4,94.25,"Busch, Michael",L,25,0.05555555555555555,0.2222222222222222,0.72,0.025879999999999993,0.029870573151072236,0.091
701656,L,10,153,14,35,94.04666666666668,"Isbel, Kyle",L,244,0.0915032679738562,0.22875816993464052,0.6270491803278688,0.035573770491803276,0.03270666777524986,0.459
701719,L,1,26,2,5,92.1923076923077,"Yelich, Christian",L,41,0.07692307692307693,0.19230769230769232,0.6341463414634146,0.030243902439024393,0.03026638323945115,0.126
701780,L,0,1,0,0,,"Bleday, JJ",L,2,0.0,0.0,0.5,0.0,0.030102394938742002,0.006
702021,L,2,51,4,9,93.79666666666667,"Wood, James",L,79,0.0784313725490196,0.17647058823529413,0.6455696202531646,0.031164556962025313,0.030467211640586987,0.221
702047,L,0,13,0,4,94.625,"Montgomery, Braden",L,17,0.0,0.3076923076923077,0.7647058823529411,0.0042352941176470585,0.02851602231835085,0.067
702056,L,6,149,9,24,92.19655172413793,"Duran, Jarren",L,228,0.06040268456375839,0.1610738255033557,0.6535087719298246,0.024592105263157894,0.027698350055084583,0.453
702070,L,5,131,14,23,92.22266666666667,"Wallner, Matt",L,182,0.10687022900763359,0.17557251908396945,0.7197802197802198,0.046505494505494495,0.037108531395923086,0.421
702153,L,0,9,0,1,95.3,"Del Castillo, Adrian",L,11,0.0,0.1111111111111111,0.8181818181818182,0.001636363636363636,0.02890614156952156,0.048
702193,L,4,109,6,14,88.79074074074073,"Varsho, Daulton",L,160,0.05504587155963303,0.12844036697247707,0.68125,0.023137500000000005,0.0275796573837796,0.377
702273,L,1,47,2,6,83.35172413793103,"Aranda, Jonathan",L,76,0.0425531914893617,0.1276595744680851,0.618421052631579,0.016552631578947367,0.02742954699613581,0.207
702275,L,8,108,12,21,94.68305084745764,"Vivas, Jorbit",L,186,0.1111111111111111,0.19444444444444445,0.5806451612903226,0.039129032258064515,0.033591906138136354,0.375
702281,L,0,6,0,0,99.85,"Abrams, CJ",L,8,0.0,0.0,0.75,0.0,0.02929319077372206,0.032
702303,L,1,6,1,1,92.875,"Simpson, Chandler",L,13,0.16666666666666666,0.16666666666666666,0.46153846153846156,0.04561538461538461,0.030764654793573175,0.032
702352,L,1,12,2,2,95.14999999999999,"Keys, Sean",L,20,0.16666666666666666,0.16666666666666666,0.6,0.05929999999999999,0.03208402856204324,0.062
702474,L,4,78,4,18,94.08536585365853,"Reynolds, Bryan",L,96,0.05128205128205128,0.23076923076923078,0.8125,0.027333333333333334,0.029381912728342258,0.302
702566,L,2,19,3,6,96.63571428571429,"Baty, Brett",L,27,0.15789473684210525,0.3157894736842105,0.7037037037037037,0.06788888888888889,0.03386141895879996,0.095
702752,L,2,37,2,6,88.77368421052631,"Marsee, Jakob",L,61,0.05405405405405406,0.16216216216216217,0.6065573770491803,0.02062295081967213,0.028624804904332588,0.171
702885,L,2,29,2,6,89.89411764705882,"Cruz, Oneil",L,35,0.06896551724137931,0.20689655172413793,0.8285714285714286,0.03594285714285714,0.031056824598350047,0.139
703615,L,3,58,6,7,95.16538461538462,"Lee, Brooks",L,74,0.10344827586206896,0.1206896551724138,0.7837837837837838,0.04832432432432432,0.034669513843374425,0.244
703725,L,5,48,6,6,96.15833333333335,"Turang, Brice",L,81,0.125,0.125,0.5925925925925926,0.043925925925925924,0.0331446400366524,0.211
800048,L,5,141,6,19,90.43225806451613,"Tucker, Kyle",L,205,0.0425531914893617,0.1347517730496454,0.6878048780487804,0.018497560975609752,0.02509872143761146,0.439
800311,L,6,96,9,18,91.40967741935484,"Isbel, Kyle",L,165,0.09375,0.1875,0.5818181818181818,0.03332727272727272,0.03133315820916842,0.348
800600,L,1,30,2,6,95.86923076923077,"Crow-Armstrong, Pete",L,44,0.06666666666666667,0.2,0.6818181818181818,0.028590909090909087,0.03002981312685512,0.143
801139,L,6,121,5,14,89.27924528301887,"Rice, Ben",L,174,0.04132231404958678,0.11570247933884298,0.6954022988505747,0.01797126436781609,0.025325769011355644,0.402
801403,L,3,59,6,3,96.55172413793103,"Sánchez, Jesús",L,89,0.1016949152542373,0.05084745762711865,0.6629213483146067,0.03937078651685393,0.032516359365718346,0.247
801434,L,0,12,1,1,88.82000000000001,"Harris II, Michael",L,16,0.08333333333333333,0.08333333333333333,0.75,0.0370625,0.03069418481204324,0.062
801725,L,1,9,1,1,92.8,"Rumfield, TJ",L,14,0.1111111111111111,0.1111111111111111,0.6428571428571429,0.04235714285714286,0.03084522629432057,0.048
802408,L,1,21,1,1,90.05,"Mitchell, Garrett",L,37,0.047619047619047616,0.047619047619047616,0.5675675675675675,0.016027027027027026,0.02878159727104413,0.104
804267,L,4,84,8,15,94.96511627906976,"Wood, James",L,110,0.09523809523809523,0.17857142857142858,0.7636363636363637,0.04427272727272727,0.034725161268262854,0.318
804619,L,1,11,1,1,95.43333333333334,"Varsho, Daulton",L,19,0.09090909090909091,0.09090909090909091,0.5789473684210527,0.031210526315789473,0.030323818185266947,0.058
804636,L,1,51,3,8,91.07600000000001,"Hicks, Liam",L,82,0.058823529411764705,0.1568627450980392,0.6219512195121951,0.022792682926829264,0.02861887581463461,0.221
804668,L,0,3,0,1,97.35,"Benge, Carson",L,3,0.0,0.3333333333333333,1.0,0.005999999999999999,0.029871767671651926,0.016
804926,L,2,7,3,1,102.47999999999999,"Greene, Riley",L,12,0.42857142857142855,0.14285714285714285,0.5833333333333334,0.14524999999999996,0.034573708470119265,0.037
805074,L,1,36,4,7,95.59375,"Vargas, Ildemaro",L,50,0.1111111111111111,0.19444444444444445,0.72,0.048519999999999994,0.03331135872181622,0.167
805123,L,7,138,15,25,94.28170731707317,"Schanuel, Nolan",L,214,0.10869565217391304,0.18115942028985507,0.6448598130841121,0.04240654205607476,0.03553659209953025,0.434
805299,L,1,46,1,3,92.11818181818181,"Busch, Michael",L,93,0.021739130434782608,0.06521739130434782,0.4946236559139785,0.006763440860215054,0.025485184794169002,0.204
805326,L,1,49,5,4,91.16333333333334,"Henderson, Gunnar",L,63,0.10204081632653061,0.08163265306122448,0.7777777777777778,0.04677777777777777,0.03380194146298434,0.214
805345,L,0,37,0,8,88.18,"McGonigle, Kevin",L,58,0.0,0.21621621621621623,0.6379310344827587,0.0024827586206896553,0.02553177674137244,0.171
805427,L,1,47,0,2,88.12857142857142,"Mullins, Cedric",L,86,0.0,0.0425531914893617,0.5465116279069767,0.00041860465116279067,0.024089021596990983,0.207
805673,L,14,217,26,35,95.54051724137932,"Marsee, Jakob",L,316,0.11981566820276497,0.16129032258064516,0.6867088607594937,0.04930379746835442,0.04067369656056728,0.547
806188,L,3,82,4,11,87.3742857142857,"Stott, Bryson",L,124,0.04878048780487805,0.13414634146341464,0.6612903225806451,0.020145161290322577,0.027100903472208983,0.313
806960,L,2,20,2,3,95.47777777777777,"Sánchez, Jesús",L,37,0.1,0.15,0.5405405405405406,0.03254054054054054,0.030496721473615568,0.1
807739,L,1,23,2,3,93.35,"Busch, Michael",L,31,0.08695652173913043,0.13043478260869565,0.7419354838709677,0.038838709677419356,0.031240511362034228,0.113
807743,L,3,27,4,3,91.8875,"Kurtz, Nick",L,37,0.14814814814814814,0.1111111111111111,0.7297297297297297,0.0636216216216216,0.03461989018210669,0.13
808825,L,1,25,2,3,89.3875,"Rave, John",L,32,0.08,0.12,0.78125,0.037625,0.03116662675079172,0.122
808963,L,11,195,16,17,92.89166666666667,"Martínez, Angel",L,301,0.08205128205128205,0.08717948717948718,0.6478405315614618,0.03158139534883721,0.03095174820516149,0.52
808967,L,10,254,17,34,93.34545454545454,"Perdomo, Geraldo",L,378,0.06692913385826772,0.13385826771653545,0.671957671957672,0.02747883597883598,0.02863630834685862,0.585
808970,L,2,9,3,2,104.02000000000001,"Bazzana, Travis",L,13,0.3333333333333333,0.2222222222222222,0.6923076923076923,0.13546153846153844,0.03527876894214893,0.048
810938,L,0,8,0,3,91.83333333333333,"Greene, Riley",L,9,0.0,0.375,0.8888888888888888,0.005999999999999999,0.02923688023357608,0.043
811315,L,0,2,0,0,86.30000000000001,"Duran, Jarren",L,7,0.0,0.0,0.2857142857142857,0.0,0.029936997164353312,0.011
813349,L,4,71,6,4,92.04848484848485,"Friedl, TJ",L,111,0.08450704225352113,0.056338028169014086,0.6396396396396397,0.031729729729729726,0.030682646592522365,0.283
814305,L,1,26,2,4,92.68,"Lile, Daylen",L,42,0.07692307692307693,0.15384615384615385,0.6190476190476191,0.029095238095238098,0.03012140618635191,0.126
814490,L,5,64,7,8,93.1939393939394,"Lowe, Josh",L,87,0.109375,0.125,0.735632183908046,0.04791954022988505,0.03489911499436453,0.262
815081,L,0,23,1,4,92.28,"Freeman, Freddie",L,37,0.043478260869565216,0.17391304347826086,0.6216216216216216,0.017486486486486486,0.028821293956164985,0.113
815083,L,3,65,7,13,94.90857142857143,"Olson, Matt",L,110,0.1076923076923077,0.2,0.5909090909090909,0.03871818181818182,0.03251108286569029,0.265
820862,L,3,67,6,14,94.53243243243243,"Murakami, Munetaka",L,110,0.08955223880597014,0.208955223880597,0.6090909090909091,0.03365454545454545,0.031187805786910314,0.271
837227,L,7,116,13,14,94.3625,"Moncada, Yoán",L,204,0.11206896551724138,0.1206896551724138,0.5686274509803921,0.03787745098039215,0.03325107364066821,0.392
